robot_distance_meters,robot_x_meters,robot_y_meters,matched_gui_x_meters,matched_gui_y_meters,deviation_cm,nearest_curve_lower_bound_cm,gui_segment_index
0,4.42627,7.40708,4.431068448860526,7.40695798142392,0.47999999999997456,0,0
0.01,4.43339950124748,7.403808316331477,4.433478035216149,7.406896708645029,0.3089390662677411,0.26609372374573503,0
0.02,4.442301445611534,7.399252508330774,4.4424900007705315,7.406667545589093,0.7417434232283036,0.6452497614926573,1
0.03,4.451203389975589,7.39469670033007,4.451501966324915,7.406438382533158,1.1745477801889548,1.0244057992395799,1
0.04,4.460384735631415,7.391287889467473,4.460764004760393,7.4062028604354255,1.4919792359381467,1.2869197758712216,2
0.05,4.4703846177363,7.391239331374493,4.470758658878501,7.405948708833659,1.4714132390741916,1.2077181580218799,2
0.060000000000000005,4.480384499841185,7.3911907732815125,4.48075331299661,7.405694557231891,1.4508472422101475,1.1285165401725454,3
0.07,4.490384381946071,7.391142215188532,4.490747967114719,7.405440405630124,1.4302812453461038,1.0493149223232034,3
0.08,4.500384264050956,7.391093657095552,4.500742621232826,7.405186254028356,1.4097152484820574,0.9701133044738618,4
0.09,4.510384146155841,7.391045099002572,4.510737275350935,7.404932102426589,1.3891492516180133,0.89091168662452,4
0.09999999999999999,4.520384028260726,7.390996540909591,4.520731929469043,7.404677950824821,1.3685832547539694,0.8117100687751783,4
0.10999999999999999,4.530383910365612,7.390947982816611,4.530726583587151,7.4044237992230535,1.3480172578899228,0.7325084509258439,5
0.11999999999999998,4.5403837924704975,7.3908994247236315,4.5407212377052595,7.404169647621287,1.3274512610258788,0.6533068330763251,5
0.12999999999999998,4.550383674575382,7.390850866630651,4.550715891823367,7.403915496019519,1.3068852641618347,0.5741052152269833,5
0.13999999999999999,4.560383556680268,7.390802308537671,4.560710545941475,7.403661344417752,1.2863192672977883,0.49490359737764156,6
0.15,4.570383438785154,7.3907537504446905,4.570705200059584,7.403407192815985,1.2657532704338332,0.4157019795282997,6
0.16,4.580383320890038,7.39070519235171,4.580699854177691,7.4031530412142175,1.245187273569787,0.33650036167896535,6
0.17,4.590383202994924,7.39065663425873,4.5906945082958,7.40289888961245,1.2246212767057432,0.25729874382962353,6
0.18000000000000002,4.600383085099809,7.3906080761657496,4.600689162413908,7.402644738010683,1.2040552798417876,0.17809712598028174,7
0.19000000000000003,4.6103829672046945,7.390559518072769,4.610683816532017,7.402390586408916,1.1834892829777437,0.09889550813093992,7
0.20000000000000004,4.620382827951652,7.390552506060498,4.620677393523621,7.4021364621971335,1.1587700749142849,0.015554159556686575,7
0.21000000000000005,4.630382654845793,7.390611345564493,4.630669263244353,7.401882381399122,1.1274679292982253,0.05357314144423022,7
0.22000000000000006,4.640382481739933,7.390670185068489,4.640661132965084,7.401628300601111,1.0961657836822547,0.15504750763118513,7
0.23000000000000007,4.650382308634073,7.390729024572484,4.650653002685815,7.4013742198031,1.064863638066284,0.25415459821498965,8
0.24000000000000007,4.660382135528214,7.390787864076479,4.660644872406547,7.401120139005088,1.0335614924502243,0.34405751747225194,8
0.25000000000000006,4.670381967617843,7.390802166663732,4.670637879105875,7.400866029295128,1.0067115860727984,0.4295225446448365,8
0.26000000000000006,4.680381807967752,7.390745660236518,4.680632693481618,7.4006118736182085,0.9869402719218643,0.5079317900571625,8
0.2700000000000001,4.690381648317662,7.390689153809304,4.690627507857362,7.400357717941289,0.9671689577709301,0.5863410354693999,9
0.2800000000000001,4.700381488667571,7.39063264738209,4.700622322233104,7.40010356226437,0.947397643619996,0.6647502808816372,9
0.2900000000000001,4.710381329017482,7.3905761409548765,4.710617136608848,7.3998494065874505,0.9276263294690619,0.7431595262938747,9
0.3000000000000001,4.720381169367391,7.390519634527663,4.7206119509845905,7.399595250910532,0.9078550153182164,0.8215687717061122,9
0.3100000000000001,4.730381009717301,7.390463128100449,4.730606765360335,7.399341095233613,0.8880837011672847,0.8880837011672847,9
0.3200000000000001,4.740380850067211,7.390406621673235,4.7406015797360785,7.399086939556693,0.8683123870163505,0.8683123870163505,9
0.3300000000000001,4.750380690417121,7.3903501152460205,4.750596394111821,7.398832783879774,0.848541072865505,0.848541072865505,10
0.34000000000000014,4.760380530767031,7.390293608818807,4.760591208487565,7.398578628202855,0.828769758714571,0.828769758714571,10
0.35000000000000014,4.77038037111694,7.390237102391593,4.7705860228633075,7.398324472525935,0.8089984445636369,0.8089984445636369,10
0.36000000000000015,4.78038021146685,7.390180595964379,4.780580837239051,7.398070316849015,0.789227130412614,0.789227130412614,10
0.37000000000000016,4.79038005181676,7.390124089537165,4.790575651614795,7.397816161172096,0.7694558162616821,0.7694558162616821,10
0.38000000000000017,4.80037989216667,7.390067583109952,4.800570465990538,7.3975620054951765,0.749684502110748,0.749684502110748,11
0.3900000000000002,4.810379732516579,7.390011076682738,4.810565280366281,7.397307849818257,0.7299131879598137,0.7299131879598137,11
0.4000000000000002,4.820379572866489,7.389954570255523,4.820560094742024,7.397053694141338,0.7101418738089684,0.7101418738089684,11
0.4100000000000002,4.830379392405436,7.389894561235169,4.830554977329277,7.396799536729885,0.6907207586869286,0.6907207586869286,11
0.4200000000000002,4.840379198194379,7.38983223801781,4.84054990498453,7.396545378172409,0.6715310234344163,0.6715310234344163,11
0.4300000000000002,4.8503790039833214,7.389769914800451,4.850544832639784,7.396291219614933,0.6523412881819951,0.6523412881819951,11
0.4400000000000002,4.860378809772265,7.389707591583091,4.860539760295039,7.396037061057457,0.633151552929485,0.633151552929485,11
0.45000000000000023,4.870378615561208,7.389645268365732,4.8705346879502915,7.39578290249998,0.6139618176769726,0.6139618176769726,12
0.46000000000000024,4.880378421350151,7.389582945148372,4.880529615605545,7.395528743942505,0.5947720824246401,0.5947720824246401,12
0.47000000000000025,4.890378227139094,7.389520621931013,4.8905245432608,7.395274585385028,0.5755823471721301,0.5755823471721301,12
0.48000000000000026,4.900377923882196,7.389444943781897,4.900519701320503,7.395020420968654,0.5577279507256361,0.5577279507256361,12
0.49000000000000027,4.910377414069034,7.389343968520832,4.910515295815773,7.394766245454267,0.5424029730647791,0.5424029730647791,12
0.5000000000000002,4.920376904255871,7.389242993259766,4.920510890311042,7.39451206993988,0.5270779954039198,0.5270779954039198,12
0.5100000000000002,4.930376394442708,7.389142017998701,4.930506484806311,7.394257894425493,0.5117530177430627,0.5117530177430627,13
0.5200000000000002,4.940375884629545,7.389041042737635,4.940502079301581,7.394003718911106,0.49642804008220565,0.49642804008220565,13
0.5300000000000002,4.950375374816383,7.38894006747657,4.95049767379685,7.393749543396719,0.4811030624213465,0.4811030624213465,13
0.5400000000000003,4.96037486500322,7.3888390922155045,4.96049326829212,7.393495367882332,0.4657780847604894,0.4657780847604894,13
0.5500000000000003,4.9703743551900565,7.388738116954439,4.970488862787388,7.393241192367945,0.4504531070996301,0.4504531070996301,13
0.5600000000000003,4.980373845376894,7.388637141693374,4.980484457282658,7.392987016853558,0.4351281294387729,0.4351281294387729,13
0.5700000000000003,4.990373335563731,7.388536166432308,4.990480051777927,7.392732841339171,0.4198031517779137,0.4198031517779137,13
0.5800000000000003,5.000372825750568,7.388435191171243,5.000475646273196,7.392478665824784,0.40447817411705655,0.40447817411705655,13
0.5900000000000003,5.010372315937405,7.388334215910178,5.010471240768465,7.392224490310397,0.3891531964561085,0.3891531964561085,14
0.6000000000000003,5.020371806124243,7.388233240649113,5.0204668352637345,7.391970314796011,0.3738282187953403,0.3738282187953403,14
0.6100000000000003,5.030371296311079,7.388132265388047,5.030462429759003,7.391716139281624,0.358503241134481,0.358503241134481,14
0.6200000000000003,5.040370786497917,7.388031290126982,5.0404580242542725,7.391461963767237,0.3431782634736239,0.3431782634736239,14
0.6300000000000003,5.050370276684754,7.387930314865916,5.0504536187495415,7.39120778825285,0.3278532858127646,0.3278532858127646,14
0.6400000000000003,5.060369841614465,7.3878384081799755,5.060449057485835,7.39095361669922,0.3116215536937699,0.3116215536937699,14
0.6500000000000004,5.0703696377192475,7.387774550034224,5.07044401446928,7.390699457395964,0.2925852862963128,0.2925852862963128,14
0.6600000000000004,5.08036943382403,7.387710691888472,5.080438971452726,7.390445298092709,0.2735490188989467,0.2735490188989467,15
0.6700000000000004,5.090369229928813,7.38764683374272,5.0904339284361715,7.390191138789453,0.2545127515014895,0.2545127515014895,15
0.6800000000000004,5.1003690260335945,7.387582975596969,5.100428885419617,7.3899369794861975,0.2354764841040346,0.2354764841040346,15
0.6900000000000004,5.110368822138377,7.387519117451217,5.110423842403063,7.3896828201829425,0.21644021670666844,0.21644021670666844,15
0.7000000000000004,5.12036861824316,7.387455259305465,5.120418799386508,7.389428660879687,0.19740394930921132,0.19740394930921132,15
0.7100000000000004,5.1303684143479416,7.387391401159713,5.130413756369953,7.389174501576431,0.1783676819118452,0.1783676819118452,15
0.7200000000000004,5.140368210452724,7.387327543013961,5.140408713353398,7.388920342273176,0.15933141451447683,0.15933141451447683,15
0.7300000000000004,5.150368006557507,7.387263684868209,5.1504036703368445,7.38866618296992,0.1402951471170219,0.1402951471170219,16
0.7400000000000004,5.1603678026622894,7.3871998267224575,5.160398627320291,7.388412023666665,0.12125887971965578,0.12125887971965578,16
0.7500000000000004,5.170367598767071,7.387135968576706,5.170393584303735,7.388157864363409,0.10222261232219862,0.10222261232219862,16
0.7600000000000005,5.180367394871854,7.387072110430954,5.180388541287181,7.387903705060154,0.0831863449248325,0.0831863449248325,16
0.7700000000000005,5.190367132531156,7.38700415639555,5.190383543948981,7.387649544595354,0.06455968270381009,0.06455968270381009,16
0.7800000000000005,5.20036467934031,7.3867826664437,5.200380258880504,7.38739534058967,0.0612872198106727,0.0612872198106727,16
0.7900000000000005,5.210362226149464,7.386561176491851,5.2103769738120285,7.387141136583985,0.05801475691744876,0.05801475691744876,16
0.8000000000000005,5.220359772958618,7.386339686540001,5.2203736887435515,7.3868869325782995,0.0547422940242226,0.0547422940242226,16
0.8100000000000005,5.230357319767773,7.386118196588152,5.230370403675076,7.386632728572615,0.05146983113108746,0.05146983113108746,17
0.8200000000000005,5.240354866576927,7.385896706636302,5.2403671186066,7.38637852456693,0.048197368237863525,0.048197368237863525,17
0.8300000000000005,5.250352413386081,7.385675216684453,5.250363833538124,7.386124320561245,0.044924905344637334,0.044924905344637334,17
0.8400000000000005,5.260349960195235,7.385453726732603,5.260360548469648,7.38587011655556,0.04165244245141341,0.04165244245141341,17
0.8500000000000005,5.27034750700439,7.3852322367807535,5.270357263401173,7.385615912549875,0.03837997955827827,0.03837997955827827,17
0.8600000000000005,5.2803450538135435,7.385010746828904,5.280353978332696,7.38536170854419,0.03510751666505209,0.03510751666505209,17
0.8700000000000006,5.290342600622698,7.384789256877054,5.29035069326422,7.385107504538505,0.03183505377182816,0.03183505377182816,17
0.8800000000000006,5.300340147431852,7.384567766925205,5.300347408195744,7.3848533005328205,0.028562590878693016,0.028562590878693016,18
0.8900000000000006,5.3103376942410065,7.384346276973355,5.310344123127268,7.384599096527135,0.02529012798546684,0.02529012798546684,18
0.9000000000000006,5.32033524105016,7.384124787021506,5.320340838058792,7.38434489252145,0.022017665092242907,0.022017665092242907,18
0.9100000000000006,5.330332787859315,7.383903297069656,5.330337552990317,7.384090688515766,0.01874520219910777,0.01874520219910777,18
0.9200000000000006,5.340330334668469,7.3836818071178065,5.34033426792184,7.383836484510081,0.015472739305881587,0.015472739305881587,18
0.9300000000000006,5.350327881477623,7.383460317165957,5.3503309828533645,7.383582280504396,0.012200276412746448,0.012200276412746448,18
0.9400000000000006,5.360325428286777,7.3832388272141065,5.3603276977848875,7.383328076498711,0.008927813519609052,0.008927813519609052,18
0.9500000000000006,5.370322975095932,7.383017337262257,5.370324412716412,7.383073872493026,0.005655350626385125,0.005655350626385125,19
0.9600000000000006,5.380320521905086,7.382795847310407,5.380321127647936,7.3828196684873415,0.002382887733249987,0.002382887733249987,19
0.9700000000000006,5.39031806871424,7.382574357358558,5.39031784257946,7.382565464481656,0.000889575159976198,0.000889575159976198,19
0.9800000000000006,5.400315615523394,7.382352867406708,5.400314557510984,7.382311260475971,0.004162038053200126,0.004162038053200126,19
0.9900000000000007,5.410313162332549,7.382131377454859,5.410311272442509,7.382057056470286,0.007434500946424051,0.007434500946424051,19
1.0000000000000007,5.420310709141702,7.381909887503009,5.420307987374032,7.3818028524646015,0.010706963839561448,0.010706963839561448,19
1.0100000000000007,5.430308255950857,7.38168839755116,5.430304702305556,7.381548648458916,0.013979426732785375,0.013979426732785375,19
1.0200000000000007,5.440305802760011,7.38146690759931,5.44030141723708,7.381294444453231,0.017251889626009306,0.017251889626009306,20
1.0300000000000007,5.4503033495691655,7.3812454176474604,5.450298132168604,7.381040240447547,0.020524352519146697,0.020524352519146697,20
1.0400000000000007,5.460300896378319,7.381023927695611,5.460294847100128,7.380786036441862,0.02379681541237063,0.02379681541237063,20
1.0500000000000007,5.470298443187474,7.380802437743761,5.470291562031653,7.380531832436176,0.027069278305594555,0.027069278305594555,20
1.0600000000000007,5.480295989996628,7.380580947791912,5.480288276963176,7.380277628430492,0.030341741198731946,0.030341741198731946,20
1.0700000000000007,5.4902955603808605,7.3804897298115115,5.49028370364886,7.3800234571832934,0.04664233548174125,0.04664233548174125,20
1.0800000000000007,5.5002951631199695,7.380400594745431,5.500279109736822,7.37976928645987,0.06315123613433418,0.06315123613433418,20
1.0900000000000007,5.510294765859078,7.380311459679351,5.510274515824785,7.379515115736446,0.07966013678692711,0.07966013678692711,20
1.1000000000000008,5.520294368598187,7.38022232461327,5.520269921912747,7.379260945013022,0.09616903743943125,0.09616903743943125,21
1.1100000000000008,5.530293971337296,7.38013318954719,5.530265328000709,7.379006774289598,0.11267793809202419,0.11267793809202419,21
1.1200000000000008,5.540293574076405,7.38004405448111,5.5402607340886725,7.378752603566174,0.12918683874461487,0.12918683874461487,21
1.1300000000000008,5.550293176815514,7.379954919415029,5.550256140176635,7.3784984328427505,0.14569573939711902,0.14569573939711902,21
1.1400000000000008,5.560292779554623,7.379865784348949,5.560251546264597,7.378244262119327,0.16220464004971194,0.16220464004971194,21
1.1500000000000008,5.570292382293732,7.379776649282869,5.5702469523525595,7.377990091395903,0.17871354070230483,0.17871354070230483,21
1.1600000000000008,5.580291985032841,7.379687514216788,5.580242358440523,7.37773592067248,0.19522244135471795,0.19522244135471795,21
1.1700000000000008,5.59029158777195,7.379598379150708,5.590237764528485,7.377481749949055,0.21173134200739968,0.21173134200739968,22
1.1800000000000008,5.600291190511059,7.379509244084628,5.600233170616447,7.377227579225631,0.22824024265999263,0.22824024265999263,22
1.1900000000000008,5.610290793250168,7.379420109018547,5.61022857670441,7.376973408502208,0.24474914331249673,0.24474914331249673,22
1.2000000000000008,5.620290395989277,7.379330973952467,5.620223982792372,7.376719237778784,0.26125804396508967,0.26125804396508967,22
1.2100000000000009,5.630289998728386,7.3792418388863865,5.630219388880335,7.37646506705536,0.27776694461768037,0.27776694461768037,22
1.2200000000000009,5.640289601467495,7.3791527038203055,5.640214794968298,7.376210896331936,0.29427584527018447,0.29427584527018447,22
1.2300000000000009,5.650288374787065,7.3790014710850675,5.650210950218655,7.375956706558246,0.30457487728937394,0.30457487728937394,22
1.2400000000000009,5.660286790953865,7.3788234987403865,5.6602074280626,7.375702508581402,0.3121999045641405,0.3121999045641405,23
1.2500000000000009,5.670285207120665,7.3786455263957045,5.670203905906545,7.375448310604559,0.31982493183872945,0.31982493183872945,23
1.260000000000001,5.680283623287465,7.3784675540510225,5.680200383750489,7.3751941126277165,0.32744995911332064,0.32744995911332064,23
1.270000000000001,5.6902820394542655,7.378289581706341,5.690196861594434,7.374939914650874,0.3350749863879984,0.3350749863879984,23
1.280000000000001,5.700280455621066,7.378111609361659,5.700193339438379,7.37468571667403,0.3427000136626761,0.3427000136626761,23
1.290000000000001,5.710278871787865,7.3779336370169775,5.7101898172823224,7.374431518697187,0.3503250409372673,0.3503250409372673,23
1.300000000000001,5.720277287954665,7.377755664672296,5.720186295126267,7.374177320720344,0.3579500682119451,0.3579500682119451,23
1.310000000000001,5.730275704121465,7.377577692327614,5.7301827729702115,7.373923122743501,0.3655750954865363,0.3655750954865363,24
1.320000000000001,5.740274120288265,7.377399719982932,5.7401792508141565,7.373668924766657,0.373200122761214,0.373200122761214,24
1.330000000000001,5.750272536455065,7.3772217476382504,5.7501757286581014,7.3734147267898145,0.380825150035803,0.380825150035803,24
1.340000000000001,5.760270952621865,7.377043775293569,5.7601722065020455,7.373160528812972,0.388450177310483,0.388450177310483,24
1.350000000000001,5.770269368788665,7.376865802948887,5.7701686843459905,7.372906330836128,0.3960752045851607,0.3960752045851607,24
1.360000000000001,5.780267784955465,7.376687830604205,5.780165162189935,7.372652132859285,0.4037002318597518,0.4037002318597518,24
1.370000000000001,5.790266201122265,7.376509858259524,5.79016164003388,7.372397934882442,0.4113252591344296,0.4113252591344296,24
1.380000000000001,5.800260758934037,7.3761980262531,5.800157663700897,7.372143748454752,0.40555883781854274,0.40555883781854274,24
1.390000000000001,5.810252826391845,7.375799795266583,5.810153394221923,7.371889569481399,0.3911489798980835,0.3911489798980835,25
1.400000000000001,5.820244893849653,7.375401564280065,5.82014912474295,7.371635390508047,0.37673912197753345,0.37673912197753345,25
1.410000000000001,5.8302369613074605,7.375003333293549,5.830144855263977,7.371381211534694,0.36232926405707205,0.36232926405707205,25
1.420000000000001,5.840229028765268,7.374605102307032,5.8401405857850035,7.3711270325613425,0.3479194061365219,0.3479194061365219,25
1.430000000000001,5.850221096223075,7.374206871320515,5.8501363163060285,7.37087285358799,0.33350954821606277,0.33350954821606277,25
1.440000000000001,5.860213163680883,7.373808640333999,5.860132046827055,7.370618674614637,0.31909969029560137,0.31909969029560137,25
1.450000000000001,5.870205231138691,7.373410409347482,5.870127777348082,7.370364495641285,0.30468983237514,0.30468983237514,25
1.460000000000001,5.8801972985964985,7.373012178360964,5.880123507869108,7.370110316667932,0.2902799744545921,0.2902799744545921,26
1.470000000000001,5.890189366054306,7.372613947374448,5.890119238390135,7.36985613769458,0.27587011653413074,0.27587011653413074,26
1.480000000000001,5.900181433512113,7.372215716387931,5.9001149689111605,7.369601958721227,0.26146025861366934,0.26146025861366934,26
1.490000000000001,5.910173500969921,7.371817485401414,5.910110699432186,7.369347779747875,0.24705040069321021,0.24705040069321021,26
1.500000000000001,5.920165568427729,7.3714192544148975,5.920106429953213,7.369093600774523,0.23264054277266008,0.23264054277266008,26
1.5100000000000011,5.930157635885537,7.371021023428381,5.93010216047424,7.36883942180117,0.21823068485219868,0.21823068485219868,26
1.5200000000000011,5.940149323066865,7.37061384003884,5.94009773846587,7.36858524670645,0.2029249092466279,0.2029249092466279,26
1.5300000000000011,5.950139168035599,7.370163287599439,5.950092577543608,7.36833109040139,0.1832789471402419,0.1832789471402419,27
1.5400000000000011,5.960129013004334,7.369712735160038,5.960087416621348,7.3680769340963295,0.16363298503385365,0.16363298503385365,27
1.5500000000000012,5.970118857973068,7.369262182720637,5.970082255699086,7.367822777791269,0.1439870229273789,0.1439870229273789,27
1.5600000000000012,5.980108702941803,7.368811630281236,5.980077094776824,7.367568621486209,0.12434106082099285,0.12434106082099285,27
1.5700000000000012,5.990098547910537,7.368361077841835,5.990071933854563,7.367314465181149,0.10469509871451584,0.10469509871451584,27
1.5800000000000012,6.000088392879272,7.367910525402434,6.000066772932302,7.367060308876089,0.08504913660804105,0.08504913660804105,27
1.5900000000000012,6.010078237848006,7.367459972963033,6.01006161201004,7.366806152571028,0.06540317450165281,0.06540317450165281,27
1.6000000000000012,6.02006808281674,7.367009420523632,6.020056451087778,7.366551996265968,0.045757212395266825,0.045757212395266825,27
1.6100000000000012,6.030057927785475,7.366558868084231,6.030051290165517,7.366297839960907,0.026111250288792045,0.026111250288792045,28
1.6200000000000012,6.0400477727542095,7.36610831564483,6.0400461292432555,7.366043683655847,0.006465288182403803,0.006465288182403803,28
1.6300000000000012,6.0500376177229445,7.365657763205429,6.050040968320994,7.3657895273507865,0.013180673923982186,0.013180673923982186,28
1.6400000000000012,6.060027462691679,7.365207210766028,6.060035807398733,7.365535371045726,0.032826636030459225,0.032826636030459225,28
1.6500000000000012,6.070017307660413,7.364756658326627,6.070030646476471,7.3652812147406665,0.052472598136934,0.052472598136934,28
1.6600000000000013,6.080007152629148,7.364306105887225,6.08002548555421,7.365027058435606,0.07211856024341103,0.07211856024341103,28
1.6700000000000013,6.089601558924857,7.3622169173548455,6.089666783040777,7.3647818922527275,0.2565804047869275,0.2565804047869275,28
1.6800000000000013,6.098697382792521,7.358061681119873,6.098862323354452,7.364548061119382,0.6488476777102627,0.6488476777102627,29
1.6900000000000013,6.107793206660185,7.3539064448849,6.108057863668126,7.364314229986036,1.041114950633596,1.041114950633596,29
1.7000000000000013,6.116889030527849,7.349751208649927,6.1172534039818,7.36408039885269,1.4333822235569287,1.4333822235569287,29
1.7100000000000013,6.125984854395513,7.345595972414954,6.126448944295475,7.363846567719344,1.8256494964802639,1.8256494964802639,29
1.7200000000000013,6.1350806782631775,7.341440736179981,6.1356444846091485,7.363612736585998,2.2179167694035966,2.2179167694035966,29
1.7300000000000013,6.144176502130842,7.337285499945009,6.144840024922822,7.363378905452652,2.61018404232693,2.61018404232693,29
1.7400000000000013,6.153272325998506,7.333130263710036,6.154035565236497,7.363145074319307,3.0024513152503545,3.0024513152503545,29
1.7500000000000013,6.16236814986617,7.328975027475063,6.163231105550171,7.362911243185962,3.3947185881736868,3.3947185881736868,29
1.7600000000000013,6.171463973733834,7.32481979124009,6.173874089156895,7.362354921056321,3.7612426492766584,3.7612426492766584,30
1.7700000000000014,6.180559797601498,7.320664555005117,6.183198276623284,7.3617562187704815,4.117628446756885,4.117628446756885,30
1.7800000000000014,6.1896556214691625,7.316509318770144,6.192522464089674,7.361157516484642,4.47401424423711,4.47401424423711,30
1.7900000000000014,6.198751445336827,7.312354082535172,6.201846651556062,7.360558814198803,4.83040004171733,4.83040004171733,30
1.8000000000000014,6.207847269204491,7.308198846300199,6.211170839022452,7.359960111912963,5.186785839197555,5.131195104674663,30
1.8100000000000014,6.216943093072155,7.304043610065226,6.220495026488841,7.359361409627124,5.543171636677781,4.818002947494663,30
1.8200000000000014,6.226038916939819,7.299888373830253,6.22981921395523,7.358762707341285,5.899557434158006,4.515695389754304,30
1.8300000000000014,6.235134740807483,7.29573313759528,6.241862817735559,7.357694824466518,6.232589878276422,4.213387832013936,31
1.8400000000000014,6.2442305646751475,7.2915779013603075,6.2512985825206915,7.356670246948454,6.547495956800294,3.9110802742735777,31
1.8500000000000014,6.253326388542812,7.287422665125335,6.260734347305824,7.355645669430389,6.862402035324079,3.608772716533219,31
1.8600000000000014,6.262422212410476,7.283267428890362,6.270170112090957,7.354621091912326,7.177308113847952,3.3064651587928497,31
1.8700000000000014,6.27151803627814,7.27911219265539,6.27960587687609,7.353596514394261,7.492214192371649,3.0041576010525803,31
1.8800000000000014,6.280613860145804,7.274956956420417,6.289041641661223,7.352571936876197,7.807120270895522,2.7018500433121337,31
1.8900000000000015,6.289709684013468,7.270801720185444,6.302505456083884,7.350977821694239,8.11907570849454,2.4165235939312524,32
1.9000000000000015,6.298805507881133,7.266646483950471,6.3120220429787155,7.349459014038304,8.386055055587127,2.151092071896153,32
1.9100000000000015,6.3079013317487975,7.262491247715499,6.321538629873547,7.347940206382369,8.653034402679726,1.8856605498610526,32
1.9200000000000015,6.316997155616462,7.258336011480526,6.3310552167683785,7.346421398726434,8.920013749772314,1.6202290278258646,32
1.9300000000000015,6.326578946418639,7.256396212279966,6.340700907682024,7.344881986606488,8.960559161173363,1.5812521430044146,32
1.9400000000000015,6.336578890260134,7.25636269859713,6.350457686889999,7.343324845257168,8.806268192381598,1.7371294511192876,32
1.9500000000000015,6.3465788341016305,7.256329184914294,6.365026865410516,7.340739323790466,8.6402554385089,1.8930067592342625,33
1.9600000000000015,6.356578777943126,7.256295671231458,6.374577926230017,7.338651917332224,8.43001815588998,2.048884067349135,33
1.9700000000000015,6.366578721784621,7.256262157548621,6.384128987049516,7.336564510873982,8.21978087327113,2.240453992578461,33
1.9800000000000015,6.376578665626116,7.256228643865785,6.393680047869016,7.334477104415741,8.009543590652193,2.4372858027915942,33
1.9900000000000015,6.3865786094676125,7.256195130182949,6.403231108688517,7.332389697957498,7.799306308033168,2.6341176130047277,33
2.0000000000000013,6.396578553309107,7.256161616500113,6.4127821695080165,7.330302291499256,7.58906902541425,2.830949423217843,33
2.010000000000001,6.406578497150602,7.256128102817277,6.4268089674863385,7.326587951785696,7.330663166902167,3.027781233430977,34
2.020000000000001,6.416578440992097,7.256094589134441,6.43605620786724,7.3239328790747535,7.057915403621894,3.2246130436441103,34
2.0300000000000007,6.426578384833593,7.256061075451605,6.44530344824814,7.32127780636381,6.7851676403415135,3.421444853857226,34
2.0400000000000005,6.436578328675088,7.256027561768769,6.45455068862904,7.318622733652867,6.512419877061217,3.648097381350261,34
2.0500000000000003,6.446578272516583,7.255994048085933,6.463797929009941,7.315967660941923,6.23967211378086,3.889118308515461,34
2.06,6.4565782163580785,7.255960534403097,6.477029491133841,7.311616686110156,5.929470349696456,4.130139235680681,35
2.07,6.466578160199574,7.255927020720261,6.485850669573438,7.30837527723475,5.587709037678404,4.371160162845903,35
2.0799999999999996,6.476578104041069,7.255893507037425,6.494671848013034,7.305133868359343,5.2459477256603515,4.606681150708107,35
2.0899999999999994,6.486578047882564,7.255859993354589,6.503493026452631,7.301892459483937,4.904186413642298,4.255836665416987,35
2.099999999999999,6.496577924725144,7.255810615501647,6.512319281793846,7.298649185062552,4.5639164808186985,3.906478252505421,35
2.109999999999999,6.506577794922873,7.255759664264634,6.524172630037096,7.293810279328984,4.192168328528829,3.5572672259743046,36
2.1199999999999988,6.516577665120604,7.255708713027619,6.5324303911412755,7.289991840525959,3.777091147104966,3.2080561994433023,36
2.1299999999999986,6.526577535318333,7.255657761790605,6.540688152245453,7.286173401722934,3.362013965681067,2.8518056855415903,36
2.1399999999999983,6.536577405516063,7.255606810553591,6.548945913349631,7.28235496291991,2.946936784257286,2.448732691573569,36
2.149999999999998,6.546577275713792,7.255555859316576,6.55720367445381,7.278536524116885,2.5318596028334235,2.0456596976055486,36
2.159999999999998,6.556577145911522,7.255504908079562,6.566396271144706,7.274141213104552,2.106483053170428,1.642586703637528,37
2.1699999999999977,6.566577016109252,7.255453956842548,6.574244332177544,7.270006214561881,1.6448584754348314,1.239513709669426,37
2.1799999999999975,6.576576886306982,7.255403005605533,6.582092393210382,7.265871216019209,1.1832338976992354,0.836440715701405,37
2.1899999999999973,6.586576756504711,7.255352054368519,6.58994045424322,7.261736217476538,0.7216093199636803,0.4333677217333842,37
2.199999999999997,6.596576626702441,7.2553011031315044,6.597788515276058,7.257601218933868,0.2599847422281626,0.030294727765363377,37
2.209999999999997,6.60657649690017,7.25525015189449,6.605636576308895,7.253466220391196,0.2016398355074337,0.2016398355074337,37
2.2199999999999966,6.616576367097901,7.255199200657476,6.613484637341735,7.249331221848525,0.6632644132429885,0.6632644132429885,38
2.2299999999999964,6.62657623729563,7.255148249420462,6.621332698374572,7.245196223305855,1.1248889909785849,1.1248889909785849,38
2.239999999999996,6.63657610749336,7.255097298183448,6.62918075940741,7.241061224763183,1.5865135687141811,1.5865135687141811,38
2.249999999999996,6.646567554803684,7.254779668881539,6.637132205250454,7.236871754671712,2.024152199164281,2.024152199164281,38
2.259999999999996,6.656550708887775,7.254199466732889,6.645185444407232,7.232628651561565,2.438174119844859,2.438174119844859,38
2.2699999999999956,6.666533862971866,7.253619264584238,6.65323868356401,7.228385548451418,2.8521960405252753,2.8521960405252753,39
2.2799999999999954,6.676517017055956,7.253039062435587,6.661291922720788,7.224142445341271,3.266217961205692,3.266217961205692,39
2.289999999999995,6.686500171140048,7.252458860286936,6.669345161877566,7.219899342231124,3.68023988188615,3.68023988188615,39
2.299999999999995,6.696483325224138,7.251878658138286,6.677398401034344,7.215656239120977,4.094261802566686,4.094261802566686,39
2.3099999999999947,6.7064664793082285,7.251298455989635,6.685451640191122,7.2114131360108304,4.508283723247104,4.508283723247104,39
2.3199999999999945,6.716449633392319,7.250718253840984,6.693504879347899,7.207170032900683,4.92230564392764,4.92230564392764,40
2.3299999999999943,6.72643278747641,7.250138051692334,6.7015581185046775,7.202926929790536,5.336327564608177,5.336327564608177,40
2.339999999999994,6.736415941560501,7.249557849543683,6.709611357661456,7.198683826680389,5.750349485288592,5.750349485288592,40
2.349999999999994,6.746399095644591,7.248977647395032,6.717664596818233,7.194440723570242,6.16437140596905,6.16437140596905,40
2.3599999999999937,6.755581053825949,7.245134403874463,6.72643639999523,7.189819022337069,6.252361379143003,6.252361379143003,40
2.3699999999999934,6.76469764067249,7.24102492163585,6.735266832390117,7.185166430450841,6.313749689067118,6.313749689067118,40
2.3799999999999932,6.773814227519031,7.236915439397237,6.744097264785004,7.180513838564612,6.375137998991311,6.375137998991311,41
2.389999999999993,6.782930814365572,7.232805957158623,6.75292769717989,7.175861246678383,6.436526308915504,6.436526308915504,41
2.399999999999993,6.792047401212112,7.22869647492001,6.761758129574776,7.171208654792155,6.497914618839619,6.497914618839619,41
2.4099999999999926,6.8011639880586525,7.224586992681397,6.770588561969663,7.166556062905926,6.559302928763812,6.559302928763812,41
2.4199999999999924,6.810280574905193,7.220477510442784,6.779418994364549,7.161903471019697,6.620691238688048,6.620691238688048,42
2.429999999999992,6.819397161751734,7.216368028204171,6.788249426759435,7.157250879133468,6.682079548612239,6.682079548612239,42
2.439999999999992,6.828513748598275,7.2122585459655575,6.797079859154322,7.152598287247239,6.743467858536434,6.743467858536434,42
2.4499999999999917,6.837630335444816,7.208149063726944,6.805910291549209,7.14794569536101,6.804856168460625,6.804856168460625,42
2.4599999999999915,6.846746922291357,7.204039581488331,6.8147407239440945,7.1432931034747815,6.8662444783847825,6.8662444783847825,42
2.4699999999999913,6.855863509137897,7.199930099249719,6.823571156338981,7.1386405115885525,6.9276327883090545,6.9276327883090545,43
2.479999999999991,6.864980095984437,7.195820617011106,6.832401588733867,7.133987919702324,6.989021098233169,6.989021098233169,43
2.489999999999991,6.874096682830978,7.1917111347724925,6.841232021128754,7.129335327816095,7.050409408157362,7.050409408157362,43
2.4999999999999907,6.883213269677519,7.187601652533879,6.850062453523639,7.124682735929866,7.111797718081597,7.111797718081597,43
2.5099999999999905,6.89232985652406,7.183492170295266,6.858892885918526,7.120030144043637,7.17318602800579,7.17318602800579,43
2.5199999999999902,6.901421941218602,7.1793310490758495,6.867725435928709,7.115376436424984,7.228863636889309,7.228863636889309,44
2.52999999999999,6.910371029524256,7.174868558908062,6.876570344499909,7.110716217308576,7.251213168023933,7.251213168023933,44
2.53999999999999,6.91932011782991,7.1704060687402755,6.885415253071107,7.1060559981921685,7.273562699158558,7.273562699158558,44
2.5499999999999896,6.928269206135565,7.165943578572488,6.894260161642307,7.1013957790757605,7.295912230293182,7.295912230293182,44
2.5599999999999894,6.937218294441219,7.161481088404701,6.903105070213505,7.0967355599593525,7.318261761427807,7.318261761427807,44
2.569999999999989,6.946167382746873,7.157018598236914,6.911949978784705,7.092075340842945,7.340611292562431,7.340611292562431,45
2.579999999999989,6.955116471052527,7.152556108069127,6.920794887355903,7.087415121726537,7.362960823697056,7.362960823697056,45
2.5899999999999888,6.964065559358182,7.148093617901339,6.929639795927103,7.082754902610129,7.38531035483168,7.38531035483168,45
2.5999999999999885,6.973014647663836,7.143631127733553,6.938484704498301,7.078094683493721,7.407659885966425,7.407659885966425,45
2.6099999999999883,6.98196373596949,7.139168637565765,6.9473296130695,7.073434464377314,7.430009417100971,7.430009417100971,45
2.619999999999988,6.990912824275145,7.134706147397978,6.956174521640699,7.068774245260906,7.452358948235596,7.452358948235596,46
2.629999999999988,6.999861912580799,7.13024365723019,6.965019430211898,7.064114026144498,7.4747084793702205,7.4747084793702205,46
2.6399999999999877,7.008811000886453,7.125781167062404,6.973864338783097,7.05945380702809,7.497058010504923,7.497058010504923,46
2.6499999999999875,7.017760089192108,7.121318676894616,6.982709247354297,7.054793587911683,7.5194075416394694,7.5194075416394694,46
2.6599999999999873,7.026709177497762,7.116856186726829,6.9915541559254955,7.050133368795275,7.541757072774096,7.541757072774096,46
2.669999999999987,7.035236793138407,7.111643139675824,7.00037869974404,7.045483879491262,7.478057490591346,7.478057490591346,47
2.679999999999987,7.043705302807676,7.106324836940787,7.009200387675152,7.040835894901639,7.402290657431291,7.402290657431291,47
2.6899999999999866,7.052173812476944,7.10100653420575,7.018022075606264,7.036187910312018,7.32652382427116,7.32652382427116,47
2.6999999999999864,7.0606423221462125,7.095688231470713,7.026843763537375,7.031539925722396,7.250756991111029,7.250756991111029,47
2.709999999999986,7.069110831815481,7.090369928735676,7.035665451468486,7.0268919411327735,7.174990157950975,7.174990157950975,48
2.719999999999986,7.07757934148475,7.085051626000639,7.044487139399599,7.022243956543151,7.099223324790922,7.099223324790922,48
2.7299999999999858,7.086047851154018,7.079733323265602,7.05330882733071,7.017595971953529,7.0234564916307916,7.0234564916307916,48
2.7399999999999856,7.094516360823286,7.074415020530565,7.0621305152618215,7.012947987363907,6.947689658470739,6.947689658470739,48
2.7499999999999853,7.102984870492555,7.069096717795528,7.070952203192934,7.008300002774285,6.871922825310565,6.871922825310565,48
2.759999999999985,7.111453380161823,7.063778415060491,7.079773891124045,7.003652018184663,6.796155992150432,6.796155992150432,49
2.769999999999985,7.119921889831092,7.058460112325454,7.0885955790551565,6.999004033595041,6.720389158990421,6.720389158990421,49
2.7799999999999847,7.12839039950036,7.053141809590417,7.097417266986269,6.994356049005418,6.644622325830328,6.644622325830328,49
2.7899999999999845,7.136858909169629,7.04782350685538,7.10623895491738,6.9897080644157965,6.568855492670196,6.568855492670196,49
2.7999999999999843,7.145327418838897,7.042505204120343,7.1150606428484915,6.985060079826175,6.4930886595100645,6.4930886595100645,49
2.809999999999984,7.153795928508166,7.037186901385306,7.123882330779603,6.980412095236552,6.417321826350053,6.417321826350053,50
2.819999999999984,7.162264438177434,7.031868598650269,7.132704018710714,6.975764110646931,6.341554993189923,6.341554993189923,50
2.8299999999999836,7.170732947846703,7.026550295915232,7.141525706641826,6.971116126057308,6.265788160029868,6.265788160029868,50
2.8399999999999834,7.179201457515971,7.021231993180195,7.150347394572937,6.966468141467686,6.190021326869737,6.190021326869737,50
2.849999999999983,7.187415228667528,7.015543829199337,7.159122224914081,6.961844845277583,6.069658092200354,6.069658092200354,50
2.859999999999983,7.195403228874386,7.009527862718776,7.167855526072875,6.957243430047347,5.9097697327506005,5.9097697327506005,51
2.869999999999983,7.2033912290812445,7.003511896238216,7.17658882723167,6.952642014817111,5.749881373300966,5.749881373300966,51
2.8799999999999826,7.211379229288102,6.997495929757655,7.185322128390464,6.948040599586876,5.589993013851135,5.589993013851135,51
2.8899999999999824,7.219367229494961,6.991479963277094,7.194055429549258,6.94343918435664,5.430104654401423,5.430104654401423,51
2.899999999999982,7.227355229701819,6.9854639967965335,7.202788730708052,6.938837769126404,5.270216294951749,5.270216294951749,51
2.909999999999982,7.235343229908677,6.9794480303159725,7.2115220318668465,6.934236353896168,5.110327935502036,5.110327935502036,52
2.9199999999999817,7.243331230115535,6.973432063835412,7.22025533302564,6.929634938665932,4.950439576052403,4.950439576052403,52
2.9299999999999815,7.251319230322394,6.967416097354851,7.228988634184435,6.925033523435696,4.79055121660265,4.79055121660265,52
2.9399999999999813,7.259307230529251,6.96140013087429,7.237721935343229,6.9204321082054605,4.630662857152817,4.630662857152817,52
2.949999999999981,7.267295230736109,6.95538416439373,7.2464552365020225,6.9158306929752245,4.470774497703184,4.470774497703184,52
2.959999999999981,7.275283230942968,6.949368197913169,7.255188537660818,6.911229277744988,4.310886138253431,4.310886138253431,53
2.9699999999999807,7.2832712311498256,6.943352231432608,7.263921838819612,6.906627862514752,4.150997778803677,4.150997778803677,53
2.9799999999999804,7.291259231356684,6.937336264952048,7.272655139978406,6.902026447284516,3.9911094193540433,3.9911094193540433,53
2.9899999999999802,7.299247231563542,6.931320298471487,7.2813884411372,6.897425032054281,3.831221059904212,3.831221059904212,53
2.99999999999998,7.307235231770401,6.925304331990927,7.2901217422959945,6.892823616824045,3.6713327004545784,3.6713327004545784,53
3.00999999999998,7.315272446645526,6.919354501704676,7.298866290074241,6.8882162759575465,3.5195895728347715,3.5195895728347715,54
3.0199999999999796,7.32332918940439,6.913430913592942,7.307615300397595,6.883606583858376,3.371078391010754,3.371078391010754,54
3.0299999999999794,7.331385932163255,6.907507325481207,7.31636431072095,6.878996891759205,3.2225672091867748,3.2225672091867748,54
3.039999999999979,7.339442674922119,6.901583737369473,7.325113321044304,6.874387199660035,3.0740560273627575,3.0740560273627575,54
3.049999999999979,7.347499417680984,6.895660149257738,7.333862331367659,6.869777507560864,2.925544845538778,2.925544845538778,54
3.0599999999999787,7.355556160439848,6.8897365611460035,7.342611341691013,6.865167815461692,2.7770336637148394,2.7770336637148394,55
3.0699999999999785,7.363612903198712,6.88381297303427,7.351360352014367,6.860558123362522,2.628522481890901,2.628522481890901,55
3.0799999999999783,7.371669645957577,6.877889384922535,7.360109362337722,6.855948431263351,2.4800113000669213,2.4800113000669213,55
3.089999999999978,7.379726388716441,6.871965796810801,7.368858372661076,6.85133873916418,2.3315001182429835,2.3315001182429835,55
3.099999999999978,7.387783131475306,6.866042208699066,7.377607382984431,6.846729047065009,2.1829889364190036,2.1829889364190036,55
3.1099999999999777,7.395922587170523,6.860235783338116,7.386372816269975,6.842110702010103,2.048698849025944,2.048698849025944,56
3.1199999999999775,7.404201524844123,6.8546269339911765,7.395165944222861,6.837477765146008,1.938390335416052,1.938390335416052,56
3.1299999999999772,7.412480462517722,6.849018084644238,7.403959072175747,6.832844828281913,1.8280818218061612,1.8280818218061612,56
3.139999999999977,7.420759400191321,6.843409235297299,7.412752200128632,6.828211891417818,1.7177733081961915,1.7177733081961915,56
3.149999999999977,7.42903833786492,6.83780038595036,7.420554643730194,6.824100927857936,1.6113603513729802,1.6113603513729802,56
3.1599999999999766,7.437317275538519,6.832191536603421,7.428582255648633,6.818846456037458,1.594966293652453,1.5222348999448991,57
3.1699999999999764,7.445596213212118,6.826582687256482,7.436948198218898,6.813370529954607,1.5790796809928336,1.4113365726278244,57
3.179999999999976,7.453875150885717,6.820973837909543,7.445314140789163,6.807894603871756,1.563193068333214,1.3004382453106713,57
3.189999999999976,7.462154088559316,6.815364988562604,7.453680083359427,6.802418677788905,1.547306455673643,1.189539917993518,57
3.1999999999999758,7.470433026232915,6.809756139215665,7.460672632128716,6.797684529063033,1.5523822491461785,1.0786415906763234,58
3.2099999999999755,7.478711963906514,6.804147289868726,7.468421088491849,6.791419582892048,1.6367548432320165,0.9999838878242039,58
3.2199999999999753,7.486990901580113,6.798538440521787,7.476169544854981,6.785154636721062,1.721127437317924,0.9442852231937937,58
3.229999999999975,7.495269839253712,6.792929591174848,7.483918001218115,6.778889690550076,1.8055000314037755,0.888586558563414,58
3.239999999999975,7.503548776927311,6.787320741827909,7.491666457581247,6.77262474437909,1.8898726254896827,0.832887893932958,58
3.2499999999999747,7.511816328583683,6.781695225990728,7.497533059527532,6.767395861019133,2.0210977549868865,0.7751743666174005,59
3.2599999999999745,7.520051428778106,6.776022208734644,7.50449175393517,6.760444999585687,2.201710530674383,0.711718248327254,59
3.2699999999999743,7.528286528972528,6.7703491914785605,7.511450448342807,6.753494138152242,2.3823233063618168,0.6482621300371836,59
3.279999999999974,7.53652162916695,6.764676174222477,7.5184091427504445,6.746543276718797,2.5629360820493763,0.5848060117471131,59
3.289999999999974,7.544756729361372,6.759003156966393,7.5253678371580826,6.739592415285352,2.743548857736747,0.5562186489058505,59
3.2999999999999736,7.552991829555794,6.753330139710309,7.529661285775145,6.734537032421171,2.9958223490084595,0.5500397047193111,60
3.3099999999999734,7.561226929750216,6.747657122454225,7.535673389230933,6.727073357535958,3.2812723313999848,0.5438607605326985,60
3.319999999999973,7.5694620299446385,6.741984105198141,7.541685492686721,6.719609682650745,3.5667223137916357,0.5376818163461355,60
3.329999999999973,7.577697130139061,6.736311087942058,7.547697596142508,6.712146007765532,3.8521722961833547,0.5315028721596462,60
3.3399999999999728,7.585932230333483,6.730638070685973,7.553709699598296,6.704682332880319,4.13762227857488,0.5253239279730335,60
3.3499999999999726,7.594167330527905,6.72496505342989,7.556318053548646,6.700749921113087,4.493262067777675,0.5191449837865441,61
3.3599999999999723,7.602402430722327,6.7192920361738055,7.561285164484613,6.692986116433329,4.881220130515939,0.5129660395999315,61
3.369999999999972,7.610637530916749,6.713619018917722,7.56625227542058,6.685222311753572,5.269178193254353,0.555936393289923,61
3.379999999999972,7.618872631111171,6.707946001661639,7.571219386356548,6.6774585070738155,5.657136255992571,0.6088981061118629,61
3.3899999999999717,7.6271077313055935,6.702272984405554,7.5761864972925155,6.669694702394057,6.045094318730908,0.6618598189336782,61
3.3999999999999715,7.635342831500015,6.696599967149471,7.577911734958099,6.666998082883355,6.461116313851188,0.7148215317554936,61
3.4099999999999713,7.643577931694438,6.690926949893386,7.581377573234769,6.66002250444888,6.945480070336239,0.767783244577363,62
3.419999999999971,7.651813031888859,6.685253932637303,7.5852686169890955,6.652191128968095,7.4305505454309975,0.8207449573991785,62
3.429999999999971,7.660048132083282,6.679580915381219,7.589159660743421,6.6443597534873104,7.915621020525913,0.8737066702211185,62
3.4399999999999706,7.6682832322777035,6.673907898125135,7.593050704497748,6.636528378006525,8.40069149562067,0.9380758910944972,62
3.4499999999999704,7.675546219571346,6.667063716677703,7.597215970715526,6.628145084014373,8.746592396012192,0.8995778764120754,62
3.45999999999997,7.682638757365893,6.660014184236972,7.59770979773323,6.627151174656789,9.106539179597151,0.8344003060601392,62
3.46999999999997,7.68973129516044,6.652964651796242,7.600449615934092,6.6197798593195145,9.524940260809993,0.7692227357083282,63
3.47999999999997,7.696823832954988,6.645915119355511,7.603612690419813,6.6112697985197935,9.944151722757699,0.7040451653565173,63
3.4899999999999696,7.7039163707495355,6.638865586914781,7.6067757649055325,6.602759737720072,10.363363184705516,0.6388675950047064,63
3.4999999999999694,7.711008908544083,6.631816054474051,7.609938839391252,6.594249676920352,10.782574646653305,0.5736900246529538,63
3.509999999999969,7.718101446338631,6.62476652203332,7.613101913876972,6.585739616120631,11.201786108601095,0.5085124543010846,63
3.519999999999969,7.7251939841331785,6.61771698959259,7.613504875540512,6.584655472110692,11.647970173566865,0.485981711281639,63
3.5299999999999687,7.732286521927726,6.610667457151859,7.6147097618306,6.580031306727291,12.15025441205819,0.4833314258102478,64
3.5399999999999685,7.73801218824604,6.60250325807364,7.617065822672876,6.570989113221006,12.498465774306224,0.3053142337468751,64
3.5499999999999683,7.743490652806769,6.594137469045889,7.619455354649543,6.561818462728978,12.817672705395665,0.0955815451749444,64
3.559999999999968,7.748969117367498,6.585771680018138,7.621844886626209,6.55264781223695,13.136879636485219,0.11415114339686074,64
3.569999999999968,7.7544475819282255,6.577405890990387,7.624234418602875,6.5434771617449226,13.45608656757466,0.32388383196879145,64
3.5799999999999677,7.759926046488954,6.569040101962636,7.6252483032868685,6.539586030692098,13.786093293031515,0.5336165205407222,64
3.5899999999999674,7.765404511049682,6.560674312934885,7.625472847485034,6.538188657873415,14.17267622981386,0.7275444264500878,65
3.5999999999999672,7.7708829756104105,6.552308523907134,7.626921210965072,6.529175270864944,14.58085631096943,0.8742045522638292,65
3.609999999999967,7.776361440171138,6.543942734879383,7.62836957444511,6.520161883856473,14.989036392124913,1.0208646780775041,65
3.619999999999967,7.781839904731867,6.5355769458516315,7.629817937925149,6.511148496848002,15.397216473280395,1.1675248038912458,65
3.6299999999999666,7.787318369292596,6.52721115682388,7.631266301405187,6.502135109839531,15.805396554435964,1.3141849297049208,65
3.6399999999999664,7.792796833853323,6.518845367796129,7.632714664885225,6.49312172283106,16.213576635591444,1.4608450555187216,65
3.649999999999966,7.798275298414052,6.510479578768378,7.633779374944866,6.486044214833561,16.63009195663309,1.6075051813323966,66
3.659999999999966,7.80375376297478,6.502113789740627,7.635113536179464,6.4770628022821715,17.04906978876538,1.7504287608558229,66
3.6699999999999657,7.8089256858849305,6.493605524112665,7.636461786770623,6.467986541881381,17.435632695224168,1.8649461616662575,66
3.6799999999999655,7.811788823944541,6.484024165104069,7.637916154403038,6.458195914354982,17.578055566599666,2.2275660577111003,66
3.6899999999999653,7.8146519620041515,6.474442806095473,7.639370522035453,6.448405286828582,17.72047843797516,2.5901859537559266,66
3.699999999999965,7.817515100063762,6.464861447086877,7.640824889667868,6.438614659302182,17.862901309350672,2.9528058498006984,67
3.709999999999965,7.820378238123372,6.455280088078281,7.642279257300283,6.4288240317757825,18.005324180726166,3.315425745845525,67
3.7199999999999647,7.823241376182983,6.445698729069685,7.643733624932698,6.419033404249383,18.14774705210166,3.678045641890297,67
3.7299999999999645,7.826104514242593,6.436117370061089,7.645187992565113,6.409242776722984,18.29016992347716,4.040665537935124,67
3.7399999999999642,7.828967652302204,6.426536011052493,7.646642360197528,6.399452149196584,18.432592794852653,4.3574247916812565,67
3.749999999999964,7.831830790361814,6.416954652043897,7.648096727829943,6.389661521670185,18.57501566622815,4.657020018983891,68
3.759999999999964,7.834693928421425,6.4073732930353,7.649551095462358,6.379870894143784,18.717438537603645,4.9566152462865265,68
3.7699999999999636,7.837557066481036,6.397791934026704,7.651005463094773,6.370080266617384,18.85986140897924,5.256210473589038,68
3.7799999999999634,7.840420204540647,6.388210575018108,7.652459830727188,6.360289639090984,19.002284280354736,5.555805700891673,68
3.789999999999963,7.843283342600257,6.378629216009512,7.653914198359603,6.350499011564585,19.144707151730238,5.8554009281943085,68
3.799999999999963,7.8461464806598675,6.369047857000916,7.655368565992018,6.3407083840381855,19.28713002310573,6.154996155496943,69
3.8099999999999627,7.849009618719478,6.35946649799232,7.656822933624433,6.330917756511786,19.429552894481226,6.404344810208036,69
3.8199999999999625,7.8518727567790885,6.349885138983724,7.658277301256849,6.3211271289853865,19.571975765856635,6.638453547771099,69
3.8299999999999623,7.854735894838699,6.340303779975128,7.659731668889264,6.311336501458986,19.71439863723214,6.872562285334208,69
3.839999999999962,7.857599032898309,6.330722420966532,7.661186036521679,6.301545873932587,19.856821508607638,7.10667102289727,69
3.849999999999962,7.860381721521091,6.321124548824763,7.662641067284011,6.291750782295545,19.99104411936041,7.348564520386981,70
3.8599999999999617,7.861524427815845,6.311190052243459,7.6641096161191715,6.281864688622304,19.95810232180056,7.749152338320878,70
3.8699999999999615,7.862667134110599,6.301255555662157,7.665578164954332,6.271978594949064,19.9251605242407,8.146027608730753,70
3.8799999999999613,7.863809840405353,6.291321059080853,7.667046713789493,6.262092501275823,19.892218726680763,8.482489263616065,70
3.889999999999961,7.864952546700107,6.2813865624995495,7.668515262624654,6.252206407602578,19.859276929120966,8.818950918501255,71
3.899999999999961,7.86609525299486,6.271452065918247,7.669983811459815,6.242320313929337,19.826335131560942,9.155412573386606,71
3.9099999999999606,7.867237959289614,6.261517569336943,7.671452360294976,6.232434220256096,19.793393334001095,9.491874228271874,71
3.9199999999999604,7.868380665584368,6.25158307275564,7.672920909130136,6.222548126582854,19.76045153644125,9.828335883157106,71
3.92999999999996,7.868561196207199,6.24166226264237,7.674366695610241,6.212815266339047,19.632537599053652,10.250507735098724,71
3.93999999999996,7.867136382918,6.231764287743891,7.675774504193816,6.203338068715116,19.34616720622488,10.793375347662169,72
3.9499999999999598,7.865711569628801,6.221866312845412,7.677182312777392,6.19386087109118,19.059796813396087,11.299531400302719,72
3.9599999999999596,7.864286756339602,6.211968337946933,7.678590121360966,6.184383673467246,18.773426420567368,11.805687452943303,72
3.9699999999999593,7.862861943050404,6.202070363048455,7.679997929944541,6.174906475843311,18.487056027738664,12.311843505583857,72
3.979999999999959,7.861437129761204,6.1921723881499755,7.681405738528117,6.165429278219376,18.200685634909767,12.817999558224525,72
3.989999999999959,7.860012316472005,6.182274413251497,7.682813547111692,6.155952080595438,17.91431524208101,13.324155610864993,73
3.9999999999999587,7.8585875031828065,6.172376438353018,7.684221355695268,6.1464748829715035,17.627944849252206,13.830311663505546,73
4.009999999999959,7.857162689893608,6.162478463454539,7.685629164278843,6.136997685347568,17.3415744564235,14.302024726711956,73
4.019999999999959,7.855737876604409,6.15258048855606,7.687036972862418,6.127520487723634,17.05520406359469,14.745948600020547,73
4.0299999999999585,7.85431306331521,6.142682513657581,7.688444781445994,6.118043290099698,16.768833670765897,15.189872473329222,73
4.039999999999958,7.852888250026011,6.132784538759102,7.6898525900295684,6.108566092475766,16.482463277937047,15.633796346637926,74
4.049999999999958,7.851463436736812,6.122886563860623,7.691260398613143,6.099088894851832,16.196092885108328,16.077720219946517,74
4.059999999999958,7.850038623447613,6.1129885889621445,7.692668207196719,6.089611697227896,15.909722492279535,15.909722492279535,74
4.069999999999958,7.848613810158414,6.103090614063666,7.694076015780293,6.080134499603962,15.623352099450816,15.623352099450816,74
4.079999999999957,7.847188996869216,6.093192639165187,7.695483824363868,6.070657301980027,15.336981706622094,15.336981706622094,74
4.089999999999957,7.844386155793489,6.08360371897478,7.696816963664532,6.061682768964651,14.918845302147082,14.918845302147082,74
4.099999999999957,7.8414474161579975,6.074045277189908,7.697432441236482,6.056697748739009,14.50560227808534,14.50560227808534,75
4.109999999999957,7.8385086765225065,6.064486835405036,7.698525319163957,6.047624941176654,14.099526167336485,14.099526167336485,75
4.119999999999957,7.835569936887015,6.054928393620164,7.69961819709143,6.0385521336142975,13.693450056587642,13.693450056587642,75
4.129999999999956,7.832631197251524,6.045369951835292,7.700711075018905,6.029479326051942,13.287373945838787,13.287373945838787,75
4.139999999999956,7.829692457616032,6.03581151005042,7.7018039529463795,6.020406518489586,12.881297835089855,12.881297835089855,75
4.149999999999956,7.82675371798054,6.026253068265548,7.702325194835705,6.015453779286039,12.489628503069131,12.489628503069131,76
4.159999999999956,7.823814978345049,6.0166946264806755,7.7031266091154995,6.00621994959121,12.114207082276074,12.114207082276074,76
4.1699999999999555,7.820876238709557,6.007136184695804,7.703928023395294,5.9969861198963805,11.738785661482936,11.738785661482936,76
4.179999999999955,7.817937499074065,5.997577742910932,7.7047294376750886,5.987752290201552,11.36336424068979,11.36336424068979,76
4.189999999999955,7.814998759438574,5.98801930112606,7.705518112416022,5.9786652444301,10.987952697908723,10.987952697908723,76
4.199999999999955,7.8120600198030825,5.978460859341188,7.705745937656399,5.973640504309778,10.642330517946055,10.642330517946055,77
4.209999999999955,7.8091212801675916,5.968902417556316,7.70617240598477,5.964234643413654,10.305463992929848,10.305463992929848,77
4.2199999999999545,7.8061825405321,5.959343975771444,7.706598874313141,5.95482878251753,9.968597467913549,9.968597467913549,77
4.229999999999954,7.803243800896608,5.949785533986572,7.707025342641511,5.945422921621406,9.631730942897253,9.631730942897253,77
4.239999999999954,7.79998628861566,5.940354668570351,7.707063687978809,5.941043735262233,9.29251554855927,9.29251554855927,78
4.249999999999954,7.795519055431193,5.931407946954274,7.706997101657418,5.932064380689746,8.85243876294853,8.85243876294853,78
4.259999999999954,7.791051822246724,5.922461225338196,7.706930515336027,5.923085026117258,8.412361977337701,8.412361977337701,78
4.269999999999953,7.786584589062257,5.913514503722119,7.706863929014635,5.914105671544771,7.97228519172705,7.97228519172705,78
4.279999999999953,7.782117355877789,5.904567782106041,7.706589267426996,5.910417999521297,7.575432125520316,7.575432125520316,79
4.289999999999953,7.777650122693322,5.895621060489964,7.705873767533516,5.901180677998794,7.199135022258584,7.199135022258584,79
4.299999999999953,7.7731828895088535,5.886674338873887,7.705158267640036,5.891943356476291,6.822837918996755,6.822837918996755,79
4.3099999999999525,7.768715656324386,5.8777276172578095,7.704874607330532,5.888281215494934,6.470748003427694,6.470748003427694,79
4.319999999999952,7.764161076794186,5.8688382063860045,7.703336424203482,5.879533464748591,6.175780852833306,6.175780852833306,80
4.329999999999952,7.75773230684743,5.8611785120728035,7.7018371480008705,5.871006980294472,5.675268777834633,5.675268777834633,80
4.339999999999952,7.751303536900674,5.8535188177596025,7.7011479708957085,5.86708758381298,5.195856246558176,5.195856246558176,80
4.349999999999952,7.744874766953918,5.8458591234464015,7.699089267719571,5.860763240538344,4.8150229972750775,4.503934873251554,81
4.3599999999999515,7.738445997007163,5.8381994291332,7.696218827149977,5.851945237184599,4.440811990090913,3.5325965330164384,81
4.369999999999951,7.732017227060408,5.8305397348199985,7.695708661804661,5.850378007479995,4.137473834434755,2.5612581927814997,81
4.379999999999951,7.725588457113652,5.8228800405067975,7.691327128243707,5.842867403961642,3.9665266339841994,1.5899198525465088,82
4.389999999999951,7.719159687166896,5.8152203461935965,7.688582173198175,5.838162140670632,3.8227088488843464,0.6185815123113938,82
4.399999999999951,7.712228981065084,5.808186679476083,7.687079574746032,5.836843448424652,3.8127457885000307,0.356228194883591,83
4.40999999999995,7.703354890058389,5.803576852060127,7.679793808498116,5.830449402534715,3.5738753941612273,1.3444782611387054,83
4.41999999999995,7.694480799051695,5.798967024644172,7.679793808498116,5.830449402534715,3.4739715156630617,2.332728327393748,83
4.42999999999995,7.6856067080449995,5.794357197228217,7.674980379474051,5.828971725956653,3.6208900259321775,3.320978393648863,84
4.43999999999995,7.676732617038305,5.789747369812261,7.66936879934953,5.8272490246403015,3.8217795930626455,3.8217795930626455,84
4.4499999999999496,7.66785852603161,5.785137542396306,7.66936879934953,5.8272490246403015,4.213855553149803,4.213855553149803,84
4.459999999999949,7.658984435024915,5.780527714980351,7.664174968890254,5.827819081186609,4.757536084426154,4.757536084426154,85
4.469999999999949,7.650110344018221,5.775917887564395,7.657332422520046,5.828570094986989,5.314521017324495,5.314521017324495,85
4.479999999999949,7.640849169374165,5.772931483740789,7.657332422520046,5.828570094986989,5.802889535116982,5.802889535116982,85
4.489999999999949,7.630849771057024,5.773041180117876,7.6551120824101595,5.829523849190542,6.14731783607188,6.14731783607188,86
4.4999999999999485,7.620850372739882,5.773150876494965,7.646630542993705,5.833167121604088,6.531896244823897,6.531896244823897,86
4.509999999999948,7.610850974422741,5.7732605728720525,7.643710118067336,5.834421599482176,6.942906089715124,6.942906089715124,86
4.519999999999948,7.600851576105599,5.77337026924914,7.642977895780635,5.834922730219057,7.458774873138655,7.458774873138655,87
4.529999999999948,7.5908521777884586,5.773479965626228,7.636117040902751,5.839618278719889,8.014477083148181,8.014477083148181,87
4.539999999999948,7.580852779471317,5.7735896620033165,7.629256186024866,5.844313827220721,8.570179293157707,8.570179293157707,87
4.549999999999947,7.570853381154175,5.773699358380404,7.62852761115879,5.844812461673866,9.156085553691518,9.156085553691518,87
4.559999999999947,7.560853982837035,5.773809054757492,7.626181448697377,5.846909159731354,9.803725385241972,9.803725385241972,88
4.569999999999947,7.552095252558819,5.7783197596249805,7.619070654940938,5.853263872033474,10.05103204101134,10.05103204101134,88
4.579999999999947,7.543510871318452,5.783448930973263,7.61181104010289,5.8597515814651,10.240609126444667,10.240609126444667,88
4.589999999999947,7.534926490078086,5.788578102321546,7.611465069917807,5.860121706328124,10.476946825354865,10.476946825354865,89
4.599999999999946,7.526342108837721,5.7937072736698285,7.604903354487172,5.8671415425153945,10.75381846549231,10.75381846549231,89
4.609999999999946,7.517757727597354,5.798836445018112,7.598341639056538,5.874161378702666,11.030690105629823,11.030690105629823,89
4.619999999999946,7.509173346356988,5.803965616366394,7.593587093443303,5.879247873492426,11.310658219194135,11.310658219194135,89
4.629999999999946,7.506001084764891,5.8096548648900415,7.593587093443303,5.879247873492426,11.186820711241676,11.185608742390087,89
4.6399999999999455,7.513353205147725,5.816433236809337,7.593587093443303,5.879247873492426,10.189776941943219,10.187329745022542,89
4.649999999999945,7.52070532553056,5.823211608728633,7.593587093443303,5.879247873492426,9.19337536640641,9.18905074765499,89
4.659999999999945,7.5280574459133955,5.829989980647929,7.593587093443303,5.879247873492426,8.197850152859509,8.190771750287444,89
4.669999999999945,7.53540956629623,5.836768352567225,7.593587093443303,5.879247873492426,7.203564647438812,7.192492752919895,89
4.679999999999945,7.542761686679065,5.843546724486521,7.593587093443303,5.879247873492426,6.211114242301516,6.194213755552347,89
4.689999999999944,7.5513765933801436,5.848471703770777,7.593587093443303,5.879247873492426,5.223886425179798,5.215655989107137,89
4.699999999999944,7.560375119672042,5.852833644230482,7.593587093443303,5.879247873492426,4.243520601205473,4.243089300033893,89
4.709999999999944,7.56937364596394,5.857195584690187,7.593587093443303,5.879247873492426,3.2750488244501983,3.2750488244501983,89
4.719999999999944,7.578372172255838,5.861557525149892,7.595317334890058,5.877396831390854,2.3195304673470742,2.3195304673470742,89
4.729999999999944,7.587370698547736,5.865919465609597,7.597337399843797,5.875235731109563,1.3642871310349476,1.3642871310349476,89
4.739999999999943,7.596369224839634,5.870281406069302,7.599357464797536,5.873074630828272,0.4090437947228213,0.4090437947228213,89
4.749999999999943,7.605373963118766,5.874627999691722,7.6013880824228774,5.8709022411171405,0.5456053690894518,0.5456053690894518,89
4.759999999999943,7.614873015033753,5.877753381702993,7.604258419975533,5.867831504564356,1.4529737582082762,1.4529737582082762,89
4.769999999999943,7.62437206694874,5.880878763714264,7.607128757528189,5.864760768011572,2.360342147327101,2.360342147327101,89
4.7799999999999425,7.633871118863727,5.884004145725535,7.609999095080846,5.861690031458788,3.2677105364457995,2.193618539801973,89
4.789999999999942,7.643370170778714,5.887129527736806,7.615754137520415,5.856227748468972,4.144351885206419,1.2427247874156604,88
4.799999999999942,7.652869222693701,5.890254909748077,7.6194824858378025,5.85289583058039,5.0103642523697784,0.29183103502936675,88
4.809999999999942,7.662368274608688,5.893380291759349,7.62321083415519,5.849563912691809,5.876376619533137,0.6590627173569985,88
4.819999999999942,7.6718673265236745,5.89650567377062,7.626939182472576,5.846231994803229,6.742388986696489,1.6099564697432924,88
4.8299999999999415,7.681366378438661,5.899631055781891,7.62852761115879,5.844812461673866,7.613812177639252,2.431452878006329,88
4.839999999999941,7.690865430353649,5.902756437793163,7.62852761115879,5.844812461673866,8.51088013690976,1.5085206183312292,88
4.849999999999941,7.700364482268636,5.905881819804434,7.62852761115879,5.844812461673866,9.428681007082664,0.5855883586561292,88
4.859999999999941,7.709863534183623,5.909007201815705,7.62852761115879,5.844812461673866,10.361706923176197,0.3373439010188822,88
4.869999999999941,7.718289079314693,5.914249941511146,7.62852761115879,5.844812461673866,11.348429306144434,1.1423766378140092,88
4.87999999999994,7.726424348596178,5.920065213965445,7.62852761115879,5.844812461673866,12.347772239696733,1.951569007775475,88
4.88999999999994,7.734559617877663,5.925880486419743,7.62852761115879,5.844812461673866,13.347213598736285,2.760761377736851,88
4.89999999999994,7.742694887159148,5.931695758874042,7.62852761115879,5.844812461673866,14.346732813332785,3.5699537476983156,88
4.90999999999994,7.750830156440633,5.937511031328341,7.62852761115879,5.844812461673866,15.346314671087155,4.379146117659603,88
4.9199999999999395,7.758965425722118,5.943326303782639,7.62852761115879,5.844812461673866,16.34594767980407,5.188338487621069,88
4.929999999999939,7.767100695003602,5.949141576236938,7.62852761115879,5.844812461673866,17.345622995953725,6.0182129945129015,88
4.939999999999939,7.775235964285088,5.9549568486912365,7.62852761115879,5.844812461673866,18.345333703277948,6.857244786473796,88
4.949999999999939,7.783371233566572,5.960772121145535,7.62852761115879,5.844812461673866,19.345074314964272,7.696276578434695,88
4.959999999999939,7.7915065028480575,5.966587393599834,7.62852761115879,5.844812461673866,20.344840422533657,8.535308370395683,88
4.9699999999999385,7.79789277613333,5.973327091025465,7.62852761115879,5.844812461673866,21.260425457697643,9.203807169467744,88
4.979999999999938,7.798115298314208,5.983324614912859,7.62852761115879,5.844812461673866,21.896483788413615,9.271433853271493,88
4.989999999999938,7.798337820495086,5.993322138800253,7.62852761115879,5.844812461673866,22.558951969233913,9.373940329755301,88
4.999999999999938,7.798560342675964,6.003319662687646,7.62852761115879,5.844812461673866,23.245572172010355,9.482553853239848,88
5.009999999999938,7.794348116391862,6.010701043672292,7.62852761115879,5.844812461673866,23.455374990223316,9.126732677892274,88
5.019999999999937,7.7854901757764035,6.0153418289563785,7.61181104010289,5.8597515814651,23.317968882965737,8.284383133826218,89
5.029999999999937,7.776632235160944,6.019982614240466,7.608734940180694,5.863042446144888,22.982540769800313,7.442033589760154,89
5.039999999999937,7.767774294545486,6.024623399524553,7.6022893000198835,5.86993810300921,22.652334177999887,6.600829409172627,89
5.049999999999937,7.758916353930027,6.029264184808641,7.586413983994566,5.888007670412243,22.29584501488343,5.776181818044355,90
5.0599999999999365,7.750058413314568,6.033904970092728,7.580583653738884,5.8951276661937415,21.904527890531497,4.9522450259490975,90
5.069999999999936,7.741200472699109,6.038545755376815,7.568323976699307,5.910835562872392,21.493295731154554,4.128308233854017,91
5.079999999999936,7.73234253208365,6.043186540660902,7.562978691341364,5.918071275110225,21.056576223307296,3.3043714417588466,91
5.089999999999936,7.723484591468192,6.04782732594499,7.557633405983421,5.9253069873480575,20.619856715460163,2.4804346496637657,91
5.099999999999936,7.714626650852733,6.052468111229077,7.547986438315025,5.938904856481977,20.165706846864325,1.6564978575685958,92
5.1099999999999355,7.7052321484020405,6.055875985832934,7.543421186598897,5.945603806049404,19.581302559806772,0.7645453495753773,92
5.119999999999935,7.695799149796917,6.059195404052402,7.538884890499276,5.952260266784509,18.98873570131267,0.13228701257637265,92
5.129999999999935,7.686366151191794,6.06251482227187,7.534348594399654,5.958916727519615,18.39616884281851,1.0215124051997715,92
5.139999999999935,7.67693315258667,6.0658342404913395,7.529812298300033,5.96557318825472,17.803601984324406,1.9058001338687605,93
5.149999999999935,7.667500153981547,6.069153658710808,7.525276002200412,5.972229648989826,17.21103512583025,2.79008786253775,93
5.159999999999934,7.658067155376424,6.072473076930276,7.520739706100791,5.978886109724931,16.618468267336144,3.6743755912067257,93
5.169999999999934,7.648634156771301,6.075792495149744,7.516203410001171,5.985542570460036,16.025901408841992,4.5586633198756275,93
5.179999999999934,7.639201158166178,6.079111913369212,7.51166711390155,5.992199031195141,15.433334550347885,5.442951048544528,93
5.189999999999934,7.6297681595610545,6.082431331588681,7.5071308178019285,5.998855491930247,14.840767691853731,6.327238777213519,94
5.199999999999934,7.620335160955931,6.085750749808149,7.502594521702307,6.005511952665351,14.248200833359622,7.211526505882508,94
5.209999999999933,7.610902162350808,6.089070168027617,7.498058225602686,6.012168413400457,13.65563397486547,8.077444993814652,94
5.219999999999933,7.601627126021331,6.092807559250401,7.493377516723932,6.019036782259026,13.099658564615607,7.550347744930306,94
5.229999999999933,7.592356526589175,6.096556690638935,7.488692751530655,6.025911103263962,12.544710947223281,7.024302423951342,94
5.239999999999933,7.5830859271570175,6.100305822027469,7.484007986337378,6.032785424268898,11.98976332983083,6.498257102972446,95
5.2499999999999325,7.57381532772486,6.104054953416003,7.479323221144101,6.039659745273834,11.434815712438377,5.9722117819934795,95
5.259999999999932,7.564544728292703,6.1078040848045365,7.474638455950824,6.04653406627877,10.879868095045927,5.446166461014514,95
5.269999999999932,7.555274128860547,6.1115532161930695,7.469953690757548,6.053408387283706,10.324920477653473,4.92012114003562,95
5.279999999999932,7.54600352942839,6.115302347581603,7.4652689255642715,6.060282708288642,9.769972860261023,4.394075819056653,95
5.289999999999932,7.536732929996233,6.119051478970137,7.460584160370995,6.067157029293578,9.21502524286857,3.8680304980776348,96
5.299999999999931,7.527554807286803,6.122993774139517,7.455838832045734,6.074120219301153,8.678597506115988,3.36086353479426,96
5.309999999999931,7.518821024932499,6.127864199766466,7.450802504615184,6.081510414970565,8.231155733590324,2.9444049780732553,96
5.319999999999931,7.510087242578195,6.132734625393416,7.445766177184633,6.0889006106399775,7.783713961064858,2.5279464213521985,96
5.329999999999931,7.501353460223892,6.137605051020366,7.440729849754082,6.096290806309391,7.336272188539341,2.111487864631265,96
5.339999999999931,7.4926196778695875,6.1424754766473155,7.4356935223235325,6.103681001978803,6.888830416013677,1.6950293079101366,97
5.34999999999993,7.483885895515284,6.147345902274266,7.430657194892982,6.111071197648215,6.44138864348821,1.278570751189132,97
5.35999999999993,7.475152113160981,6.152216327901215,7.425620867462432,6.118461393317627,5.9939468709626205,0.8621121944681274,97
5.36999999999993,7.466418330806676,6.157086753528165,7.420584540031881,6.1258515889870395,5.5465050984370805,0.4456536377470702,97
5.37999999999993,7.457684548452373,6.161957179155115,7.415548212601331,6.133241784656453,5.099063325911564,0.02919508102613716,98
5.3899999999999295,7.448950766098069,6.166827604782064,7.410511885170781,6.140631980325864,4.651621553386024,0.38726347569492,98
5.399999999999929,7.440216983743765,6.171698030409014,7.40547555774023,6.148022175995277,4.204179780860434,0.8037220324159964,98
5.409999999999929,7.431483201389462,6.176568456035963,7.40043923030968,6.155412371664689,3.7567380083348443,1.2201805891370534,98
5.419999999999929,7.422749419035158,6.181438881662913,7.3954029028791295,6.162802567334102,3.309296235809377,1.6366391458579863,98
5.429999999999929,7.414015636680854,6.1863093072898625,7.39036657544858,6.170192763003514,2.8618544632837137,2.053097702579115,99
5.4399999999999284,7.405989437545036,6.192247855597208,7.3850575862855745,6.177983056478756,2.5330355130514834,2.3493403330288825,99
5.449999999999928,7.398098487435221,6.198390567243087,7.379696479954186,6.185849825536136,2.2268903922118675,2.2268903922118675,99
5.459999999999928,7.390207537325407,6.204533278888965,7.374335373622798,6.193716594593515,1.9207452713721282,1.9207452713721282,99
5.469999999999928,7.382316587215592,6.210675990534844,7.368974267291409,6.201583363650895,1.6146001505325123,1.6146001505325123,100
5.479999999999928,7.374425637105777,6.216818702180722,7.36361316096002,6.209450132708275,1.3084550296927728,1.3084550296927728,100
5.489999999999927,7.366534686995962,6.222961413826601,7.358252054628632,6.217316901765655,1.0023099088531071,1.0023099088531071,100
5.499999999999927,7.3586437368861475,6.22910412547248,7.352890948297243,6.225183670823035,0.6961647880134911,0.6961647880134911,100
5.509999999999927,7.350752786776333,6.235246837118358,7.347529841965855,6.233050439880414,0.39001966717375175,0.39001966717375175,101
5.519999999999927,7.342861836666518,6.241389548764237,7.342168735634466,6.240917208937794,0.08387454633413581,0.08387454633413581,101
5.5299999999999265,7.334970886556704,6.247532260410115,7.3368076293030775,6.248783977995174,0.22227057450553012,0.22227057450553012,101
5.539999999999926,7.327871528674141,6.254554298509482,7.331288362272179,6.256882828570824,0.41348281806207443,0.41348281806207443,101
5.549999999999926,7.320936218747607,6.261758566426691,7.325736318341022,6.265029775246201,0.5808766069273243,0.5808766069273243,102
5.559999999999926,7.314000908821074,6.268962834343899,7.320184274409864,6.273176721921577,0.748270395792501,0.748270395792501,102
5.569999999999926,7.30706559889454,6.276167102261108,7.314632230478706,6.281323668596953,0.9156641846576274,0.9156641846576274,102
5.5799999999999255,7.300130288968006,6.283371370178316,7.309080186547549,6.28947061527233,1.0830579735228774,1.0830579735228774,102
5.589999999999925,7.2931949790414725,6.290575638095525,7.303528142616391,6.297617561947707,1.250451762388054,1.250451762388054,103
5.599999999999925,7.286259669114939,6.2977799060127335,7.297976098685233,6.305764508623083,1.4178455512532306,1.4178455512532306,103
5.609999999999925,7.279324359188405,6.304984173929942,7.2924240547540755,6.313911455298459,1.5852393401184803,1.5852393401184803,103
5.619999999999925,7.272389049261872,6.312188441847151,7.2868720108229175,6.322058401973836,1.752633128983534,1.752633128983534,103
5.629999999999924,7.269114705938919,6.321009797219009,7.2817284690518695,6.3296059215992,1.526434978075884,1.526434978075884,104
5.639999999999924,7.26846018141907,6.3309883541113114,7.276877254897008,6.33672448613517,1.0185790913235004,1.0185790913235004,104
5.649999999999924,7.267805656899222,6.340966911003614,7.272026040742147,6.34384305067114,0.5107232045710933,0.5107232045710933,104
5.659999999999924,7.267151132379373,6.350945467895916,7.2671748265872855,6.350961615207109,0.0028673178187097,0.0028673178187097,104
5.6699999999999235,7.266496607859525,6.360924024788218,7.262323612432424,6.358080179743079,0.5049885689336239,0.5049885689336239,104
5.679999999999923,7.265842083339676,6.370902581680521,7.257472398277563,6.365198744279049,1.0128444556859577,1.0128444556859577,105
5.689999999999923,7.265187558819828,6.380881138572822,7.252621184122702,6.372317308815019,1.520700342438291,1.520700342438291,105
5.699999999999923,7.261596808461137,6.389781317722137,7.247340615970241,6.380065897926924,1.7251910216978372,1.7251910216978372,105
5.709999999999923,7.255637311257816,6.397811535221283,7.241713674281526,6.388322747917997,1.684947331920268,1.684947331920268,105
5.7199999999999225,7.249677814054495,6.4058417527204305,7.23608673259281,6.396579597909072,1.6447036421426982,1.6447036421426982,106
5.729999999999922,7.243718316851174,6.413871970219577,7.230459790904094,6.404836447900146,1.6044599523650789,1.6044599523650789,106
5.739999999999922,7.237758819647853,6.4219021877187235,7.224832849215378,6.413093297891219,1.5642162625875093,1.5642162625875093,106
5.749999999999922,7.231799322444531,6.429932405217871,7.219205907526662,6.421350147882294,1.5239725728098166,1.5239725728098166,106
5.759999999999922,7.22583982524121,6.437962622717017,7.2135789658379466,6.429606997873368,1.4837288830322468,1.4837288830322468,107
5.769999999999921,7.219880328037889,6.445992840216164,7.207952024149231,6.437863847864441,1.4434851932546775,1.4434851932546775,107
5.779999999999921,7.213920830834568,6.454023057715311,7.202325082460515,6.446120697855515,1.4032415034771082,1.4032415034771082,107
5.789999999999921,7.207961333631247,6.4620532752144575,7.196698140771799,6.454377547846589,1.3629978136995384,1.3629978136995384,107
5.799999999999921,7.202001836427926,6.470083492713604,7.191071199083083,6.462634397837662,1.322754123921969,1.322754123921969,108
5.809999999999921,7.196042339224604,6.478113710212751,7.185444257394367,6.470891247828737,1.2825104341443496,1.2825104341443496,108
5.81999999999992,7.189950056030101,6.486039411009071,7.1798238422577665,6.479138520901343,1.2254080530254194,1.2254080530254194,108
5.82999999999992,7.183544581414554,6.493718596835029,7.174218820764073,6.4873632056822395,1.1285424600563798,1.1285424600563798,108
5.83999999999992,7.177139106799008,6.501397782660987,7.168613799270379,6.495587890463136,1.0316768670874867,1.0316768670874867,109
5.84999999999992,7.170733632183462,6.509076968486943,7.163008777776686,6.503812575244032,0.9348112741184702,0.9348112741184702,109
5.8599999999999195,7.164328157567915,6.516756154312901,7.157403756282993,6.512037260024928,0.8379456811494306,0.8379456811494306,109
5.869999999999919,7.157922682952369,6.524435340138859,7.1517987347893,6.520261944805824,0.7410800881804642,0.7410800881804642,109
5.879999999999919,7.1515172083368235,6.532114525964817,7.146193713295606,6.5284866295867205,0.6442144952115713,0.6442144952115713,110
5.889999999999919,7.145111733721277,6.539793711790774,7.140588691801913,6.536711314367618,0.5473489022424814,0.5473489022424814,110
5.899999999999919,7.138706259105731,6.547472897616732,7.134983670308219,6.544935999148513,0.45048330927363844,0.45048330927363844,110
5.909999999999918,7.132300784490185,6.555152083442689,7.129378648814526,6.553160683929409,0.35361771630462197,0.35361771630462197,110
5.919999999999918,7.125895309874638,6.562831269268647,7.123773627320832,6.561385368710305,0.2567521233356556,0.2567521233356556,111
5.929999999999918,7.119489835259092,6.570510455094604,7.1181686058271385,6.569610053491202,0.1598865303666892,0.1598865303666892,111
5.939999999999918,7.113667092962242,6.578630505651112,7.112543229489434,6.577864606520765,0.13600259495233588,0.13600259495233588,111
5.949999999999918,7.108019464493981,6.586883038152379,7.106911736424459,6.586128135100866,0.13404999415104224,0.13404999415104224,111
5.959999999999917,7.1023718360257195,6.595135570653647,7.1012802433594855,6.594391663680967,0.13209739334967519,0.13209739334967519,112
5.969999999999917,7.096724207557458,6.603388103154915,7.095648750294511,6.602655192261069,0.1301447925483315,0.1301447925483315,112
5.979999999999917,7.091076579089197,6.611640635656182,7.090017257229537,6.61091872084117,0.12819219174696445,0.12819219174696445,112
5.989999999999917,7.085428950620936,6.619893168157451,7.084385764164562,6.6191822494212715,0.12623959094567078,0.12623959094567078,112
5.9999999999999165,7.079781322152675,6.6281457006587186,7.078754271099588,6.627445778001373,0.12428699014425373,0.12428699014425373,113
6.009999999999916,7.074133693684414,6.636398233159986,7.073122778034613,6.635709306581474,0.12233438934296006,0.12233438934296006,113
6.019999999999916,7.0684860652161525,6.644650765661254,7.067491284969639,6.643972835161575,0.12038178854159301,0.12038178854159301,113
6.029999999999916,7.062838436747891,6.652903298162522,7.061859791904665,6.652236363741677,0.11842918774024934,0.11842918774024934,113
6.039999999999916,7.056950766963182,6.660977938889156,7.056234956571321,6.660490122913386,0.08662268428725045,0.08662268428725045,114
6.0499999999999154,7.050698669039783,6.668782506241433,7.050620228934361,6.6687290502745995,0.009492307690338868,0.009492307690338868,114
6.059999999999915,7.044446571116385,6.676587073593709,7.0450055012974016,6.676967977635813,0.06763806890662274,0.06763806890662274,114
6.069999999999915,7.038194473192986,6.684391640945987,7.0393907736604415,6.685206904997027,0.14476844550358436,0.14476844550358436,114
6.079999999999915,7.031942375269587,6.692196208298263,7.0337760460234815,6.69344583235824,0.22189882210054598,0.22189882210054598,115
6.089999999999915,7.025690277346188,6.70000077565054,7.0281613183865215,6.701684759719455,0.29902919869755756,0.29902919869755756,115
6.099999999999914,7.019438179422789,6.707805343002817,7.0225465907495614,6.709923687080668,0.37615957529451916,0.37615957529451916,115
6.109999999999914,7.01318608149939,6.715609910355094,7.016931863112601,6.718162614441882,0.4532899518914808,0.4532899518914808,115
6.119999999999914,7.0069339835759905,6.7234144777073706,7.011317135475641,6.726401541803095,0.5304203284884424,0.5304203284884424,116
6.129999999999914,7.000681885652591,6.731219045059648,7.005702407838681,6.734640469164309,0.607550705085404,0.607550705085404,116
6.1399999999999135,6.994429787729192,6.739023612411924,7.000087680201722,6.742879396525523,0.684681081682489,0.684681081682489,116
6.149999999999913,6.988273674315308,6.746902791821008,6.994468671331747,6.751124606073533,0.7496779549680356,0.7496779549680356,116
6.159999999999913,6.982252637315978,6.754886970767694,6.988843637597881,6.759378656373787,0.7975996759028992,0.7975996759028992,117
6.169999999999913,6.976231600316648,6.762871149714379,6.983218603864016,6.767632706674042,0.8455213968376896,0.8455213968376896,117
6.179999999999913,6.970210563317318,6.770855328661064,6.97759357013015,6.7758867569742955,0.893443117772553,0.893443117772553,117
6.1899999999999125,6.964189526317988,6.778839507607749,6.971968536396284,6.78414080727455,0.9413648387074166,0.9413648387074166,117
6.199999999999912,6.958168489318657,6.786823686554435,6.9663435026624185,6.792394857574805,0.9892865596422803,0.9892865596422803,118
6.209999999999912,6.952147452319328,6.79480786550112,6.960718468928553,6.800648907875059,1.0372082805770706,1.0372082805770706,118
6.219999999999912,6.9461264153199975,6.802792044447806,6.955093435194687,6.808902958175314,1.085130001511934,1.085130001511934,118
6.229999999999912,6.940105378320667,6.810776223394491,6.9494684014608215,6.817157008475569,1.1330517224467977,1.1330517224467977,118
6.239999999999911,6.934084341321337,6.8187604023411765,6.943843367726956,6.825411058775824,1.1809734433817114,1.1809734433817114,119
6.249999999999911,6.9280633043220075,6.826744581287862,6.93821833399309,6.833665109076078,1.2288951643164518,1.2288951643164518,119
6.259999999999911,6.922042267322677,6.8347287602345475,6.932593300259224,6.841919159376332,1.276816885251315,1.276816885251315,119
6.269999999999911,6.916021230323347,6.842712939181232,6.926968266525359,6.850173209676587,1.3247386061862292,1.3247386061862292,119
6.2799999999999105,6.9100001933240165,6.8506971181279175,6.921343232791493,6.858427259976842,1.3726603271210926,1.3726603271210926,120
6.28999999999991,6.903979156324687,6.858681297074603,6.915718199057627,6.866681310277096,1.4205820480558828,1.4205820480558828,120
6.29999999999991,6.897958119325357,6.866665476021288,6.910093165323761,6.874935360577351,1.4685037689906733,1.4685037689906733,120
6.30999999999991,6.891937082326026,6.874649654967974,6.904468131589895,6.8831894108776055,1.5164254899255365,1.5164254899255365,120
6.31999999999991,6.885940497430227,6.882652186173281,6.8988423121154625,6.891444614156218,1.5612930923029587,1.5612930923029587,121
6.3299999999999095,6.879956048077087,6.8906638255772785,6.893216102679155,6.899700389656277,1.6046449401773049,1.6046449401773049,121
6.339999999999909,6.873971598723946,6.898675464981276,6.887589893242846,6.907956165156336,1.6479967880517015,1.6479967880517015,121
6.349999999999909,6.867987149370805,6.906687104385274,6.881963683806538,6.916211940656396,1.6913486359261714,1.6913486359261714,121
6.359999999999909,6.862002700017664,6.9146987437892715,6.87633747437023,6.924467716156456,1.7347004838005682,1.7347004838005682,122
6.369999999999909,6.8560182506645235,6.922710383193269,6.870711264933922,6.932723491656514,1.7780523316749144,1.7780523316749144,122
6.379999999999908,6.850033801311382,6.9307220225972666,6.865085055497613,6.940979267156574,1.821404179549311,1.821404179549311,122
6.389999999999908,6.844049351958241,6.9387336620012645,6.859458846061305,6.949235042656634,1.8647560274237074,1.8647560274237074,122
6.399999999999908,6.8380649026051,6.946745301405262,6.853832636624997,6.957490818156693,1.9081078752981775,1.9081078752981775,123
6.409999999999908,6.83208045325196,6.9547569408092595,6.848206427188688,6.9657465936567515,1.9514597231724506,1.9514597231724506,123
6.419999999999908,6.826096003898819,6.9627685802132575,6.84258021775238,6.974002369156811,1.994811571046847,1.994811571046847,123
6.429999999999907,6.820594752246453,6.971102126317291,6.836957445752282,6.982253100638874,1.9801059746546346,1.9801059746546346,123
6.439999999999907,6.815506657159903,6.9797109176604595,6.829866587643397,6.992043485272733,1.892880945548582,1.892880945548582,124
6.449999999999907,6.810418562073352,6.988319709003627,6.823451759001002,6.999512853879855,1.7179950942163351,1.7179950942163351,124
6.459999999999907,6.8053304669868,6.996928500346796,6.817036930358606,7.006982222486979,1.5431092428841453,1.5431092428841453,124
6.4699999999999065,6.800242371900249,7.005537291689964,6.81062210171621,7.014451591094101,1.3682233915517725,1.3682233915517725,124
6.479999999999906,6.795154276813697,7.014146083033133,6.803251199701954,7.0226939723215205,1.1773978577562896,1.1773978577562896,125
6.489999999999906,6.790066181727147,7.022754874376301,6.796271317965972,7.029305612023286,0.9023074834113302,0.9023074834113302,125
6.499999999999906,6.784978086640596,7.031363665719469,6.789291436229989,7.035917251725051,0.6272171090663708,0.6272171090663708,125
6.509999999999906,6.779889991554044,7.039972457062637,6.782311554494006,7.042528891426818,0.35212673472147604,0.35212673472147604,125
6.519999999999905,6.774801896467493,7.048581248405806,6.775331672758023,7.049140531128583,0.07703636037645568,0.07703636037645568,125
6.529999999999905,6.7697138013809415,7.057190039748974,6.768111029695806,7.055143723138296,0.2599286199288006,0.2599286199288006,126
6.539999999999905,6.764101572631206,7.065460755696994,6.760617740265817,7.061012820844992,0.5649886051751856,0.5649886051751856,126
6.549999999999905,6.758357106743586,7.073646176374391,6.75308389872723,7.066913680875805,0.8551796210284575,0.6235500610444388,126
6.559999999999905,6.752612640855966,7.081831597051789,6.745550057188642,7.072814540906619,1.1453706368817294,0.3057753101200994,126
6.569999999999904,6.746868174968346,7.090017017729186,6.738016215650055,7.0787154009374325,1.4355616527349464,0.011999440804115663,126
6.579999999999904,6.741123709080726,7.098202438406584,6.73131720711173,7.083217466728861,1.7908569374744987,0.32977419172838346,127
6.589999999999904,6.7353792431931065,7.106387859083981,6.723544728029267,7.088303951579511,2.161211372803157,0.7161750433883727,127
6.599999999999904,6.7296347773054865,7.1145732797613785,6.715772248946803,7.093390436430162,2.531565808131767,1.1112604405588646,127
6.6099999999999035,6.7238903114178665,7.1227587004387765,6.7079997698643385,7.098476921280812,2.901920243460425,1.5063458377294032,127
6.619999999999903,6.7181458455302465,7.1309441211161735,6.700227290781875,7.103563406131463,3.2722746787889605,1.9014312348998192,127
6.629999999999903,6.7124013796426265,7.139129541793571,6.694718490478745,7.1069819433712995,3.6689953032155644,2.2965166320702357,128
6.639999999999903,6.7066569137550065,7.147314962470968,6.68685175547361,7.111309066080443,4.10934163758192,2.720919857959556,128
6.649999999999903,6.7009124478673865,7.155500383148366,6.678985020468475,7.115636188789587,4.549687971948275,3.18324843710363,128
6.659999999999902,6.6951679819797665,7.163685803825763,6.67111828546334,7.11996331149873,4.990034306314631,3.6455770162476253,128
6.669999999999902,6.6894235160921465,7.171871224503161,6.663251550458204,7.1242904342078734,5.430380640681106,3.2394321296859903,128
6.679999999999902,6.683551083787321,7.179961113864023,6.655326914705721,7.128649405407981,5.8561891576558125,2.79691458655776,128
6.689999999999902,6.677336280714646,7.187795411711811,6.651012490022529,7.130984048820843,6.261367989450542,2.3929578295376,129
6.699999999999902,6.67112147764197,7.195629709559599,6.642907705870108,7.1347394356092675,6.7109182526246745,1.989001072517597,129
6.709999999999901,6.664906674569294,7.203464007407387,6.634802921717688,7.138494822397692,7.160468515798808,1.5776547588184926,129
6.719999999999901,6.658691871496618,7.211298305255175,6.626698137565267,7.142250209186116,7.610018778972942,1.1662901437773898,129
6.729999999999901,6.652477068423943,7.219132603102963,6.618593353412846,7.14600559597454,8.059569042147194,0.7549255287362875,129
6.739999999999901,6.646262265351267,7.226966900950751,6.610488569260426,7.149760982762964,8.509119305321327,0.34356091369522557,129
6.7499999999999005,6.640047462278591,7.2348011987985394,6.602383785108005,7.153516369551388,8.958669568495461,0.04729322157388067,129
6.7599999999999,6.633832659205916,7.2426354966463276,6.599536681775064,7.154655888670787,9.442788511593044,0.3561205849123693,130
6.7699999999999,6.627617856133241,7.250469794494116,6.591490596948809,7.157792392116956,9.946999430761515,0.7595343913986194,130
6.7799999999999,6.621403053060565,7.258304092341904,6.583444512122553,7.160928895563127,10.451210349929905,1.1629481978847909,130
6.7899999999999,6.61417343017038,7.265207893681182,6.574832350770041,7.164286065459345,10.831867770620933,1.4367352333727128,130
6.7999999999998995,6.606906291247826,7.272077296266581,6.566199262603807,7.167651392990585,11.207957644474169,1.705730204246964,130
6.809999999999899,6.599639152325272,7.278946698851981,6.557566174437572,7.171016720521824,11.584047518327521,1.9747251751211776,130
6.819999999999899,6.592372013402718,7.285816101437381,6.5489330862713375,7.174382048053063,11.960137392180872,2.243720145995392,130
6.829999999999899,6.585104874480164,7.2926855040227805,6.546749031836503,7.175147248891977,12.363823067360304,2.5127151168696056,131
6.839999999999899,6.57783773555761,7.29955490660818,6.538155356611078,7.177951592501727,12.791425722150318,2.781710087743778,131
6.849999999999898,6.570570596635057,7.30642430919358,6.529561681385652,7.180755936111476,13.219028376940473,3.092280808221351,131
6.859999999999898,6.563303457712503,7.31329371177898,6.520968006160227,7.183560279721225,13.646631031730575,3.410781574271166,131
6.869999999999898,6.556036318789949,7.320163114364379,6.512374330934801,7.186364623330975,14.074233686520618,3.729282340320899,131
6.879999999999898,6.548769179867395,7.327032516949779,6.503780655709375,7.189168966940724,14.501836341310662,4.047783106370713,131
6.8899999999998975,6.541502040944841,7.333901919535179,6.495186980483949,7.191973310550473,14.929438996100789,4.366283872420447,131
6.899999999999897,6.534234902022287,7.340771322120579,6.489867175604157,7.19370930364172,15.360902456102751,4.709625408014979,131
6.909999999999897,6.526967763099734,7.347640724705979,6.485616611318513,7.194859746128527,15.827806281578418,5.10376222582216,132
6.919999999999897,6.5197006241771795,7.354510127291379,6.477113145049869,7.197161263814925,16.301030094981964,5.497899043629175,132
6.929999999999897,6.5115117372158835,7.360203456849107,6.468047429930859,7.199614957758909,16.636649917519332,5.749853480399047,132
6.9399999999998965,6.503104824049944,7.365618603294067,6.458848722955335,7.202104646801862,16.939721500612347,5.968176725561475,132
6.949999999999896,6.494697910884005,7.371033749739026,6.449650015979812,7.204594335844814,17.24279308370542,6.186499970723903,132
6.959999999999896,6.486290997718066,7.376448896183986,6.440451309004288,7.207084024887767,17.545864666798515,6.433993695323095,132
6.969999999999896,6.477884084552127,7.381864042628944,6.431252602028764,7.20957371393072,17.84893624989144,6.722473179948428,132
6.979999999999896,6.469477171386187,7.387279189073904,6.427297244998944,7.210644256680294,18.1601336811512,7.01095266457387,132
6.989999999999895,6.461070258220249,7.392694335518863,6.421108504785961,7.212013036469689,18.50477602232456,7.299432149199313,133
6.999999999999895,6.45266334505431,7.3981094819638225,6.411951829596848,7.214038242166741,18.8519624472567,7.58791163382484,133
7.009999999999895,6.444256431888371,7.403524628408781,6.402795154407736,7.216063447863793,19.199148872188758,7.876391118450174,133
7.019999999999895,6.435849518722431,7.4089397748537404,6.393638479218623,7.218088653560845,19.546335297120898,8.175632739238718,133
7.0299999999998946,6.427442605556492,7.4143549212987,6.38448180402951,7.220113859257898,19.893521722052974,8.52445901619521,133
7.039999999999894,6.419035692390553,7.419770067743659,6.375325128840397,7.22213906495495,20.240708146985114,8.873988342390213,133
7.049999999999894,6.410628779224614,7.425185214188618,6.366168453651285,7.224164270652002,20.587894571917175,9.223517668585195,133
7.059999999999894,6.4022218660586745,7.430600360633577,6.360434077306563,7.225432557601416,20.93801487482392,9.573046994780194,133
7.069999999999894,6.393814952892735,7.436015507078537,6.356732194432669,7.226086473957908,21.31791029204543,9.922576320975264,134
7.0799999999998935,6.385408039726796,7.441430653523495,6.347652056057413,7.227690428271174,21.704929899392845,10.272105647170177,134
7.089999999999893,6.377001126560857,7.446845799968455,6.338571917682156,7.22929438258444,22.09194950674037,10.64105162632425,134
7.099999999999893,6.368060597183965,7.451137795623146,6.329166704603913,7.230955759477676,22.359084042329133,10.923983466644405,134
7.109999999999893,6.358552115141086,7.454234369413684,6.3194154993305,7.232678253905784,22.498619294537896,11.03738396490193,134
7.119999999999893,6.3490436330982085,7.457330943204223,6.309664294057088,7.234400748333893,22.63815454674674,11.111893958456747,134
7.129999999999892,6.33953515105533,7.460427516994762,6.299913088783675,7.236123242762001,22.77768979895559,11.199704191510229,134
7.139999999999892,6.330026669012451,7.4635240907853,6.290161883510262,7.23784573719011,22.917225051164262,11.335798843835505,134
7.149999999999892,6.320518186969572,7.466620664575839,6.289318331296249,7.237994745845729,23.074497114611834,11.47304917695262,134
7.159999999999892,6.311009704926693,7.4697172383663775,6.279645972849822,7.239311384523983,23.25307316778419,11.610299510069629,135
7.169999999999892,6.301501222883815,7.472813812156915,6.26989662576189,7.2406385031925895,23.431650529128202,11.747549843186551,135
7.179999999999891,6.291992740840937,7.475910385947454,6.2601472786739585,7.241965621861195,23.610227890472377,11.884800176303647,135
7.189999999999891,6.282484258798058,7.479006959737993,6.250397931586026,7.243292740529801,23.788805251816473,12.022050509420657,135
7.199999999999891,6.272975776755179,7.482103533528532,6.240648584498094,7.244619859198407,23.967382613160645,12.159300842537665,135
7.209999999999891,6.2634672947123,7.48520010731907,6.230899237410162,7.245946977867013,24.145959974504642,12.301718622659804,135
7.2199999999998905,6.253958812669421,7.488296681109609,6.221149890322229,7.247274096535619,24.324537335848824,12.494692632701227,135
7.22999999999989,6.2444503306265435,7.491393254900148,6.2139943232584764,7.248248139879149,24.504512919741583,12.695360138521686,135
7.23999999999989,6.234941848583665,7.494489828690686,6.210629612027069,7.248580798078806,24.71079443944652,12.896027644342054,136
7.24999999999989,6.225433366540786,7.497586402481224,6.2009099875246845,7.24954174615605,24.925398221461066,13.096695150162502,136
7.25999999999989,6.215924884497907,7.500682976271763,6.1911903630223,7.250502694233292,25.140002003475697,13.297362655982962,136
7.269999999999889,6.206416402455028,7.503779550062301,6.181470738519916,7.251463642310536,25.354605785490143,13.49803016180324,136
7.279999999999889,6.19690792041215,7.50687612385284,6.171751114017533,7.252424590387779,25.569209567504693,13.698697667623689,136
7.289999999999889,6.187399438369272,7.509972697643379,6.162031489515148,7.2533855384650225,25.78381334951923,13.89954107381564,136
7.299999999999889,6.177890956326393,7.513069271433917,6.152311865012765,7.254346486542266,25.998417131533678,14.138473072942585,136
7.309999999999889,6.168382474283514,7.516165845224456,6.14259224051038,7.2553074346195086,26.213020913548313,14.402656640350578,136
7.319999999999888,6.1586499285973,7.518329650395615,6.134510562181768,7.256106444215906,26.3331955656942,14.572605094195811,136
7.329999999999888,6.148772391272103,7.519889860762629,6.125529478744368,7.256900188452728,26.401477368594577,14.681573982763238,137
7.339999999999888,6.138894853946906,7.521450071129643,6.115591674373693,7.25777848726833,26.469934324466145,14.790542871330652,137
7.349999999999888,6.1290173166217095,7.523010281496657,6.10565387000302,7.258656786083932,26.538391280337603,14.899511759898163,137
7.3599999999998875,6.119139779296512,7.524570491863671,6.095716065632345,7.259535084899534,26.606848236209167,15.008480648465582,137
7.369999999999887,6.109262241971315,7.526130702230685,6.085778261261671,7.260413383715136,26.67530519208072,15.117449537033009,137
7.379999999999887,6.099384704646118,7.527690912597699,6.075840456890997,7.261291682530738,26.743762147952282,15.226418425600514,137
7.389999999999887,6.089507167320922,7.529251122964713,6.0659026525203235,7.262169981346339,26.812219103823846,15.335387314167933,137
7.399999999999887,6.079629629995725,7.5308113333317275,6.0559648481496495,7.263048280161941,26.880676059695404,15.444356202735355,137
7.4099999999998865,6.0697520926705275,7.5323715436987415,6.046027043778975,7.263926578977544,26.949133015566872,15.55332509130278,138
7.419999999999886,6.059874555345331,7.5339317540657555,6.036089239408302,7.2648048777931455,27.017589971438426,15.662293979870284,138
7.429999999999886,6.049997018020134,7.53549196443277,6.026151435037628,7.265683176608747,27.086046927309987,15.771262868437704,138
7.439999999999886,6.04006195097933,7.536259963815333,6.016226019444516,7.266560380509592,27.075083908904606,15.800826898585523,138
7.449999999999886,6.030062632756364,7.53614319448776,6.006314440067967,7.267436361571652,26.975421908057463,15.741708828205283,138
7.459999999999885,6.020063314533399,7.5360264251601885,5.996402860691419,7.2683123426337115,26.875759907210394,15.68259075782522,138
7.469999999999885,6.010063996310433,7.535909655832616,5.98649128131487,7.269188323695772,26.776097906363162,15.623472687444984,138
7.479999999999885,6.000064678087467,7.535792886505044,5.976579701938322,7.270064304757832,26.676435905516094,15.564354617064835,138
7.489999999999885,5.990065359864501,7.535676117177473,5.966668122561773,7.270940285819892,26.576773904669043,15.505236546684777,139
7.4999999999998845,5.980066041641535,7.5355593478499,5.956756543185224,7.2718162668819515,26.477111903821886,15.446118476304541,139
7.509999999999884,5.9700667234185705,7.5354425785223285,5.946844963808677,7.272692247944011,26.377449902974824,15.387000405924478,139
7.519999999999884,5.960067405195605,7.535325809194756,5.936933384432128,7.273568229006071,26.277787902127674,15.32788233554424,139
7.529999999999884,5.950068086972639,7.535209039867184,5.927021805055579,7.274444210068132,26.178125901280524,15.268764265164087,139
7.539999999999884,5.940068768749673,7.535092270539613,5.91711022567903,7.2753201911301915,26.07846390043347,15.209646194784026,139
7.5499999999998835,5.930069450526707,7.53497550121204,5.907198646302482,7.276196172192251,25.97880189958632,15.15052812440379,139
7.559999999999883,5.920070132303741,7.534858731884468,5.897287066925933,7.277072153254311,25.87913989873926,15.09141005402373,139
7.569999999999883,5.910070814080776,7.534741962556896,5.887375487549385,7.277948134316371,25.779477897892107,15.032291983643493,140
7.579999999999883,5.90007149585781,7.534625193229324,5.877463908172836,7.278824115378431,25.67981589704496,14.973173913263343,140
7.589999999999883,5.890072177634845,7.534508423901753,5.867552328796288,7.279700096440491,25.5801538961979,14.914055842883284,140
7.599999999999882,5.880072859411879,7.53439165457418,5.857640749419739,7.280576077502551,25.480491895350752,14.85493777250304,140
7.609999999999882,5.8702215465962055,7.532678565197309,5.848016016973896,7.281426707157992,25.223120685992896,14.637069958600721,140
7.619999999999882,5.860371210480824,7.530954941568438,5.838393177455387,7.282277169517341,24.96470874013241,14.418154541616493,140
7.629999999999882,5.850520874365443,7.5292313179395665,5.828770337936879,7.283127631876691,24.70629679427184,14.199239124632356,140
7.6399999999998816,5.840670538250061,7.527507694310695,5.819147498418369,7.28397809423604,24.447884848411366,13.980323707648132,140
7.649999999999881,5.830820202134679,7.525784070681824,5.80952465889986,7.2848285565953885,24.189472902550882,13.761408290663907,141
7.659999999999881,5.820969866019298,7.5240604470529515,5.799901819381351,7.285679018954738,23.931060956690224,13.542492873679596,141
7.669999999999881,5.811119529903916,7.52233682342408,5.790278979862841,7.286529481314087,23.672649010829744,13.32357745669546,141
7.679999999999881,5.801269193788534,7.520613199795209,5.780656140344332,7.287379943673437,23.414237064969175,13.104662039711231,141
7.6899999999998805,5.791418857673152,7.5188895761663375,5.771033300825822,7.288230406032786,23.1558251191087,12.885746622727007,141
7.69999999999988,5.781568521557771,7.517165952537466,5.761410461307314,7.289080868392134,22.897413173248218,12.66683120574287,141
7.70999999999988,5.771718185442389,7.515442328908594,5.751787621788805,7.289931330751484,22.63900122738756,12.447915788758559,141
7.71999999999988,5.7618678493270075,7.5137187052797225,5.742164782270295,7.290781793110833,22.380589281527087,12.229000371774337,141
7.72999999999988,5.7520175132116265,7.511995081650851,5.732541942751786,7.291632255470182,22.122177335666603,12.010084954790111,141
7.739999999999879,5.742167177096245,7.51027145802198,5.722919103233276,7.2924827178295315,21.863765389806037,11.791169537805972,142
7.749999999999879,5.732316840980863,7.508547834393108,5.713296263714767,7.29333318018888,21.605353443945464,11.572254120821658,142
7.759999999999879,5.722466504865482,7.506824210764236,5.703673424196259,7.29418364254823,21.346941498084895,11.353338703837434,142
7.769999999999879,5.7126161687501,7.505100587135365,5.694050584677749,7.295034104907579,21.088529552224422,11.134423286853208,142
7.779999999999879,5.702765832634718,7.5033769635064935,5.6844277451592395,7.295884567266928,20.830117606363938,10.915507869869074,142
7.789999999999878,5.692915496519337,7.501653339877622,5.67480490564073,7.296735029626277,20.571705660503373,10.69659245288485,142
7.799999999999878,5.68313573832927,7.499589526649999,5.665281929825764,7.297576666075066,20.28002818433622,10.444031352063774,142
7.809999999999878,5.67341269771957,7.497252331471559,5.655839206123709,7.29841120987712,19.961617981467427,10.164432026918378,142
7.819999999999878,5.663689657109869,7.49491513629312,5.646396482421653,7.299245753679174,19.643207778598626,9.884832701772893,143
7.8299999999998775,5.65396661650017,7.49257794111468,5.636953758719598,7.3000802974812276,19.324797575729917,9.605233376627496,143
7.839999999999877,5.64424357589047,7.490240745936241,5.627511035017543,7.300914841283282,19.006387372861123,9.325634051482101,143
7.849999999999877,5.634520535280769,7.487903550757802,5.618068311315487,7.301749385085336,18.68797716999241,9.046034726336792,143
7.859999999999877,5.6247974946710695,7.485566355579363,5.608625587613432,7.30258392888739,18.369566967123617,8.766435401191398,143
7.869999999999877,5.61507445406137,7.483229160400923,5.599182863911377,7.303418472689444,18.051156764254905,8.486836076045998,143
7.879999999999876,5.605351413451669,7.480891965222484,5.589740140209321,7.304253016491498,17.732746561386108,8.207236750900515,143
7.889999999999876,5.595628372841969,7.4785547700440445,5.580297416507266,7.305087560293552,17.414336358517314,7.927637425755117,143
7.899999999999876,5.58590533223227,7.476217574865606,5.570854692805211,7.305922104095606,17.09592615564869,7.648038100609811,143
7.909999999999876,5.576182291622569,7.4738803796871665,5.561411969103156,7.30675664789766,16.777515952779893,7.368438775464411,144
7.919999999999876,5.566459251012869,7.471543184508727,5.5519692454011,7.307591191699714,16.459105749911103,7.088839450319016,144
7.929999999999875,5.5567362104031695,7.469205989330288,5.542526521699045,7.308425735501768,16.140695547042387,6.8092401251736225,144
7.939999999999875,5.547013169793469,7.466868794151848,5.533083797996989,7.309260279303822,15.822285344173595,6.529640800028223,144
7.949999999999875,5.537290129183769,7.46453159897341,5.523641074294934,7.310094823105876,15.503875141304881,6.2500414748828295,144
7.959999999999875,5.527567088574069,7.46219440379497,5.5141983505928795,7.3109293669079305,15.185464938436086,5.97044214973743,144
7.9699999999998745,5.517844047964369,7.459857208616531,5.504755626890823,7.311763910709984,14.86705473556738,5.690842824592035,144
7.979999999999874,5.50810856802745,7.457572774103547,5.495295933446711,7.312599954290439,14.553790602266986,5.416454587244736,144
7.989999999999874,5.498365513162156,7.455320468198062,5.485825906278083,7.313436911160959,14.243660168056472,5.145239641838668,145
7.999999999999874,5.488622458296863,7.453068162292578,5.476355879109457,7.31427386803148,13.933529733846036,4.8740246964326,145
8.009999999999874,5.47887940343157,7.450815856387092,5.46688585194083,7.315110824902001,13.623399299635434,4.602809751026532,145
8.019999999999873,5.469136348566277,7.448563550481607,5.4574158247722035,7.315947781772521,13.313268865424924,4.331594805620461,145
8.029999999999873,5.459393293700984,7.446311244576122,5.447945797603578,7.316784738643041,13.003138431214397,4.060379860214393,145
8.039999999999873,5.449650238835691,7.444058938670636,5.438475770434951,7.317621695513561,12.693007997003885,3.7891649148082367,145
8.049999999999873,5.439907183970398,7.441806632765151,5.429005743266325,7.3184586523840816,12.382877562793364,3.5179499694021685,145
8.059999999999873,5.430164129105105,7.439554326859667,5.419535716097698,7.319295609254602,12.07274712858294,3.2467350239961896,145
8.069999999999872,5.420421074239812,7.437302020954181,5.410065688929072,7.320132566125122,11.762616694372415,2.9755200785900335,145
8.079999999999872,5.410678019374519,7.435049715048696,5.400595661760446,7.320969522995642,11.452486260161901,2.7043051331839654,146
8.089999999999872,5.400934964509226,7.432797409143211,5.391125634591819,7.321806479866163,11.142355825951299,2.433090187777894,146
8.099999999999872,5.391191909643933,7.430545103237725,5.381655607423193,7.3226434367366835,10.832225391740776,2.1618752423717376,146
8.109999999999872,5.38144885477864,7.42829279733224,5.372185580254566,7.323480393607204,10.522094957530262,1.89066029696567,146
8.119999999999871,5.371705799913346,7.426040491426756,5.362715553085939,7.324317350477724,10.211964523319828,1.6194453515596907,146
8.129999999999871,5.361962745048053,7.42378818552127,5.353245525917313,7.325154307348244,9.901834089109315,1.3482304061535344,146
8.139999999999871,5.35221969018276,7.421535879615785,5.343775498748686,7.325991264218764,9.5917036548988,1.0770154607474667,146
8.14999999999987,5.342443637708022,7.419440445682155,5.334258972892961,7.326832330622969,9.296909009423725,0.8213134385774519,146
8.15999999999987,5.332618848790873,7.417576706769785,5.324673769923226,7.327679466680554,9.024764846728196,0.5885235213326684,147
8.16999999999987,5.322794059873726,7.415712967857416,5.3150885669534915,7.328526602738139,8.752620684032676,0.35573360408797344,147
8.17999999999987,5.312969270956577,7.413849228945047,5.305503363983757,7.329373738795724,8.480476521337234,0.12294368684337147,147
8.18999999999987,5.303144482039429,7.411985490032677,5.295918161014022,7.330220874853308,8.2083323586418,0.1098462304013234,147
8.19999999999987,5.293319693122281,7.4101217511203075,5.286332958044287,7.331068010910893,7.936188195946271,0.34263614764601835,147
8.20999999999987,5.283494904205133,7.408258012207938,5.2767477550745525,7.331915146968478,7.66404403325075,0.5754260648907977,147
8.21999999999987,5.273670115287985,7.406394273295569,5.267162552104817,7.332762283026063,7.391899870555317,0.8082159821354039,147
8.229999999999869,5.263845326370837,7.404530534383199,5.257577349135083,7.333609419083648,7.119755707859787,1.0410058993800988,147
8.239999999999869,5.254020537453689,7.40266679547083,5.247992146165348,7.334456555141232,6.847611545164354,1.2737958166247894,147
8.249999999999869,5.244195748536541,7.40080305655846,5.2384069431956135,7.335303691198817,6.575467382468826,1.451719647307914,148
8.259999999999868,5.234370959619393,7.398939317646091,5.228821740225879,7.336150827256402,6.303323219773392,1.2404308428426554,148
8.269999999999868,5.2245461707022445,7.3970755787337215,5.219236537256143,7.336997963313987,6.03117905707787,1.0291420383773082,148
8.279999999999868,5.214721381785097,7.395211839821352,5.209651334286409,7.337845099371571,5.75903489438243,0.8178532339120476,148
8.289999999999868,5.204896592867948,7.393348100908982,5.200066131316674,7.338692235429156,5.486890731686908,0.6065644294467004,148
8.299999999999867,5.195071803950801,7.391484361996613,5.19048092834694,7.339539371486741,5.214746568991468,0.3952756249815308,148
8.309999999999867,5.185247015033652,7.389620623084244,5.180895725377204,7.340386507544326,4.942602406295945,0.1839868205161814,148
8.319999999999867,5.175422226116504,7.387756884171874,5.171310522407469,7.341233643601911,4.670458243600425,0.027301983949076996,148
8.329999999999867,5.165558122639637,7.38617867058346,5.161661270556858,7.34208644027165,4.426409639905373,0.2101474226062109,149
8.339999999999867,5.155595245957852,7.385317805772036,5.151851103430055,7.342953458563312,4.252947822028602,0.3215322517690388,149
8.349999999999866,5.145632369276068,7.384456940960613,5.142040936303252,7.343820476854973,4.079486004151929,0.43291708093177794,149
8.359999999999866,5.135669492594284,7.383596076149189,5.1322307691764495,7.344687495146635,3.9060241862751566,0.5443019100946058,149
8.369999999999866,5.125706615912499,7.382735211337765,5.122420602049646,7.345554513438296,3.732562368398482,0.655686739257345,149
8.379999999999866,5.115743739230714,7.381874346526342,5.112610434922843,7.346421531729958,3.559100550521712,0.7670715684201729,149
8.389999999999866,5.105780862548929,7.381013481714917,5.10280026779604,7.34728855002162,3.385638732644853,0.878456397583003,149
8.399999999999865,5.095817985867145,7.3801526169034934,5.092990100669236,7.348155568313281,3.212176914768178,0.9898412267458311,149
8.409999999999865,5.085855109185361,7.37929175209207,5.083179933542434,7.349022586604943,3.038715096891407,1.1012260559085703,150
8.419999999999865,5.075892232503576,7.378430887280646,5.07336976641563,7.349889604896604,2.8652532790147323,1.2126108850713981,150
8.429999999999865,5.065929355821791,7.377570022469222,5.063559599288827,7.350756623188266,2.6917914611379623,1.3239957142341372,150
8.439999999999864,5.0559664791400065,7.376709157657799,5.053749432162023,7.351623641479927,2.5183296432612874,1.4353805433969649,150
8.449999999999864,5.046003602458222,7.375848292846374,5.04393926503522,7.352490659771589,2.344867825384428,1.546765372559793,150
8.459999999999864,5.036040725776437,7.3749874280349506,5.0341290979084174,7.35335767806325,2.1714060075077457,1.6581502017226208,150
8.469999999999864,5.026077849094653,7.374126563223527,5.0243189307816145,7.354224696354912,1.9979441896309826,1.757173841220166,150
8.479999999999864,5.016114972412868,7.373265698412103,5.014508763654812,7.355091714646573,1.8244823717543004,1.5876626596984744,150
8.489999999999863,5.006152095731084,7.3724048336006796,5.004698596528008,7.355958732938235,1.6510205538775375,1.4181514781768638,151
8.499999999999863,4.996189219049299,7.371543968789256,4.994888429401205,7.356825751229896,1.4775587360008553,1.2486402966551646,151
8.509999999999863,4.9861952088532755,7.371234845246879,4.984998985335456,7.357699775982843,1.3587827298241846,1.1338464013642084,151
8.519999999999863,4.976198731238552,7.37096944875423,4.9751032583489865,7.358574356017582,1.2443407282649053,1.0233890051358048,151
8.529999999999863,4.966202253623827,7.370704052261582,4.965207531362517,7.359448936052321,1.129898726705618,0.9129316089074899,151
8.539999999999862,4.956205776009103,7.370438655768933,4.955311804376048,7.36032351608706,1.0154567251464268,0.8024742126791823,151
8.549999999999862,4.946209298394378,7.370173259276285,4.945416077389577,7.361198096121799,0.9010147235872358,0.6920168164508672,151
8.559999999999862,4.936212820779653,7.369907862783637,4.935520350403108,7.362072676156539,0.7865727220279485,0.5815594202224713,151
8.569999999999862,4.9262163431649295,7.369642466290988,4.925624623416638,7.362947256191278,0.6721307204686691,0.4711020239940678,151
8.579999999999862,4.916219865550205,7.36937706979834,4.915728896430169,7.363821836226018,0.5576887189093817,0.3606446277657528,152
8.589999999999861,4.906223387935481,7.369111673305691,4.905833169443699,7.364696416260757,0.4432467173501906,0.2501872315374453,152
8.599999999999861,4.896226910320756,7.368846276813043,4.895937442457229,7.365570996295496,0.32880471579099957,0.1397298353090418,152
8.60999999999986,4.886230432706032,7.368580880320394,4.8860417154707605,7.366445576330236,0.21436271423162379,0.029272439080645758,152
8.61999999999986,4.876233955091307,7.368315483827746,4.87614598848429,7.367320156364975,0.0999207126724327,0.08118495714766924,152
8.62999999999986,4.8662374774765835,7.368050087335098,4.866250261497822,7.368194736399714,0.01452128888676615,0.01452128888676615,152
8.63999999999986,4.856240999861859,7.367784690842449,4.856354534511351,7.369069316434453,0.12896329044604565,0.12896329044604565,152
8.64999999999986,4.846244522247135,7.367519294349801,4.846458807524882,7.369943896469192,0.24340529200523672,0.24340529200523672,152
8.65999999999986,4.83624804463241,7.367253897857152,4.836572814199744,7.370833910675292,0.35947137646705296,0.35947137646705296,153
8.66999999999986,4.826251567017685,7.366988501364504,4.826681812181291,7.371731196972636,0.47621709893915753,0.47621709893915753,153
8.67999999999986,4.816255089402961,7.3667231048718556,4.816790810162838,7.37262848326998,0.592962821411262,0.592962821411262,153
8.68999999999986,4.806258611788237,7.366457708379207,4.806899808144385,7.373525769567324,0.7097085438833665,0.7097085438833665,153
8.699999999999859,4.796262134173513,7.366192311886558,4.797008806125933,7.374423055864669,0.8264542663555675,0.8264542663555675,153
8.709999999999859,4.786265656558788,7.36592691539391,4.78711780410748,7.375320342162013,0.943199988827672,0.943199988827672,153
8.719999999999859,4.7762727986090265,7.366249446976396,4.777177492232131,7.376222101722919,1.0013606405538154,1.0013606405538154,153
8.729999999999858,4.766280346564906,7.366637908230504,4.767258176389344,7.3771229545856825,1.0530543586909544,1.0530543586909544,154
8.739999999999858,4.756287894520785,7.367026369484612,4.757315967309553,7.3780501596956745,1.1071625186779221,1.1071625186779221,154
8.749999999999858,4.746295442476664,7.36741483073872,4.747373758229761,7.378977364805666,1.161270678664801,1.161270678664801,154
8.759999999999858,4.736302990432543,7.367803291992828,4.73743154914997,7.379904569915658,1.215378838651769,1.215378838651769,154
8.769999999999857,4.7263105383884225,7.3681917532469345,4.7274893400701785,7.380831775025649,1.2694869986387367,1.2694869986387367,154
8.779999999999857,4.716318086344302,7.368580214501042,4.717547130990387,7.38175898013564,1.3235951586256158,1.3235951586256158,154
8.789999999999857,4.706325634300181,7.36896867575515,4.707604921910596,7.382686185245632,1.3777033186125835,1.3777033186125835,154
8.799999999999857,4.69633318225606,7.369357137009258,4.697662712830804,7.383613390355623,1.4318114785994631,1.4318114785994631,154
8.809999999999857,4.686340730211939,7.369745598263366,4.687763900172923,7.384561153096634,1.4883752139679418,1.4883752139679418,155
8.819999999999856,4.6763482781678185,7.370134059517473,4.677825835015443,7.3855157954277235,1.54525393981266,1.54525393981266,155
8.829999999999856,4.666355826123698,7.370522520771581,4.6678877698579635,7.386470437758813,1.6021326656572978,1.6021326656572978,155
8.839999999999856,4.656363374079577,7.370910982025689,4.657949704700483,7.387425080089904,1.6590113915020162,1.6590113915020162,155
8.849999999999856,4.646370922035456,7.3712994432797965,4.648011639543003,7.388379722420994,1.7158901173466454,1.715642074129819,155
8.859999999999856,4.636378469991335,7.371687904533904,4.6380735743855235,7.3893343647520835,1.7727688431912838,1.7609111810278861,155
8.869999999999855,4.6263860179472145,7.372076365788011,4.628192533443674,7.390289950047971,1.8302954674959027,1.806180287926049,156
8.879999999999855,4.616399751251093,7.372558811754006,4.618256166083429,7.391275489267413,1.880851650637503,1.842032190389104,156
8.889999999999855,4.606442575112598,7.373483280978474,4.608305190883418,7.392262477366358,1.887134214846484,1.8335936619247175,156
8.899999999999855,4.596485398974103,7.374407750202942,4.598354215683407,7.393249465465302,1.8934167790552883,1.8251551334601612,156
8.909999999999854,4.586528222835609,7.37533221942741,4.588403240483397,7.394236453564247,1.899699343264278,1.8167166049957744,156
8.919999999999854,4.576571046697114,7.376256688651878,4.578452265283386,7.395223441663191,1.9059819074730822,1.808278076531307,156
8.929999999999854,4.566613870558619,7.377181157876346,4.5685680764541345,7.3962043911765685,1.912334504935684,1.7998395480669276,157
8.939999999999854,4.556656694420124,7.378105627100814,4.558620903619726,7.397226237646615,1.9221234752846015,1.7914010196025485,157
8.949999999999854,4.54669951828163,7.379030096325282,4.548673730785318,7.398248084116663,1.9319124456335108,1.7829624911380737,157
8.959999999999853,4.536742342143135,7.37995456554975,4.538726557950909,7.399269930586709,1.9417014159824293,1.7745239626736946,157
8.969999999999853,4.5267851660046405,7.380879034774218,4.5287793851165,7.400291777056757,1.9514903863313382,1.7660854342092192,157
8.979999999999853,4.5168279898661465,7.381803503998686,4.518832212282092,7.4013136235268036,1.961279356680257,1.75764690574484,157
8.989999999999853,4.506870813727652,7.3827279732231545,4.508965499210533,7.402339638383245,1.9723212659800518,1.7492083772803726,158
8.999999999999853,4.496913637589157,7.383652442447622,4.499023005985615,7.4034015775940105,1.9861464549783,1.740769848815986,158
9.009999999999852,4.486956461450663,7.38457691167209,4.4890805127606965,7.404463516804775,1.9999716439764503,1.7323313203516069,158
9.019999999999852,4.476999285312168,7.385501380896558,4.479138019535778,7.40552545601554,2.01379683297461,1.7238927918871316,158
9.029999999999852,4.467042109173673,7.386425850121026,4.469195526310859,7.406587395226304,2.02762202197276,1.7154542634227523,158
9.039999999999852,4.457084933035178,7.387350319345495,4.459349507890408,7.407642544486705,2.0418195328101367,1.707015734958277,159
9.049999999999851,4.447127756896684,7.388274788569962,4.449412914496831,7.408751449961051,2.0603776522347097,1.6985772064938984,159
9.059999999999851,4.437170580758189,7.389199257794431,4.439476321103252,7.409860355435397,2.078935771659106,1.6901386780294232,159
9.069999999999851,4.427213404619694,7.390123727018898,4.429539727709674,7.410969260909743,2.0974938910836785,1.6817001495650439,159
9.07999999999985,4.41724322848034,7.3908938670131406,4.419607305227209,7.41207770091811,2.1315339025650797,1.8533038205767454,159
9.08999999999985,4.407271712512313,7.391648101260166,4.409799563084955,7.413190303029385,2.169000888850353,2.169000888850353,160
9.09999999999985,4.397300196544286,7.39240233550719,4.399876183541625,7.414354753206293,2.2103039425526374,2.2103039425526374,160
9.10999999999985,4.3873286805762595,7.393156569754215,4.389952803998296,7.415519203383202,2.2516069962548326,2.2516069962548326,160
9.11999999999985,4.377357164608233,7.393910804001239,4.380029424454965,7.416683653560109,2.2929100499570185,2.2929100499570185,160
9.12999999999985,4.367385648640206,7.394665038248264,4.370267956856394,7.417831445093694,2.334502316942721,2.334502316942721,161
9.13999999999985,4.357414132672179,7.395419272495288,4.360356034803031,7.419064662422701,2.3827699279765167,2.3827699279765167,161
9.14999999999985,4.347442616704153,7.396173506742313,4.350444112749669,7.420297879751709,2.4310375390103234,2.4310375390103234,161
9.15999999999985,4.337471100736126,7.396927740989337,4.3405321906963055,7.421531097080717,2.4793051500441186,2.4793051500441186,161
9.169999999999849,4.327499584768099,7.397681975236362,4.3308446389165605,7.422756160431377,2.5296326817347277,2.5296326817347277,162
9.179999999999849,4.317551986542426,7.398674209513491,4.3209409290885,7.424077377666867,2.5628224359274347,2.5628224359274347,162
9.189999999999849,4.30762978779311,7.39991918821976,4.311029046491632,7.425399685201163,2.570623827242616,2.570623827242616,162
9.199999999999848,4.297707589043793,7.401164166926029,4.301117163894763,7.42672199273546,2.5784252185579613,2.5784252185579613,162
9.209999999999848,4.287785390294477,7.402409145632299,4.29151921382193,7.428106587916663,2.5967286690995914,2.5967286690995914,163
9.219999999999848,4.277863191545161,7.403654124338567,4.281625006128652,7.429544210582057,2.6161953571090146,2.6161953571090146,163
9.229999999999848,4.267940992795845,7.404899103044837,4.272154282389333,7.430922768610212,2.6362529822781866,2.6362529822781866,164
9.239999999999847,4.258018794046529,7.406144081751106,4.262289108045016,7.432519962375957,2.671933121135457,2.671933121135457,164
9.249999999999847,4.248096595297213,7.407389060457374,4.252423933700698,7.434117156141702,2.7076132599927276,2.7076132599927276,164
9.259999999999847,4.238174396547897,7.408634039163644,4.2432424287959405,7.435750524816031,2.758602445085788,2.758602445085788,165
9.269999999999847,4.2282521977985805,7.409879017869913,4.233430293724574,7.437584398777478,2.8185116793301797,2.8185116793301797,165
9.279999999999847,4.218329999049264,7.411123996576182,4.224819531923252,7.4394431784536685,2.905322872130926,2.905322872130926,166
9.289999999999846,4.208407800299948,7.412368975282451,4.217116126618402,7.441208466101587,3.012559008510379,3.012559008510379,166
9.299999999999846,4.198476426061007,7.413534253523371,4.208298962215942,7.444001819504402,3.2011791473197957,3.2011791473197957,167
9.309999999999846,4.188530892539818,7.414576540901645,4.207012731153506,7.444788653424018,3.541680535574834,3.541680535574834,168
9.319999999999846,4.17858535901863,7.415618828279919,4.204270509199597,7.4464661694718455,4.0140819603366245,4.0140819603366245,168
9.329999999999846,4.168639825497442,7.416661115658192,4.204270509199597,7.4464661694718455,4.645306075941439,4.645306075941439,168
9.339999999999845,4.158694291976253,7.417703403036466,4.204270509199597,7.4464661694718455,5.389330486624196,5.389330486624196,168
9.349999999999845,4.148748758455064,7.41874569041474,4.204270509199597,7.4464661694718455,6.205714918438863,6.205714918438863,168
9.359999999999845,4.138805325100577,7.419807493318388,4.204270509199597,7.4464661694718455,7.06850432791372,7.06850432791372,168
9.369999999999845,4.128865749666364,7.42090514544342,4.204270509199597,7.4464661694718455,7.961936767926815,7.961936767926815,168
9.379999999999844,4.1241657434285095,7.4178092419225194,4.204270509199597,7.4464661694718455,8.507639505649124,8.507639505649124,168
9.389999999999844,4.127976533977513,7.408598206881384,4.204270509199597,7.4464661694718455,8.517483927745687,8.517483927745687,168
9.399999999999844,4.133492658832343,7.400530629370219,4.204270509199597,7.4464661694718455,8.437759149820295,8.437759149820295,168
9.409999999999844,4.1420868097199515,7.395417844363882,4.204270509199597,7.4464661694718455,8.045336523293004,8.045336523293004,168
9.419999999999844,4.152006474905706,7.394886367042647,4.204270509199597,7.4464661694718455,7.343027508669872,7.343027508669872,168
9.429999999999843,4.1620029350181404,7.394620312122566,4.204270509199597,7.4464661694718455,6.689200812852623,6.689200812852623,168
9.439999999999843,4.171999395130575,7.394354257202485,4.204270509199597,7.4464661694718455,6.129499329982329,6.129499329982329,168
9.449999999999843,4.181995855243009,7.394088202282404,4.208298962215942,7.444001819504402,5.642005512770843,5.642005512770843,167
9.459999999999843,4.191992315355444,7.393822147362323,4.208298962215942,7.444001819504402,5.276273522211966,5.276273522211966,167
9.469999999999843,4.201926827381023,7.394457472295215,4.216772438851684,7.441317349337608,4.915526682224402,4.915526682224402,167
9.479999999999842,4.211792902258954,7.396088596601654,4.217116126618402,7.441208466101587,4.543280027988604,4.516892228128808,167
9.489999999999842,4.221658977136885,7.397719720908093,4.205197371183457,7.448651077717378,5.352557871710191,4.137565906713809,170
9.499999999999842,4.231525052014816,7.399350845214531,4.227655665500932,7.452333692875971,5.31239522090475,3.7932810322809387,172
9.509999999999842,4.241391126892747,7.40098196952097,4.239419914824378,7.453073826762396,5.212914029484477,3.4516879743047055,173
9.519999999999841,4.25124492068846,7.402672295931,4.249323490996243,7.453448588767512,5.081263431747447,3.1229098825594286,173
9.529999999999841,4.2609457114759035,7.405100187629213,4.260161700801713,7.453767152088053,4.867327914138624,2.7282023823458084,174
9.539999999999841,4.270646502263347,7.407528079327426,4.269899077149151,7.453924018395206,4.640195907806611,2.336593982611821,174
9.54999999999984,4.28034729305079,7.409955971025639,4.279636453496588,7.454080884702359,4.413063901474597,1.9568406073823552,174
9.55999999999984,4.290048083838233,7.412383862723852,4.289994758597957,7.454109087508363,4.17252588595836,1.5770872321529024,175
9.56999999999984,4.299748874625677,7.414811754422064,4.299698636405013,7.454121489157925,3.9309766838313367,1.1986583074772041,175
9.57999999999984,4.30944966541312,7.417239646120277,4.309402514212068,7.454133890807487,3.689427481704313,0.8297230181160482,175
9.58999999999984,4.31915530416342,7.4196477004771015,4.319483757940756,7.454045495460126,3.4399363098435916,0.4626899356521566,176
9.59999999999984,4.328882457194101,7.421967720717897,4.329187873028147,7.453952833902671,3.198657131163704,0.10409846335315473,176
9.60999999999984,4.338609610224783,7.424287740958692,4.338891988115538,7.453860172345215,2.957377952483908,0.24981797487425517,176
9.61999999999984,4.348336763255465,7.426607761199488,4.34882077661736,7.453728674579312,2.7125232008047835,0.600141833175121,177
9.62999999999984,4.358063916286146,7.428927781440284,4.358503441503492,7.4535558729071125,2.463201314783591,0.9504656914758989,177
9.639999999999839,4.367791069316827,7.431247801681079,4.368186106389626,7.453383071234912,2.2138794287624006,1.3007895497766766,177
9.649999999999839,4.377581057639835,7.433239464997203,4.377937444717393,7.453209043982183,1.9972758862671574,1.615764782655841,177
9.659999999999838,4.387477530182772,7.434674676203576,4.3879255696175505,7.45300127817113,1.8332077869468975,1.8332077869468975,178
9.669999999999838,4.397374002725708,7.436109887409949,4.3977810644173125,7.452760336051726,1.665542371701205,1.665542371701205,178
9.679999999999838,4.4072704752686445,7.437545098616321,4.4076365592170745,7.45251939393232,1.4978769564555097,1.4978769564555097,178
9.689999999999838,4.417166947811581,7.4389803098226945,4.417492054016837,7.452278451812916,1.3302115412098166,1.3302115412098166,178
9.699999999999838,4.427063420354518,7.440415521029068,4.427410350689959,7.45203535334377,1.1625010265778015,1.1625010265778015,179
9.709999999999837,4.4369598928974545,7.44185073223544,4.43725519656005,7.451741418320649,0.9895093505839099,0.9895093505839099,179
9.719999999999837,4.446856365440391,7.443285943441813,4.447100042430142,7.45144748329753,0.8165176745900183,0.8165176745900183,179
9.729999999999837,4.456752837983327,7.444721154648186,4.456944888300233,7.45115354827441,0.6435259985960403,0.6435259985960403,179
9.739999999999837,4.466718421928257,7.4452141908929566,4.466886889240598,7.450856712517423,0.5645036006784748,0.5645036006784748,179
9.749999999999837,4.476718392516663,7.445238444367266,4.476901216837204,7.450553266857561,0.5317966043096254,0.5317966043096254,180
9.759999999999836,4.486718363105068,7.445262697841576,4.486888535258909,7.4502097135765615,0.4949941741489013,0.4949941741489013,180
9.769999999999836,4.496718333693474,7.445286951315886,4.496875853680614,7.449866160295561,0.4581917439880916,0.4581917439880916,180
9.779999999999836,4.50671830428188,7.445311204790196,4.50686317210232,7.44952260701456,0.4213893138272819,0.4213893138272819,180
9.789999999999836,4.516718274870286,7.4453354582645055,4.516850490524026,7.449179053733561,0.3845868836665609,0.3845868836665609,180
9.799999999999836,4.526718245458691,7.445359711738815,4.52683780894573,7.44883550045256,0.3477844535057481,0.3477844535057481,180
9.809999999999835,4.536718216047097,7.445383965213125,4.536836095754344,7.448462349841349,0.3080640768519681,0.3080640768519681,181
9.819999999999835,4.546718186635503,7.445408218687435,4.5468204971633455,7.448080019997204,0.26737594661807496,0.26737594661807496,181
9.829999999999835,4.556718157223909,7.445432472161745,4.556804898572348,7.447697690153059,0.22668781638418511,0.22668781638418511,181
9.839999999999835,4.566718127812314,7.445456725636054,4.56678929998135,7.447315360308914,0.18599968615029536,0.18599968615029536,181
9.849999999999834,4.57671809840072,7.445480979110364,4.576773701390351,7.44693303046477,0.1453115559164909,0.1453115559164909,181
9.859999999999834,4.586718068989126,7.445505232584674,4.586758102799354,7.446550700620625,0.10462342568260108,0.10462342568260108,181
9.869999999999834,4.596718039577532,7.445529486058984,4.596743368062245,7.446137015409592,0.06080571058612494,0.06080571058612494,182
9.879999999999834,4.606718010165937,7.445553739533294,4.606724978098796,7.445720872457872,0.016727811143844393,0.016727811143844393,182
9.889999999999834,4.616717980754343,7.445577993007603,4.616706588135349,7.445304729506151,0.027350088298521195,0.027350088298521195,182
9.899999999999833,4.626717951342749,7.445602246481913,4.626688198171902,7.44488858655443,0.07142798774088678,0.07142798774088678,182
9.909999999999833,4.6367179219311545,7.445626499956223,4.636669808208454,7.4444724436027085,0.11550588718325236,0.11550588718325236,182
9.919999999999833,4.646717892519561,7.445650753430533,4.646651418245007,7.4440563006509874,0.15958378662562164,0.15958378662562164,182
9.929999999999833,4.656717863107967,7.4456750069048425,4.656626084870736,7.443621999695479,0.20550576260847533,0.20550576260847533,183
9.939999999999833,4.666717833696373,7.445699260379152,4.666605028566437,7.443175898065814,0.2525882491668371,0.2525882491668371,183
9.949999999999832,4.676717804284778,7.445723513853462,4.676583972262137,7.442729796436149,0.2996707357251988,0.2996707357251988,183
9.959999999999832,4.686717774873184,7.445747767327772,4.686562915957837,7.442283694806484,0.34675322228356453,0.34675322228356453,183
9.969999999999832,4.696710779228421,7.4455250380987055,4.696545926480229,7.441837411372204,0.36913097001730844,0.36913097001730844,183
9.979999999999832,4.70669348461,7.444937166289044,4.7065349494543955,7.441390859155515,0.3549848965925651,0.3549848965925651,183
9.989999999999831,4.716676189991579,7.444349294479383,4.716523972428563,7.4409443069388255,0.3408388231678177,0.3408388231678177,183
9.999999999999831,4.726658895373157,7.443761422669722,4.726503110325483,7.4404758648949905,0.32892489830014404,0.32892489830014404,184
10.009999999999831,4.736641600754736,7.44317355086006,4.736491234490082,7.440002276997336,0.3174836677049759,0.3174836677049759,184
10.01999999999983,4.746624306136314,7.442585679050398,4.74647935865468,7.4395286890996815,0.30604243710989215,0.30604243710989215,184
10.02999999999983,4.756607011517893,7.441997807240737,4.756467482819279,7.439055101202027,0.2946012065148127,0.2946012065148127,184
10.03999999999983,4.766589716899472,7.441409935431076,4.766455606983877,7.4385815133043725,0.28315997591973324,0.28315997591973324,184
10.04999999999983,4.776572422281051,7.440822063621415,4.7764437311484755,7.438107925406718,0.27171874532465373,0.27171874532465373,184
10.05999999999983,4.78655512766263,7.440234191811753,4.786431855313075,7.437634337509063,0.26027751472957,0.26027751472957,184
10.06999999999983,4.7965378330442086,7.439646320002092,4.796419715963045,7.437160223626193,0.2488900728257994,0.2488900728257994,185
10.07999999999983,4.806520538425787,7.439058448192431,4.8064078056333885,7.4366856788701226,0.2375445840125521,0.2375445840125521,185
10.08999999999983,4.816503243807366,7.43847057638277,4.816395895303733,7.4362111341140515,0.22619909519938933,0.22619909519938933,185
10.09999999999983,4.826485949188944,7.437882704573108,4.826383984974077,7.435736589357981,0.2148536063861378,0.2148536063861378,185
10.109999999999829,4.836468654570523,7.437294832763447,4.836372074644421,7.43526204460191,0.20350811757297915,0.20350811757297915,185
10.119999999999829,4.846451359952102,7.436706960953786,4.846360164314766,7.43478749984584,0.19216262875972764,0.19216262875972764,185
10.129999999999828,4.856434065333681,7.436119089144125,4.85634825398511,7.434312955089769,0.1808171399465691,0.1808171399465691,185
10.139999999999828,4.86641677071526,7.435531217334463,4.866336343655455,7.433838410333698,0.1694716511334063,0.1694716511334063,186
10.149999999999828,4.8763994760968385,7.434943345524802,4.8763244333258,7.433363865577628,0.15812616232015478,0.15812616232015478,186
10.159999999999828,4.886382181478417,7.434355473715141,4.8863125229961435,7.432889320821557,0.14678067350699617,0.14678067350699617,186
10.169999999999828,4.896364886859996,7.43376760190548,4.896300612666488,7.432414776065487,0.13543518469374463,0.13543518469374463,186
10.179999999999827,4.906347592241574,7.4331797300958184,4.906288702336832,7.431940231309416,0.12408969588058182,0.12408969588058182,186
10.189999999999827,4.916330297623153,7.432591858286156,4.916276792007176,7.431465686553346,0.1127442070672458,0.1127442070672458,186
10.199999999999827,4.926313003004732,7.432003986476495,4.926264881677521,7.430991141797275,0.10139871825408299,0.10139871825408299,186
10.209999999999827,4.936295708386311,7.431416114666834,4.936252971347866,7.430516597041204,0.09005322944092019,0.09005322944092019,187
10.219999999999827,4.94627841376789,7.430828242857173,4.94624106101821,7.430042052285134,0.07870774062767288,0.07870774062767288,187
10.229999999999826,4.9562611191494685,7.430240371047511,4.9562291506885545,7.429567507529063,0.06736225181451007,0.06736225181451007,187
10.239999999999826,4.966243824531047,7.42965249923785,4.966217240358899,7.429092962772993,0.056016763001258546,0.056016763001258546,187
10.249999999999826,4.976226529912626,7.429064627428189,4.976205330029243,7.428618418016922,0.04467127418809995,0.04467127418809995,187
10.259999999999826,4.986209235294204,7.428476755618528,4.986193419699587,7.428143873260852,0.03332578537484843,0.03332578537484843,187
10.269999999999825,4.996191940675783,7.427888883808866,4.996181509369932,7.427669328504781,0.021980296561685618,0.021980296561685618,187
10.279999999999825,5.006175624899905,7.427317894778662,5.006169775366003,7.427194775371287,0.01232582878318187,0.01232582878318187,187
10.289999999999825,5.016159380454284,7.426748136031125,5.0161580542112905,7.426720221627314,0.002794589165840507,0.002794589165840507,188
10.299999999999825,5.026143136008663,7.426178377283588,5.026146333056578,7.42624566788334,0.006736650451412141,0.006736650451412141,188
10.309999999999825,5.036126891563042,7.42560861853605,5.036134611901864,7.425771114139367,0.016267890068749288,0.016267890068749288,188
10.319999999999824,5.0461106471174215,7.425038859788514,5.046122890747151,7.425296560395394,0.025799129686001936,0.025799129686001936,188
10.329999999999824,5.0560944026718015,7.424469101040977,5.056111169592439,7.4248220066514214,0.0353303693033433,0.0353303693033433,188
10.339999999999824,5.066078158226181,7.423899342293439,5.066099448437726,7.424347452907448,0.04486160892059595,0.04486160892059595,188
10.349999999999824,5.07606191378056,7.423329583545903,5.076087727283014,7.423872899163475,0.054392848537848607,0.054392848537848607,188
10.359999999999824,5.086045669334939,7.422759824798366,5.0860760061283,7.423398345419502,0.06392408815518574,0.06392408815518574,189
10.369999999999823,5.096029424889318,7.422190066050828,5.096064284973587,7.422923791675529,0.07345532777252711,0.07345532777252711,189
10.379999999999823,5.106013180443697,7.421620307303291,5.106052563818874,7.422449237931555,0.08298656738977975,0.08298656738977975,189
10.389999999999823,5.115996935998077,7.421050548555755,5.116040842664162,7.421974684187582,0.0925178070070324,0.0925178070070324,189
10.399999999999823,5.125980691552456,7.4204807898082175,5.12602912150945,7.421500130443609,0.10204904662437378,0.10204904662437378,189
10.409999999999823,5.1359644471068355,7.41991103106068,5.136017400354736,7.421025576699635,0.11158028624162221,0.11158028624162221,189
10.419999999999822,5.145948202661215,7.419341272313143,5.146005679200023,7.420551022955662,0.12111152585896358,0.12111152585896358,189
10.429999999999822,5.155920234654656,7.418594033894407,5.155990674144937,7.4200766252332855,0.148426372316671,0.148426372316671,190
10.439999999999822,5.165892187839739,7.417845602418254,5.165975647014749,7.419602228559722,0.17586076409425955,0.17586076409425955,190
10.449999999999822,5.175864141024823,7.4170971709421005,5.175960619884561,7.419127831886157,0.20329515587175936,0.20329515587175936,190
10.459999999999821,5.185836094209907,7.416348739465947,5.185945592754374,7.418653435212592,0.23072954764925918,0.23072954764925918,190
10.469999999999821,5.19580804739499,7.415600307989794,5.195930565624185,7.418179038539027,0.258163939426759,0.258163939426759,190
10.479999999999821,5.205780000580074,7.41485187651364,5.205915538493998,7.417704641865463,0.2855983312043476,0.2855983312043476,190
10.48999999999982,5.215751953765157,7.414103445037487,5.2159005113638095,7.417230245191898,0.3130327229818474,0.3130327229818474,190
10.49999999999982,5.225723906950241,7.4133550135613335,5.225885484233622,7.416755848518333,0.3404671147593472,0.3404671147593472,190
10.50999999999982,5.2356958601353245,7.41260658208518,5.2358704571034345,7.416281451844768,0.367901506536847,0.367901506536847,191
10.51999999999982,5.2456678133204075,7.411858150609027,5.245855429973246,7.415807055171204,0.3953358983143469,0.3953358983143469,191
10.52999999999982,5.2556397665054915,7.411109719132874,5.2558404028430585,7.41533265849764,0.4227702900919354,0.4227702900919354,191
10.53999999999982,5.2656117196905745,7.41036128765672,5.265825375712871,7.414858261824075,0.45020468186952817,0.45020468186952817,191
10.54999999999982,5.275583672875658,7.4096128561805665,5.2758103485826835,7.41438386515051,0.47763907364702807,0.47763907364702807,191
10.55999999999982,5.2855556260607415,7.408864424704413,5.285795321452495,7.4139094684769455,0.5050734654245279,0.5050734654245279,191
10.569999999999819,5.295527579245825,7.40811599322826,5.295780294322308,7.413435071803381,0.5325078572020276,0.5325078572020276,191
10.579999999999819,5.305499532430909,7.407367561752107,5.30576526719212,7.412960675129816,0.5599422489795275,0.5599422489795275,192
10.589999999999819,5.315471485615992,7.406619130275953,5.315750240061932,7.412486278456251,0.587376640757116,0.587376640757116,192
10.599999999999818,5.325443438801076,7.4058706987997995,5.325735212931744,7.4120118817826866,0.6148110325346159,0.6148110325346159,192
10.609999999999818,5.335415391986159,7.405122267323646,5.335720185801556,7.411537485109122,0.6422454243121157,0.6422454243121157,192
10.619999999999818,5.345388437685921,7.404389993890446,5.345705482768667,7.411063073037351,0.668060647586388,0.668060647586388,192
10.629999999999818,5.355370377135527,7.403789256989299,5.355693418089622,7.4105885356145835,0.6806948309064422,0.6806948309064422,192
10.639999999999818,5.365352316585133,7.403188520088152,5.365681353410577,7.410113998191816,0.6933290142264964,0.6933290142264964,192
10.649999999999817,5.375334256034739,7.402587783187006,5.375669288731531,7.409639460769049,0.705963197546462,0.705963197546462,193
10.659999999999817,5.385316195484345,7.40198704628586,5.385657224052486,7.409164923346282,0.7185973808665163,0.7185973808665163,193
10.669999999999817,5.395298134933951,7.401386309384713,5.395645159373441,7.408690385923515,0.7312315641866592,0.7312315641866592,193
10.679999999999817,5.4052800743835565,7.400785572483567,5.405633094694395,7.408215848500748,0.7438657475066247,0.7438657475066247,193
10.689999999999817,5.415000864825358,7.402473019983265,5.415251999946644,7.407758844088768,0.529178659088374,0.529178659088374,193
10.699999999999816,5.424590747886352,7.405307476346741,5.424685919775668,7.407310628530857,0.20054117685017692,0.20054117685017692,193
10.709999999999816,5.434180630947346,7.408141932710217,5.434119839604692,7.406862412972948,0.12809630538793162,0.12809630538793162,193
10.719999999999816,5.4437705140083406,7.410976389073694,5.443553759433716,7.406414197415037,0.4567337876262175,0.4567337876262175,193
10.729999999999816,5.453360397069335,7.41381084543717,5.4529876792627405,7.405965981857126,0.7853712698644149,0.7853712698644149,194
10.739999999999815,5.462981438762174,7.416534863925519,5.462457922751,7.405516040523558,1.1031252792750028,1.1031252792750028,194
10.749999999999815,5.472638638319683,7.419130725383004,5.4719703178318415,7.405064096523027,1.408249621902346,1.408249621902346,194
10.759999999999815,5.482295837877191,7.42172658684049,5.4814827129126815,7.404612152522495,1.7133739645297827,1.7133739645297827,194
10.769999999999815,5.491953037434699,7.424322448297975,5.4909951079935215,7.404160208521963,2.0184983071572185,2.0184983071572185,194
10.779999999999815,5.5016102369922075,7.42691830975546,5.500507503074362,7.403708264521432,2.3236226497845625,2.3236226497845625,194
10.789999999999814,5.511267436549716,7.429514171212945,5.510019898155202,7.4032563205209,2.628746992411999,2.628746992411999,194
10.799999999999814,5.520924636107224,7.432110032670431,5.519532293236042,7.402804376520368,2.9338713350394348,2.9338713350394348,195
10.809999999999814,5.530785862173668,7.433628388481796,5.529299333453547,7.402340334058745,3.132334779705933,3.132334779705933,195
10.819999999999814,5.5407235683456095,7.434742837242465,5.539161828359846,7.401871756443402,3.2908159849521197,3.2908159849521197,195
10.829999999999814,5.550661274517551,7.435857286003134,5.549024323266145,7.401403178828059,3.449297190198302,3.449297190198302,195
10.839999999999813,5.560598980689493,7.4369717347638025,5.558886818172444,7.400934601212717,3.6077783954443996,3.6077783954443996,195
10.849999999999813,5.570536686861434,7.438086183524471,5.568749313078743,7.4004660235973745,3.7662596006905824,3.7662596006905824,195
10.859999999999813,5.580474393033375,7.439200632285141,5.578611807985042,7.399997445982032,3.9247408059368527,3.9247408059368527,195
10.869999999999813,5.590412099205317,7.44031508104581,5.58847430289134,7.399528868366689,4.08322201118304,4.08322201118304,195
10.879999999999812,5.600349805377258,7.441429529806479,5.598336797797639,7.399060290751347,4.2417032164291335,4.2417032164291335,196
10.889999999999812,5.610287511549199,7.442543978567148,5.6081992927039375,7.398591713136004,4.40018442167532,4.40018442167532,196
10.899999999999812,5.62022521772114,7.443658427327817,5.618061787610237,7.398123135520661,4.558665626921502,4.558665626921502,196
10.909999999999812,5.6301629238930815,7.444772876088487,5.627924282516535,7.3976545579053195,4.717146832167689,4.717146832167689,196
10.919999999999812,5.640100630065023,7.4458873248491555,5.637786777422834,7.397185980289977,4.875628037413871,4.875628037413871,196
10.929999999999811,5.650061842126816,7.446455380840393,5.64769862651294,7.396715057804905,4.979643083306643,4.979643083306643,196
10.939999999999811,5.660058542525777,7.446198512910487,5.657684988753861,7.396240595120843,5.001427103722532,5.001427103722532,196
10.949999999999811,5.670055242924738,7.44594164498058,5.667671350994781,7.39576613243678,5.023211124138426,5.023211124138426,197
10.95999999999981,5.680051943323698,7.445684777050674,5.677657713235701,7.395291669752718,5.04499514455432,5.04499514455432,197
10.96999999999981,5.690048643722659,7.4454279091207685,5.687644075476622,7.394817207068654,5.066779164970298,5.066779164970298,197
10.97999999999981,5.7000453441216195,7.4451710411908625,5.6976304377175415,7.394342744384592,5.0885631853861915,5.0885631853861915,197
10.98999999999981,5.710042044520581,7.4449141732609565,5.707616799958463,7.393868281700529,5.11034720580217,5.11034720580217,197
10.99999999999981,5.720038744919541,7.44465730533105,5.717603162199382,7.393393819016467,5.132131226217975,5.132131226217975,197
11.00999999999981,5.730035445318501,7.444400437401144,5.727589524440303,7.392919356332404,5.153915246633954,5.153915246633954,197
11.01999999999981,5.740032145717462,7.444143569471238,5.737575886681223,7.392444893648341,5.175699267049847,5.175699267049847,198
11.02999999999981,5.750028846116423,7.443886701541332,5.747562248922143,7.391970430964278,5.19748328746583,5.19748328746583,198
11.039999999999809,5.760025546515384,7.443629833611425,5.757548611163064,7.391495968280216,5.219267307881631,5.219267307881631,198
11.049999999999809,5.769925317119803,7.442230720644924,5.767492408965918,7.391023527877845,5.1264955214746655,5.1264955214746655,198
11.059999999999809,5.77982235675817,7.440799425288757,5.777435007529302,7.390551144452616,5.030496161740168,5.030496161740168,198
11.069999999999808,5.789719396396538,7.439368129932591,5.787377606092688,7.390078761027388,4.934496802005666,4.934496802005666,198
11.079999999999808,5.7996164360349045,7.437936834576425,5.797320204656073,7.389606377602159,4.838497442271257,4.838497442271257,198
11.089999999999808,5.809513475673272,7.436505539220259,5.807262803219458,7.38913399417693,4.742498082536759,4.742498082536759,198
11.099999999999808,5.819410515311639,7.435074243864093,5.817205401782842,7.388661610751702,4.646498722802262,4.646498722802262,199
11.109999999999808,5.829307554950007,7.433642948507927,5.827148000346227,7.388189227326472,4.5504993630679405,4.5504993630679405,199
11.119999999999807,5.839204594588374,7.432211653151761,5.837090598909612,7.387716843901243,4.454500003333443,4.454500003333443,199
11.129999999999807,5.8491016342267415,7.430780357795594,5.847033197472997,7.387244460476015,4.358500643598945,4.358500643598945,199
11.139999999999807,5.858998673865108,7.429349062439429,5.856975796036381,7.386772077050786,4.262501283864537,4.262501283864537,199
11.149999999999807,5.868895713503476,7.427917767083263,5.866918394599766,7.386299693625557,4.1665019241300385,4.1665019241300385,199
11.159999999999807,5.878792753141843,7.426486471727096,5.8768609931631515,7.3858273102003285,4.070502564395537,4.070502564395537,199
11.169999999999806,5.888689792780211,7.425055176370931,5.886803591726537,7.3853549267751,3.9745032046611275,3.9745032046611275,200
11.179999999999806,5.8985868324185775,7.423623881014764,5.896746190289921,7.384882543349871,3.87850384492663,3.87850384492663,200
11.189999999999806,5.9084414513513135,7.421944410401884,5.906658228202484,7.384411611893644,3.7575136043115513,3.7575136043115513,200
11.199999999999806,5.91825199420175,7.4200070800274425,5.916538512900652,7.3839421890663814,3.610557267517625,3.610557267517625,200
11.209999999999805,5.928062537052187,7.418069749653001,5.92641879759882,7.3834727662391195,3.463600930723615,3.463600930723615,200
11.219999999999805,5.937873079902625,7.4161324192785605,5.936299082296988,7.383003343411858,3.3166445939296927,3.3166445939296927,200
11.229999999999805,5.947683622753062,7.414195088904119,5.946179366995156,7.382533920584596,3.1696882571356824,3.1696882571356824,200
11.239999999999805,5.957494165603499,7.412257758529678,5.956059651693324,7.382064497757334,3.0227319203416716,3.0227319203416716,201
11.249999999999805,5.967304708453936,7.410320428155236,5.965939936391491,7.381595074930071,2.87577558354775,2.87577558354775,201
11.259999999999804,5.977115251304373,7.408383097780796,5.975820221089659,7.381125652102809,2.7288192467538277,2.7288192467538277,201
11.269999999999804,5.986925794154811,7.406445767406354,5.985700505787827,7.380656229275547,2.5818629099598174,2.5818629099598174,201
11.279999999999804,5.996736337005248,7.404508437031913,5.995580790485995,7.380186806448285,2.4349065731658066,2.4349065731658066,201
11.289999999999804,6.0065468798556845,7.402571106657471,6.005461075184162,7.379717383621023,2.2879502363717963,2.2879502363717963,201
11.299999999999804,6.016357422706122,7.400633776283031,6.015341359882331,7.37924796079376,2.140993899577959,2.140993899577959,201
11.309999999999803,6.026167965556559,7.398696445908589,6.025221644580499,7.3787785379664985,1.9940375627839484,1.9940375627839484,201
11.319999999999803,6.035978508406997,7.396759115534148,6.035101929278667,7.378309115139237,1.8470812259899378,1.8470812259899378,202
11.329999999999803,6.045785667485186,7.394805092844628,6.044979629109043,7.37783981512179,1.6984414799363035,1.6984414799363035,202
11.339999999999803,6.055576190837487,7.392769005300335,6.054844620887902,7.377371118877379,1.5415255459621042,1.5415255459621042,202
11.349999999999802,6.06536671418979,7.390732917756041,6.064709612666763,7.376902422632967,1.3846096119879006,1.3846096119879006,202
11.359999999999802,6.075157237542092,7.388696830211747,6.074574604445623,7.376433726388555,1.227693678013701,1.227693678013701,202
11.369999999999802,6.084947760894393,7.386660742667454,6.084439596224482,7.375965030144144,1.0707777440395017,1.0707777440395017,202
11.379999999999802,6.094738284246695,7.38462465512316,6.094304588003341,7.375496333899732,0.9138618100653023,0.9138618100653023,202
11.389999999999802,6.104528807598997,7.382588567578866,6.1041695797822015,7.375027637655321,0.7569458760910099,0.7569458760910099,203
11.399999999999801,6.114319330951298,7.380552480034573,6.114034571561061,7.374558941410909,0.6000299421168993,0.6000299421168993,203
11.409999999999801,6.1241098543036,7.378516392490279,6.12389956333992,7.374090245166497,0.4431140081427001,0.4431140081427001,203
11.419999999999801,6.133900377655903,7.376480304945986,6.1337645551187805,7.3736215489220855,0.2861980741685006,0.2861980741685006,203
11.4299999999998,6.143690901008204,7.374444217401692,6.143629546897641,7.3731528526776735,0.1292821401942971,0.1292821401942971,203
11.4399999999998,6.153481424360506,7.372408129857398,6.1534945386765,7.3726841564332615,0.027633793779902303,0.027633793779902303,203
11.4499999999998,6.163271947712808,7.370372042313105,6.1633595304553594,7.37221546018885,0.18454972775410167,0.18454972775410167,203
11.4599999999998,6.173062471065109,7.368335954768811,6.17344028906408,7.371671382696483,0.33567582428645404,0.33567582428645404,204
11.4699999999998,6.182852994417411,7.366299867224517,6.1833344955966725,7.370550624162765,0.42779408520564133,0.42779408520564133,204
11.4799999999998,6.192643517769714,7.364263779680224,6.193228702129267,7.369429865629047,0.5199123461247502,0.3107636399191495,204
11.4899999999998,6.202434041122015,7.36222769213593,6.20312290866186,7.368309107095329,0.6120306070439376,0.17030867892048898,204
11.4999999999998,6.212224564474317,7.360191604591636,6.213017115194454,7.36718834856161,0.7041488679630467,0.02985371792183414,204
11.509999999999799,6.222015087826619,7.358155517047343,6.2229113217270475,7.3660675900278925,0.7962671288821557,0.11060124307673777,204
11.519999999999799,6.231845809373419,7.356345079168051,6.232819980723923,7.364945194402547,0.8655113625294268,0.22828002993247357,204
11.529999999999799,6.241737155755239,7.354874954426796,6.2427504361789135,7.3638203298003955,0.9002581729237643,0.2816956856110579,204
11.539999999999798,6.251628502137059,7.35340482968554,6.253188685462239,7.362119752485615,0.8853476798378905,0.3210720443632489,205
11.549999999999798,6.261519848518879,7.351934704944285,6.263027876682545,7.360358297745586,0.8557515096366529,0.36044840311534204,205
11.559999999999798,6.271411194900699,7.350464580203029,6.272867067902852,7.358596843005558,0.82615533943559,0.3998247618675331,205
11.569999999999798,6.2813025412825185,7.348994455461773,6.2827062591231595,7.356835388265529,0.7965591692344551,0.4392011206197145,205
11.579999999999798,6.291193887664339,7.3475243307205185,6.292545450343467,7.355073933525501,0.7669629990333047,0.47857747937181716,205
11.589999999999797,6.301085234046159,7.346054205979263,6.302384641563774,7.3533124787854725,0.7373668288321542,0.5085913294370553,205
11.599999999999797,6.310976580427979,7.344584081238008,6.312223832784081,7.351551024045444,0.707770658630932,0.497877618174692,205
11.609999999999797,6.320867926809799,7.343113956496752,6.322419793496131,7.349448481798899,0.6521847975512127,0.4871639069123147,206
11.619999999999797,6.330759273191619,7.341643831755497,6.332090862028623,7.34707921048638,0.5596112112795112,0.4764501956499512,206
11.629999999999797,6.340650619573439,7.340173707014241,6.3417619305611135,7.344709939173861,0.4670376250078748,0.4657364843875738,206
11.639999999999796,6.3505419659552595,7.338703582272986,6.351432999093606,7.342340667861342,0.3744640387361733,0.3744640387361733,206
11.649999999999796,6.360433312337079,7.33723345753173,6.361104067626098,7.339971396548823,0.2818904524645581,0.2818904524645581,206
11.659999999999796,6.3703353520869035,7.335850138623558,6.370765161987051,7.33760456876345,0.18063116193028217,0.18063116193028217,206
11.669999999999796,6.380287768743426,7.334875765648274,6.380379267606122,7.3352492525373,0.03845315307600528,0.03845315307600528,206
11.679999999999795,6.390240185399949,7.333901392672991,6.389993373225193,7.332893936311149,0.10372485577835791,0.10372485577835791,206
11.689999999999795,6.400192602056472,7.332927019697707,6.3993023097708495,7.330067938982022,0.2994488753133713,0.012382808406684272,207
11.699999999999795,6.410145018712995,7.331952646722423,6.408651589997706,7.327156656339167,0.5023131800375331,0.10492337153095409,207
11.709999999999795,6.4200974353695175,7.3309782737471405,6.418000870224561,7.324245373696312,0.705177484761806,0.23676435129776538,207
11.719999999999795,6.43004985202604,7.330003900771857,6.427350150451417,7.321334091053457,0.908041789485968,0.4177682990174404,207
11.729999999999794,6.440002268682563,7.329029527796573,6.436699430678274,7.318422808410602,1.1109060942100186,0.5987722467371399,207
11.739999999999794,6.449954685339086,7.328055154821289,6.4460487109051305,7.315511525767747,1.3137703989341805,0.7797761944568149,207
11.749999999999794,6.45990710199561,7.327080781846006,6.455397991131987,7.312600243124892,1.5166347036584533,0.9607801421766853,207
11.759999999999794,6.469859518652132,7.326106408870722,6.463828698710577,7.309974995828311,1.7221883634270314,1.1417840898963603,207
11.769999999999794,6.479811935308655,7.325132035895439,6.472791283789646,7.306582775118938,1.9833421870822099,1.3645685713436744,208
11.779999999999793,6.489764351965178,7.324157662920156,6.481819215750976,7.303165821473102,2.24451018442882,1.6163781745428663,208
11.789999999999793,6.499716768621701,7.323183289944872,6.490847147712306,7.299748867827266,2.505678181775348,1.868187777741891,208
11.799999999999793,6.5096578237845,7.322117595626925,6.499895374786676,7.296324232747765,2.757903151039091,2.11103376156538,208
11.809999999999793,6.51954559380588,7.320623606335034,6.509038785469357,7.292863571922962,2.9681855265125283,2.31184057891409,208
11.819999999999792,6.529433363827261,7.319129617043144,6.51818219615204,7.289402911098158,3.1784679019861315,2.519048550056598,208
11.829999999999792,6.539321133848642,7.317635627751253,6.527325606834723,7.285942250273354,3.388750277459539,2.7983241522002733,208
11.839999999999792,6.549208903870022,7.316141638459363,6.53634185638197,7.282529718267775,3.599058335211337,3.0777176844696523,208
11.849999999999792,6.5590966738914025,7.314647649167472,6.543356316949269,7.279397527306265,3.8604791514729286,3.357111216739032,209
11.859999999999792,6.568984443912783,7.3131536598755815,6.552156513571467,7.2754679455436895,4.127217348622631,3.6365047490084916,209
11.869999999999791,6.578872213934163,7.3116596705836905,6.560956710193666,7.271538363781113,4.393955545772297,3.91589828127787,209
11.879999999999791,6.588759983955544,7.3101656812918,6.569756906815865,7.267608782018538,4.660693742921965,4.229585768222779,209
11.889999999999791,6.598647753976924,7.308671691999909,6.578557103438063,7.263679200255962,4.927431940071631,4.558317641307996,209
11.89999999999979,6.608535523998305,7.307177702708019,6.587357300060263,7.259749618493386,5.194170137221377,4.8870495143933335,209
11.90999999999979,6.618423294019686,7.305683713416128,6.596157496682462,7.25582003673081,5.460908334370964,5.21578138747855,209
11.91999999999979,6.628311064041066,7.304189724124238,6.60495769330466,7.251890454968234,5.7276465315207465,5.544513260563888,209
11.92999999999979,6.638198834062447,7.302695734832347,6.610615365051842,7.24921962171803,6.017094345673992,5.873245133649185,210
11.93999999999979,6.647769230880209,7.299918740474715,6.619305951480788,7.244736937628138,6.209017345416265,6.073674047234993,210
11.94999999999979,6.657213209666881,7.296630691710344,6.6281048966068,7.240198361129684,6.3497258397261085,6.222996543082415,210
11.95999999999979,6.666657188453553,7.293342642945972,6.636903841732812,7.2356597846312285,6.490434334036071,6.372319038929998,210
11.96999999999979,6.676101167240225,7.2900545941816,6.645702786858824,7.231121208132773,6.631142828345994,6.521641534777539,210
11.979999999999789,6.685545146026897,7.286766545417229,6.654501731984836,7.226582631634318,6.771851322655915,6.6709640306250835,210
11.989999999999789,6.694989124813569,7.283478496652857,6.663300677110848,7.222044055135863,6.912559816965798,6.820286526472624,210
11.999999999999789,6.704433103600241,7.280190447888486,6.6720996222368605,7.217505478637408,7.053268311275721,6.969609022320164,210
12.009999999999788,6.7138770823869125,7.276902399124114,6.680379495578799,7.2132337330282015,7.194294520243047,7.118931518167628,211
12.019999999999788,6.723321061173585,7.273614350359742,6.689130941422039,7.2086293909741554,7.34303018853351,7.26825401401517,211
12.029999999999788,6.732765039960256,7.270326301595371,6.6978823872652775,7.204025048920109,7.491765856823973,7.417576509862711,211
12.039999999999788,6.742209018746928,7.267038252830999,6.706633833108517,7.199420706866063,7.640501525114436,7.566899005710254,211
12.049999999999788,6.751652997533601,7.263750204066627,6.715385278951758,7.194816364812017,7.789237193404778,7.716221501557717,211
12.059999999999787,6.761096976320273,7.260462155302255,6.724136724794998,7.1902120227579704,7.937972861695321,7.865543997405259,211
12.069999999999787,6.770540955106944,7.257174106537883,6.732888170638237,7.185607680703925,8.086708529985705,8.01486649325272,211
12.079999999999787,6.779026868925718,7.251883977265034,6.741714237687177,7.180964078673678,8.013653639976955,7.942403473799839,211
12.089999999999787,6.787512043915906,7.246592304052724,6.7505403622815665,7.176320446367413,7.940427712293328,7.8697694205612,211
12.099999999999786,6.795997218906095,7.241300630840414,6.759366486875956,7.171676814061147,7.867201784609821,7.797135367322559,212
12.109999999999786,6.804482393896283,7.236008957628104,6.768192611470346,7.167033181754882,7.793975856926116,7.724501314083722,212
12.119999999999786,6.812967568886471,7.230717284415794,6.777018736064735,7.1623895494486165,7.720749929242611,7.651867260845083,212
12.129999999999786,6.82145274387666,7.225425611203485,6.785844860659125,7.157745917142351,7.647524001559105,7.579233207606443,212
12.139999999999786,6.829937918866848,7.220133937991174,6.794670985253515,7.153102284836086,7.574298073875399,7.506599154367724,212
12.149999999999785,6.8384230938570365,7.214842264778865,6.803497109847905,7.14845865252982,7.501072146191892,7.433965101129086,212
12.159999999999785,6.8469082688472245,7.209550591566555,6.812323234442295,7.143815020223555,7.4278462185082645,7.361331047890405,212
12.169999999999785,6.855393443837413,7.2042589183542445,6.821149359036685,7.13917138791729,7.354620290824679,7.288696994651686,212
12.179999999999785,6.863878618827601,7.198967245141935,6.829975483631075,7.134527755611024,7.281394363141132,7.216062941412969,213
12.189999999999785,6.87236379381779,7.193675571929625,6.838801608225465,7.129884123304759,7.208168435457547,7.143428888174408,213
12.199999999999784,6.880848968807978,7.188383898717315,6.847627732819855,7.125240490998493,7.1349425077739195,7.070794834935571,213
12.209999999999784,6.889334143798167,7.183092225505005,6.856453857414245,7.1205968586922275,7.061716580090413,6.998160781696973,213
12.219999999999784,6.897839126931736,7.177832651952841,6.865282268773479,7.115952023265046,6.992253728186339,6.929289956920846,213
12.229999999999784,6.906374014701967,7.172621539715559,6.874114132494224,7.111305371469053,6.928472045473891,6.866100531844148,213
12.239999999999783,6.914908902472199,7.167410427478277,6.8829459962149695,7.106658719673058,6.8646903627615234,6.802911106767406,213
12.249999999999783,6.92344379024243,7.162199315240995,6.891777859935715,7.102012067877064,6.800908680049156,6.739721681690708,213
12.259999999999783,6.931978678012662,7.156988203003713,6.90060972365646,7.097365416081071,6.737126997336632,6.676532256613887,214
12.269999999999783,6.940513565782894,7.151777090766431,6.909441587377207,7.092718764285077,6.673345314624221,6.613342831537189,214
12.279999999999783,6.949048453553124,7.146565978529149,6.918273451097951,7.088072112489083,6.609563631911774,6.550153406460449,214
12.289999999999782,6.957583341323356,7.141354866291867,6.9271053148186965,7.083425460693089,6.545781949199406,6.486963981383749,214
12.299999999999782,6.9661182290935875,7.136143754054586,6.935937178539442,7.078778808897096,6.482000266486959,6.423774556307051,214
12.309999999999782,6.974653116863819,7.130932641817304,6.944769042260187,7.0741321571011015,6.418218583774592,6.3605851312303106,214
12.319999999999782,6.983188004634051,7.125721529580022,6.953600905980933,7.069485505305107,6.354436901062225,6.297395706153612,214
12.329999999999782,6.991722892404282,7.120510417342739,6.962432769701679,7.064838853509113,6.290655218349736,6.234206281076792,214
12.339999999999781,7.000257780174514,7.115299305105458,6.971264633422424,7.06019220171312,6.2268735356372895,6.171016856000093,215
12.349999999999781,7.0087926679447445,7.110088192868176,6.980096497143169,7.0555455499171265,6.1630918529248415,6.107827430923394,215
12.359999999999781,7.017327555714976,7.104877080630894,6.988928360863915,7.050898898121132,6.0993101702124335,6.044638005846654,215
12.36999999999978,7.025862443485208,7.099665968393612,6.997760224584661,7.046252246325138,6.035528487500065,5.981448580769955,215
12.37999999999978,7.034397331255439,7.0944548561563305,7.006592088305406,7.041605594529145,5.971746804787618,5.918259155693256,215
12.38999999999978,7.042932219025671,7.089243743919049,7.015423952026151,7.0369589427331505,5.907965122075251,5.855069730616514,215
12.39999999999978,7.0514671067959025,7.084032631681766,7.024255815746897,7.032312290937156,5.844183439362804,5.7918803055397365,215
12.40999999999978,7.059950962221759,7.078739067159111,7.033081686190424,7.027668792345654,5.77072869226241,5.719017415881722,215
12.41999999999978,7.068421945109307,7.073424704646179,7.04190604487329,7.023026089127089,5.694833984909046,5.64371446502483,216
12.42999999999978,7.076892927996856,7.068110342133247,7.050730403556158,7.018383385908523,5.618939277555639,5.568411514167979,216
12.43999999999978,7.085363910884404,7.062795979620315,7.059554762239024,7.013740682689957,5.543044570202276,5.493108563311086,216
12.449999999999779,7.0938348937719535,7.057481617107383,7.068379120921892,7.009097979471392,5.46714986284887,5.417805612454156,216
12.459999999999779,7.102305876659502,7.052167254594452,7.0772034796047585,7.004455276252826,5.3912551554955845,5.3425026615973845,216
12.469999999999779,7.11077685954705,7.04685289208152,7.086027838287625,6.99981257303426,5.315360448142219,5.267199710740455,216
12.479999999999778,7.119247842434599,7.041538529568588,7.094852196970493,6.995169869815695,5.239465740788813,5.191896759883603,216
12.489999999999778,7.127718825322147,7.036224167055656,7.10367655565336,6.990527166597129,5.163571033435408,5.1165938090267105,216
12.499999999999778,7.136189808209696,7.030909804542725,7.112500914336227,6.9858844633785635,5.087676326082121,5.041290858169859,217
12.509999999999778,7.144660791097245,7.025595442029793,7.121325273019093,6.981241760159998,5.011781618728758,4.965987907313007,217
12.519999999999778,7.153139699164152,7.020293735718449,7.130150623593596,6.97659853508385,4.93737597726425,4.892174088596976,217
12.529999999999777,7.1616196088144575,7.014993628896634,7.1389760995232665,6.971955244055391,4.863158523802354,4.818548466256463,217
12.539999999999777,7.170099518464762,7.009693522074818,7.147801575452936,6.967311953026933,4.788941070340379,4.74492284391591,217
12.549999999999777,7.178579428115068,7.004393415253004,7.156627051382607,6.9626686619984755,4.714723616878483,4.671297221575397,217
12.559999999999777,7.1870593377653735,6.999093308431188,7.165452527312278,6.958025370970017,4.640506163416545,4.597671599234846,217
12.569999999999776,7.195539247415679,6.993793201609374,7.174278003241949,6.953382079941559,4.566288709954649,4.5240459768944525,217
12.579999999999776,7.204019157065985,6.988493094787558,7.183103479171619,6.9487387889131,4.492071256492794,4.450420354553859,218
12.589999999999776,7.21249906671629,6.983192987965744,7.191928955101289,6.944095497884642,4.417853803030898,4.376794732213387,218
12.599999999999776,7.220978976366595,6.977892881143928,7.20075443103096,6.939452206856183,4.3436363495689605,4.303169109872794,218
12.609999999999776,7.229458886016901,6.972592774322113,7.209579906960631,6.934808915827724,4.269418896107065,4.229543487532322,218
12.619999999999775,7.2379387956672065,6.967292667500298,7.218405382890301,6.930165624799266,4.195201442645169,4.155917865191849,218
12.629999999999775,7.246418705317512,6.961992560678483,7.227230858819972,6.925522333770807,4.120983989183272,4.082292242851256,218
12.639999999999775,7.254898614967817,6.956692453856668,7.236056334749642,6.920879042742349,4.0467665357213765,4.008666620510784,218
12.649999999999775,7.263378524618123,6.951392347034853,7.2448818106793125,6.916235751713891,3.972549082259481,3.935040998170191,218
12.659999999999775,7.271858434268428,6.946092240213038,7.253707286608983,6.911592460685433,3.898331628797584,3.861415375829798,218
12.669999999999774,7.280338343918734,6.940792133391223,7.262532762538655,6.906949169656974,3.8241141753356467,3.787789753489205,219
12.679999999999774,7.289322339679007,6.9364167525977845,7.271371996186531,6.902298640368502,3.8552048111452852,3.8194731244400244,219
12.689999999999774,7.298371714100613,6.932161306372348,7.280213014174785,6.897647172296476,3.8999536330622315,3.864814798747164,219
12.699999999999774,7.307421088522219,6.927905860146912,7.289054032163038,6.89299570422445,3.94470245497922,3.910156473054422,219
12.709999999999773,7.316382716004636,6.923469003767436,7.297901078648268,6.888341064417987,3.9693110766364357,3.9353583549067777,219
12.719999999999773,7.325336697972275,6.919016340864949,7.306748650404955,6.8836861482538225,3.992164854191564,3.958805428189766,219
12.729999999999773,7.334290679939914,6.9145636779624615,7.315596222161643,6.879031232089658,4.015018631746652,3.9822525014727965,219
12.739999999999773,7.343244661907553,6.910111015059974,7.324443793918331,6.874376315925494,4.037872409301739,4.005699574755785,219
12.749999999999773,7.352198643875193,6.905658352157487,7.333291365675018,6.869721399761328,4.060726186856947,4.0291466480388145,220
12.759999999999772,7.3611526258428315,6.901205689255,7.342138937431706,6.865066483597164,4.083579964412034,4.052593721321766,220
12.769999999999772,7.370115708860329,6.896771584831528,7.350985989921076,6.860411840631781,4.1084999025993,4.078106920052082,220
12.779999999999772,7.379118429629124,6.892418308047416,7.35983078084842,6.855758387527517,4.1424185785759144,4.1126187033314965,220
12.789999999999772,7.388121150397921,6.888065031263304,7.368675571775764,6.851104934423255,4.176337254552491,4.14713048661091,220
12.799999999999772,7.397123871166716,6.883711754479192,7.377520362703107,6.846451481318991,4.210255930529145,4.181642269890246,220
12.809999999999771,7.406126591935512,6.87935847769508,7.386365153630451,6.841798028214728,4.2441746065056805,4.216154053169661,220
12.819999999999771,7.415129312704307,6.875005200910967,7.395209944557794,6.8371445751104645,4.278093282482256,4.250665836448877,220
12.829999999999771,7.424132033473103,6.870651924126855,7.404054735485138,6.832491122006202,4.3120119584587915,4.285177619728291,221
12.83999999999977,7.433134754241898,6.8662986473427425,7.412899526412482,6.827837668901939,4.345930634435327,4.319689403007586,221
12.84999999999977,7.442137475010694,6.86194537055863,7.421744317339825,6.823184215797676,4.379849310411903,4.356627651531262,221
12.85999999999977,7.45114019577949,6.857592093774517,7.43058910826717,6.818530762693412,4.413767986388438,4.413767986388438,221
12.86999999999977,7.4601429165482855,6.853238816990405,7.439433899194513,6.81387730958915,4.447686662365015,4.447686662365015,221
12.87999999999977,7.469145637317081,6.848885540206293,7.448278690121857,6.809223856484886,4.481605338341628,4.481605338341628,221
12.88999999999977,7.4781483580858765,6.844532263422181,7.4571234810492,6.804570403380623,4.5155240143182045,4.5155240143182045,221
12.89999999999977,7.487151078854672,6.840178986638068,7.465968271976544,6.79991695027636,4.5494426902946605,4.5494426902946605,221
12.90999999999977,7.4961537996234675,6.835825709853956,7.472443132058837,6.7962458118926286,4.613853139177175,4.613853139177175,222
12.919999999999769,7.505156520392263,6.831472433069844,7.4809874224973205,6.7911272835336,4.70305898767729,4.70305898767729,222
12.929999999999769,7.514159241161059,6.827119156285732,7.489531712935803,6.786008755174571,4.792264836177494,4.792264836177494,222
12.939999999999769,7.523161961929855,6.8227658795016195,7.498076003374286,6.780890226815543,4.881470684677578,4.881470684677578,222
12.949999999999768,7.53216468269865,6.8184126027175065,7.5066202938127695,6.775771698456514,4.970676533177616,4.970676533177616,222
12.959999999999768,7.541167403467446,6.814059325933394,7.515164584251252,6.770653170097485,5.059882381677775,5.059882381677775,222
12.969999999999768,7.550170124236241,6.809706049149282,7.523708874689735,6.765534641738456,5.149088230177934,5.149088230177934,222
12.979999999999768,7.559172845005037,6.80535277236517,7.532253165128218,6.760416113379428,5.238294078678017,5.238294078678017,222
12.989999999999768,7.568175565773832,6.800999495581057,7.53812063166518,6.756788698947258,5.345927050821601,5.345927050821601,223
12.999999999999767,7.576300308232432,6.795214768502321,7.546366931752138,6.751182783093567,5.324305369292592,5.324305369292592,223
13.009999999999767,7.584261437872246,6.789163288116657,7.554625357000991,6.745568624435639,5.271424846157475,5.271424846157475,223
13.019999999999767,7.59222256751206,6.783111807730993,7.562883782249846,6.739954465777711,5.218544323022358,5.218544323022358,223
13.029999999999767,7.6001836971518735,6.777060327345329,7.571142207498699,6.734340307119783,5.165663799887166,5.165663799887166,223
13.039999999999766,7.608144826791687,6.771008846959665,7.579400632747553,6.728726148461855,5.112783276752047,5.112783276752047,223
13.049999999999766,7.616105956431501,6.764957366574,7.587659057996407,6.723111989803927,5.059902753616856,5.059902753616856,223
13.059999999999766,7.624067086071315,6.758905886188336,7.595917483245261,6.717497831145999,5.0070222304817396,5.0070222304817396,223
13.069999999999766,7.632028215711128,6.7528544058026725,7.601707202450846,6.7134791851634175,4.969679914763365,4.969679914763365,224
13.079999999999766,7.639989345350942,6.7468029254170085,7.609630137073624,6.707378104284188,4.975940160995235,4.975940160995235,224
13.089999999999765,7.647950474990756,6.740751445031345,7.617553071696402,6.701277023404958,4.982200407227052,4.982200407227052,224
13.099999999999765,7.655911604630569,6.734699964645681,7.625476006319179,6.695175942525729,4.988460653458852,4.988460653458852,224
13.109999999999765,7.663872734270384,6.728648484260017,7.633398940941957,6.6890748616465,4.994720899690724,4.994720899690724,224
13.119999999999765,7.671833863910197,6.722597003874353,7.641321875564735,6.682973780767271,5.000981145922471,5.000981145922471,224
13.129999999999765,7.6797949935500105,6.716545523488689,7.649244810187512,6.676872699888041,5.0072413921543415,5.0072413921543415,224
13.139999999999764,7.687756123189825,6.710494043103025,7.65716774481029,6.6707716190088115,5.013501638386212,5.013501638386212,224
13.149999999999764,7.695717252829638,6.704442562717361,7.662576660314451,6.666437684209102,5.042489130067835,5.042489130067835,225
13.159999999999764,7.703678382469452,6.698391082331697,7.670096586440171,6.659880241658072,5.109620214792452,5.109620214792452,225
13.169999999999764,7.710406441120338,6.691022966300179,7.677568254781904,6.6533648803244425,4.996476679975284,4.996476679975284,225
13.179999999999763,7.716966214825899,6.683475160729563,7.685033337080648,6.646855262078952,4.858729935151934,4.858729935151934,225
13.189999999999763,7.72352598853146,6.6759273551589455,7.692498419379393,6.64034564383346,4.720983190328525,4.720983190328525,225
13.199999999999763,7.73008576223702,6.668379549588329,7.699963501678137,6.6338360255879705,4.583236445505107,4.583236445505107,225
13.209999999999763,7.736645535942581,6.660831744017713,7.707428583976881,6.62732640734248,4.445489700681756,4.445489700681756,225
13.219999999999763,7.743205309648142,6.653283938447097,7.714893666275625,6.620816789096988,4.30774295585853,4.30774295585853,225
13.229999999999762,7.749765083353703,6.64573613287648,7.720193909728964,6.615826436224454,4.206000788588403,4.206000788588403,226
13.239999999999762,7.756324857059264,6.638188327305864,7.727284787276706,6.6088158144332825,4.130460223057197,4.130460223057197,226
13.249999999999762,7.762884630764824,6.6306405217352475,7.734375664824448,6.601805192642111,4.054919657525929,4.054919657525929,226
13.259999999999762,7.769444404470385,6.623092716164631,7.74146654237219,6.594794570850939,3.979379091994724,3.979379091994724,226
13.269999999999762,7.7760041781759455,6.615544910594014,7.748557419919932,6.587783949059768,3.903838526463393,3.903838526463393,226
13.279999999999761,7.782563951881507,6.607997105023398,7.755648297467673,6.580773327268596,3.82829796093225,3.82829796093225,226
13.289999999999761,7.788611733999129,6.6001407510854575,7.762634529611827,6.5738661664865585,3.6948192697673345,3.6948192697673345,226
13.299999999999761,7.79222084883616,6.5908147503298755,7.769046007493192,6.567527254800934,3.285393004318034,3.285393004318034,226
13.30999999999976,7.795829963673191,6.5814887495742935,7.77394368985192,6.562021094993702,2.9291612394146167,2.9291612394146167,227
13.31999999999976,7.799439078510223,6.5721627488187115,7.780169093389132,6.555022260804442,2.5790088327386105,2.5790088327386105,227
13.32999999999976,7.803048193347254,6.5628367480631296,7.786394496926344,6.548023426615182,2.2288564260626043,2.2288564260626043,227
13.33999999999976,7.806657308184286,6.553510747307548,7.792619900463557,6.541024592425922,1.8787040193865314,1.8787040193865314,227
13.34999999999976,7.810266423021317,6.544184746551966,7.7988453040007695,6.534025758236662,1.5285516127105248,1.5285516127105248,227
13.35999999999976,7.8138755378583475,6.534858745796384,7.805070707537982,6.527026924047402,1.1783992060343933,1.1783992060343933,227
13.36999999999976,7.817484652695379,6.525532745040802,7.811296111075194,6.520028089858142,0.828246799358387,0.828246799358387,227
13.37999999999976,7.82109376753241,6.51620674428522,7.817278065239719,6.513236453254051,0.48355157735537363,0.48355157735537363,228
13.389999999999759,7.824702882369442,6.506880743529638,7.823160331741714,6.505679962141781,0.1954824386109066,0.1954824386109066,228
13.399999999999759,7.828311997206473,6.497554742774056,7.829042598243708,6.498123471029512,0.09258670013361496,0.09258670013361496,228
13.409999999999759,7.831921112043505,6.488228742018473,7.834924864745703,6.490566979917241,0.38065583887808196,0.38065583887808196,228
13.419999999999758,7.835530226880535,6.478902741262891,7.840807131247697,6.483010488804972,0.6687249776226736,0.6687249776226736,228
13.429999999999758,7.8391393417175665,6.469576740507309,7.846689397749691,6.475453997692702,0.9567941163671406,0.9567941163671406,228
13.439999999999758,7.842748456554598,6.460250739751727,7.852571664251685,6.467897506580432,1.2448632551115375,1.2448632551115375,228
13.449999999999758,7.846357571391629,6.450924738996145,7.858453930753679,6.4603410154681615,1.5329323938560047,1.5329323938560047,228
13.459999999999757,7.849966686228661,6.441598738240563,7.86466271386801,6.451537736864331,1.7741390081382913,1.7741390081382913,229
13.469999999999757,7.853575801065691,6.432272737484981,7.870123158640329,6.443463800008637,1.9976359105484836,1.9976359105484836,229
13.479999999999757,7.857184915902723,6.422946736729399,7.8755836034126485,6.435389863152942,2.2211328129586763,2.2211328129586763,229
13.489999999999757,7.860794030739754,6.413620735973817,7.881044048184968,6.427315926297247,2.444629715368869,2.444629715368869,229
13.499999999999757,7.862830075874644,6.403878178961919,7.88620410291074,6.419686152942702,2.821767497972209,2.821767497972209,229
13.509999999999756,7.864309440141301,6.393988210237675,7.891257855041214,6.412213561004289,3.253276004559101,3.253276004559101,229
13.519999999999756,7.865788804407957,6.38409824151343,7.899560564525802,6.399936987409118,3.730144304186406,3.6847845111459927,230
13.529999999999756,7.867268168674614,6.374208272789185,7.902581443608599,6.394741694931669,4.084909804934113,4.084909804934113,230
13.539999999999756,7.868747532941271,6.364318304064941,7.907252870868193,6.3867077980971585,4.454155915417877,4.454155915417877,230
13.549999999999756,7.870226897207927,6.354428335340696,7.911924298127789,6.378673901262648,4.823402025901839,4.823402025901839,230
13.559999999999755,7.871706261474585,6.344538366616452,7.916595725387383,6.370640004428136,5.192648136385482,5.192648136385482,230
13.569999999999755,7.873185625741241,6.334648397892208,7.921267152646978,6.362606107593625,5.561894246869322,5.561894246869322,230
13.579999999999755,7.874664990007898,6.324758429167963,7.925938579906573,6.354572210759114,5.931140357353207,5.931140357353207,230
13.589999999999755,7.876144354274555,6.314868460443718,7.934263344815024,6.3402553224229665,6.342168259039317,6.300386467837048,231
13.599999999999755,7.877623718541211,6.304978491719473,7.937188077594667,6.334317499479244,6.639796868712809,6.639796868712809,231
13.609999999999754,7.879103082807868,6.295088522995229,7.941397198221185,6.325772098954792,6.944090040310444,6.944090040310444,231
13.619999999999754,7.8805824470745245,6.285198554270985,7.9456063188477035,6.31722669843034,7.248383211908198,7.248383211908198,231
13.629999999999754,7.882061811341181,6.27530858554674,7.949815439474222,6.308681297905887,7.552676383505911,7.552676383505911,231
13.639999999999754,7.883541175607839,6.265418616822496,7.95402456010074,6.300135897381434,7.856969555103466,7.856969555103466,231
13.649999999999753,7.885020539874495,6.255528648098251,7.964422538680115,6.279025812998103,8.28057617117218,8.161262726701219,232
13.659999999999753,7.886499904141152,6.245638679374006,7.9649689671563735,6.277687943577298,8.476172005368477,8.465555898298932,232
13.669999999999753,7.886621325789038,6.2356892437936,7.968469021555439,6.269118449205919,8.84112949614941,8.84112949614941,232
13.679999999999753,7.886012167330135,6.225707814739003,7.971875825894435,6.260777267247373,9.274930922267608,9.274930922267608,232
13.689999999999753,7.885403008871231,6.215726385684407,7.975282630233431,6.252436085288826,9.708732348385688,9.708732348385688,232
13.699999999999752,7.884793850412327,6.20574495662981,7.989960123823338,6.21649987277217,10.57147732551542,10.142533774503768,233
13.709999999999752,7.884184691953424,6.195763527575214,7.989960123823338,6.21649987277217,10.778885841957054,10.576335200621964,233
13.719999999999752,7.88357553349452,6.185782098520618,7.989960123823338,6.21649987277217,11.073058617382895,11.010136626740044,233
13.729999999999752,7.8829663750356165,6.175800669466021,7.991618162125151,6.211445939227548,11.434944728384842,11.434944728384842,233
13.739999999999752,7.882357216576713,6.165819240411425,7.9945153708879335,6.202614840129301,11.803968712724437,11.803968712724437,233
13.749999999999751,7.881748058117809,6.155837811356828,7.9974125796507165,6.193783741031053,12.172992697064114,12.172992697064114,233
13.759999999999751,7.881138899658906,6.145856382302232,8.010806878761276,6.152956036684577,12.986219579554891,12.542016681403792,234
13.76999999999975,7.880529741200002,6.135874953247636,8.010806878761276,6.152956036684577,13.13921458175443,12.911040665743384,234
13.77999999999975,7.879920582741098,6.125893524193039,8.010806878761276,6.152956036684577,13.365478692600648,13.280064650082975,234
13.78999999999975,7.879311424282195,6.115912095138443,8.011772547214074,6.1491020539698935,13.65559316016986,13.649088634422741,234
13.79999999999975,7.878702265823291,6.105930666083846,8.014089804888302,6.139853878785055,13.957281287575803,13.957281287575803,234
13.80999999999975,7.878093107364387,6.09594923702925,8.01640706256253,6.130605703600217,14.258969414981749,14.258969414981749,234
13.81999999999975,7.877483948905484,6.0859678079746535,8.026906245587087,6.0887034650237055,14.944733709603222,14.560657542387693,235
13.82999999999975,7.87687479044658,6.0759863789200566,8.026906245587087,6.0887034650237055,15.05694584254906,14.862345669793658,235
13.83999999999975,7.8762656319876765,6.0660049498654605,8.026906245587087,6.0887034650237055,15.234112069955366,15.164033797199606,235
13.84999999999975,7.874487349694961,6.056218480976504,8.027891412539782,6.0830765245172325,15.573747461716927,15.573747461716927,235
13.859999999999749,7.871824656696457,6.0465794942042494,8.03821950607595,6.0240859466113275,16.79083249375662,16.002258487812,236
13.869999999999749,7.8691619636979535,6.036940507431994,8.03821950607595,6.0240859466113275,16.954554659082184,16.430769513907247,236
13.879999999999749,7.866499270699449,6.027301520659739,8.03821950607595,6.0240859466113275,17.175033960438636,16.45836381457745,236
13.889999999999748,7.863836577700945,6.017662533887483,8.03821950607595,6.0240859466113275,17.450119180012283,16.109747231699746,236
13.899999999999748,7.86117388470244,6.008023547115228,8.03821950607595,6.0240859466113275,17.77727558573156,15.761130648821961,236
13.909999999999748,7.858511191703936,5.9983845603429735,8.044732799890287,5.95948631460247,19.024079708937126,15.412514065944263,237
13.919999999999748,7.8558484987054324,5.988745573570718,8.044732799890287,5.95948631460247,19.113708031007967,15.066797296541354,237
13.929999999999747,7.853185805706928,5.979106586798463,8.044732799890287,5.95948631460247,19.25492302288554,14.753613106987803,237
13.939999999999747,7.850523112708424,5.969467600026207,8.044732799890287,5.95948631460247,19.446600899382723,14.443958092981319,237
13.949999999999747,7.847860419709919,5.959828613253952,8.044732799890287,5.95948631460247,19.687267775455833,14.134303078974655,237
13.959999999999747,7.845197726711415,5.950189626481697,8.044732799890287,5.95948631460247,19.97515302532441,13.824656512080152,237
13.969999999999747,7.842535033712911,5.940550639709442,8.049523408883035,5.899366901004078,21.10457007127115,13.547127758166551,238
13.979999999999746,7.839872340714407,5.930911652937186,8.049523408883035,5.899366901004078,21.201094726161685,13.288013364295361,238
13.989999999999746,7.837209647715903,5.921272666164931,8.049523408883035,5.899366901004078,21.344084831216446,13.028898970424258,238
13.999999999999746,7.834546954717398,5.911633679392676,8.049523408883035,5.899366901004078,21.532614726889314,12.77051774254211,238
14.009999999999746,7.831884261718894,5.901994692620421,8.049523408883035,5.899366901004078,21.76550106639251,12.55713130344002,238
14.019999999999746,7.82922156872039,5.892355705848165,8.052624997795638,5.843740505452486,22.86318653033545,12.366095410529935,239
14.029999999999745,7.8260127978808,5.882917347488615,8.052624997795638,5.843740505452486,22.99737248082186,12.119065437528151,239
14.039999999999745,7.8218017800309685,5.873847213604906,8.052624997795638,5.843740505452486,23.277837471511607,11.78147025047344,239
14.049999999999745,7.817590762181137,5.864777079721198,8.054069985801716,5.7926191818688535,24.724317063704948,11.48708125992758,240
14.059999999999745,7.813379744331305,5.855706945837489,8.054069985801716,5.7926191818688535,24.882093622050142,10.611224104955879,240
14.069999999999744,7.809168726481474,5.846636811953781,8.054069985801716,5.7926191818688535,25.07878210293167,9.735366949984154,240
14.079999999999744,7.804957708631642,5.837566678070072,8.054069985801716,5.7926191818688535,25.313475472881674,8.859509795012503,240
14.089999999999744,7.800746690781811,5.828496544186364,8.054069985801716,5.7926191818688535,25.58512789231352,7.983652640040852,240
14.099999999999744,7.796535672931979,5.819426410302656,8.053889707280517,5.746014329110469,26.76199407003082,7.107795485069077,241
14.109999999999744,7.7923246550821474,5.810356276418947,8.053889707280517,5.746014329110469,26.93625117104876,6.231938330097425,241
14.119999999999743,7.788113637232316,5.801286142535239,8.053889707280517,5.746014329110469,27.146250711567642,5.356081175125774,241
14.129999999999743,7.783902619382484,5.79221600865153,8.053889707280517,5.746014329110469,27.39117062560027,4.480224020153997,241
14.139999999999743,7.779691601532653,5.783145874767822,8.052114558666176,5.7039367701779815,28.370468770060487,3.6043668651823464,242
14.149999999999743,7.775480583682821,5.774075740884113,8.052114558666176,5.7039367701779815,28.538716040986667,2.7285097102105706,242
14.159999999999743,7.77126956583299,5.765005607000405,8.052114558666176,5.7039367701779815,28.740792061165664,1.8526525552389193,242
14.169999999999742,7.767058547983158,5.755935473116696,8.052114558666176,5.7039367701779815,28.97598908300208,0.9767954002671964,242
14.179999999999742,7.762847530133326,5.746865339232988,8.048774133188624,5.666396821667456,29.70340126213434,0.10093824529554499,243
14.189999999999742,7.758636512283495,5.73779520534928,8.048774133188624,5.666396821667456,29.879352110925318,0.774918909676159,243
14.199999999999742,7.754425494433663,5.728725071465571,8.048774133188624,5.666396821667456,30.087527625212896,1.6507760646478817,243
14.209999999999742,7.749860347061163,5.71985554112314,8.043897345275626,5.63340435492896,30.64825670627175,2.5433348364391852,244
14.219999999999741,7.744245825183152,5.711580449336258,8.043897345275626,5.63340435492896,30.96813446601346,3.485384683583972,244
14.229999999999741,7.738631303305141,5.703305357549375,8.043897345275626,5.63340435492896,31.31668988697009,4.4274345307287595,244
14.23999999999974,7.733016781427129,5.695030265762493,8.02033015169712,5.561804975777931,31.669851693269973,5.369484377873599,246
14.24999999999974,7.727402259549119,5.686755173975611,8.02033015169712,5.561804975777931,31.846397288847385,6.311534225018334,246
14.25999999999974,7.721787737671107,5.678480082188728,8.009587394882738,5.547094019757342,31.637152225248748,7.253584072163244,247
14.26999999999974,7.716173215793097,5.670204990401845,8.009587394882738,5.547094019757342,31.819520986947573,8.195633919308031,247
14.27999999999974,7.710558693915085,5.661929898614963,7.997446499462725,5.536974927022985,31.291909161553566,9.137683766452819,248
14.28999999999974,7.704944172037074,5.65365480682808,7.997446499462725,5.536974927022985,31.49155536024762,10.079733613597677,248
14.29999999999974,7.699329650159063,5.645379715041198,7.983934540055744,5.531455854238981,30.655927552952072,11.021783460742393,249
14.30999999999974,7.693715128281052,5.637104623254316,7.969078623351118,5.530544793909616,29.526268244933,11.963833307887304,250
14.31999999999974,7.68810060640304,5.628829531467433,7.969078623351118,5.530544793909616,29.767185900733594,12.905883155032091,250
14.329999999999739,7.68248608452503,5.62055443968055,7.952905983264134,5.53424960181216,28.385814533593418,13.847933002176951,251
14.339999999999739,7.676871562647018,5.612279347893668,7.935444078470917,5.54257802264371,26.78022043992562,14.789982849321737,252
14.349999999999739,7.671257040769007,5.604004256106785,7.935444078470917,5.54257802264371,27.123416644510524,15.732032696466577,252
14.359999999999738,7.665642518890996,5.595729164319903,7.916720693771469,5.555537714191399,25.427465969840885,16.674082543611313,253
14.369999999999738,7.6600279970129845,5.587454072533021,7.916720693771469,5.555537714191399,25.866927629491343,17.616132390756224,253
14.379999999999738,7.654054188946197,5.579462046981786,7.916720693771469,5.555537714191399,26.375379894247992,18.57042453334931,253
14.389999999999738,7.647322793262426,5.572066892341854,7.896764046861875,5.573136270289926,24.944354585047986,19.550530669702113,254
14.399999999999737,7.640591397578655,5.564671737701922,7.896764046861875,5.573136270289926,25.631245493092447,20.530636806054968,254
14.409999999999737,7.633860001894885,5.557276583061991,7.875602902278786,5.595381242787631,24.47275934152656,21.51074294240782,255
14.419999999999737,7.627128606211113,5.549881428422059,7.875602902278786,5.595381242787631,25.26058370537523,22.490849078760693,255
14.429999999999737,7.620397210527343,5.542486273782127,7.875602902278786,5.595381242787631,26.06296660942988,23.470955215113477,255
14.439999999999737,7.613665814843571,5.535091119142195,7.8532666945201495,5.622280162699464,25.49715883352913,24.4510613514664,256
14.449999999999736,7.606934419159801,5.5276959645022625,7.8532666945201495,5.622280162699464,26.38669369830445,25.431167487819202,256
14.459999999999736,7.60020302347603,5.520300809862331,7.8532666945201495,5.622280162699464,27.283879857418913,26.41127362417212,256
14.469999999999736,7.593471627792259,5.512905655222399,7.8532666945201495,5.622280162699464,28.1879867287466,27.39137976052498,256
14.479999999999736,7.586740232108488,5.505510500582467,7.829785662657935,5.653840560678591,28.47330118533605,28.371485896877836,257
14.489999999999736,7.580008836424717,5.498115345942535,7.829785662657935,5.653840560678591,29.434470511244076,29.351592033230634,257
14.499999999999735,7.572099936828327,5.492293063417297,7.829785662657935,5.653840560678591,30.413734918243744,30.33367790033638,257
14.509999999999735,7.563108122045346,5.487917304407871,7.829785662657935,5.653840560678591,31.40818963879616,31.317584466698133,257
14.519999999999735,7.554116307262365,5.483541545398445,7.814635221380759,5.674508892561404,32.3014910330599,32.3014910330599,258
14.529999999999735,7.544941213389107,5.480371357124126,7.812939939647599,5.676821607079404,33.22890578753165,33.22890578753165,258
14.539999999999734,7.535055239497729,5.481877185872356,7.8087665783951765,5.6825149340164804,33.93720716579056,33.93720716579056,258
14.549999999999734,7.525169265606351,5.4833830146205855,7.806137547223572,5.686101475674962,34.64649328968067,34.64550854404942,258
14.559999999999734,7.517515773537433,5.488294988930727,7.799576041107069,5.695052725581545,34.97238284795926,34.97238284795926,259
14.569999999999734,7.512190433644755,5.496759075120474,7.793678889608992,5.703097658537333,34.90148447381656,34.90148447381656,259
14.579999999999734,7.506865093752077,5.50522316131022,7.7877817381109145,5.711142591493121,34.83058609967398,34.83058609967398,259
14.589999999999733,7.512056764379717,5.513384841912515,7.785704693717312,5.7139761091495975,33.929345075101565,33.929345075101565,259
14.599999999999733,7.517859655377418,5.52152894751527,7.78384966367594,5.716506753362941,32.979846768567626,32.979846768567626,259
14.609999999999733,7.523662546375117,5.529673053118024,7.781994633634568,5.719037397576283,32.03034846203375,32.03034846203375,260
14.619999999999733,7.529465437372817,5.537817158720777,7.780139603593195,5.7215680417896255,31.080850155499796,31.080850155499796,260
14.629999999999733,7.535268328370518,5.545961264323531,7.778284573551824,5.724098686002967,30.13135184896587,30.13135184896587,260
14.639999999999732,7.5410712193682174,5.554105369926285,7.776429543510451,5.726629330216309,29.181853542431917,29.181853542431917,260
14.649999999999732,7.546874110365917,5.562249475529039,7.774574513469079,5.729159974429653,28.232355235898094,28.232355235898094,260
14.659999999999732,7.552677001363617,5.5703935811317935,7.772719483427706,5.731690618642995,27.282856929364097,27.282856929364097,260
14.669999999999732,7.5584798923613175,5.578537686734547,7.770864453386334,5.734221262856337,26.333358622830144,26.333358622830144,260
14.679999999999731,7.564282783359017,5.586681792337301,7.769009423344962,5.73675190706968,25.38386031629627,25.38386031629627,260
14.689999999999731,7.570085674356717,5.594825897940055,7.76715439330359,5.739282551283022,24.434362009762392,24.434362009762392,260
14.699999999999731,7.5758885653544175,5.602970003542809,7.765299363262218,5.7418131954963645,23.484863703228445,23.484863703228445,260
14.70999999999973,7.581691456352117,5.6111141091455625,7.763444333220845,5.744343839709707,22.5353653966945,22.5353653966945,260
14.71999999999973,7.587514552917953,5.61924323081498,7.761603510065751,5.746855102795117,21.58512331933342,21.58512331933342,260
14.72999999999973,7.593622708450743,5.627160960034096,7.759963116826745,5.749092938067492,20.624388166884273,20.624388166884273,260
14.73999999999973,7.599730863983533,5.635078689253211,7.758322723587739,5.751330773339866,19.66365301443527,19.66365301443527,261
14.74999999999973,7.605839019516323,5.642996418472327,7.756682330348733,5.753568608612241,18.702917861986197,18.702917861986197,261
14.75999999999973,7.611947175049114,5.650914147691443,7.755041937109727,5.755806443884615,17.742182709537072,17.742182709537072,261
14.76999999999973,7.618055330581903,5.6588318769105594,7.75340154387072,5.75804427915699,16.781447557087997,16.781447557087997,261
14.77999999999973,7.624163486114694,5.666749606129675,7.751761150631714,5.760282114429364,15.820712404638924,15.820712404638924,261
14.78999999999973,7.630271641647483,5.674667335348791,7.7501207573927084,5.762519949701739,14.859977252189921,14.859977252189921,261
14.799999999999729,7.636379797180274,5.682585064567907,7.748480364153702,5.764757784974113,13.899242099740722,13.899242099740722,261
14.809999999999729,7.642487952713064,5.690502793787022,7.746839970914696,5.766995620246487,12.93850694729165,12.93850694729165,261
14.819999999999729,7.648596108245854,5.698420523006138,7.74519957767569,5.769233455518862,11.977771794842646,11.977771794842646,261
14.829999999999728,7.654704263778644,5.706338252225255,7.743559184436683,5.771471290791236,11.017036642393501,11.017036642393501,261
14.839999999999728,7.6608124193114335,5.714255981444371,7.741918791197677,5.773709126063611,10.056301489944499,10.056301489944499,261
14.849999999999728,7.666920574844224,5.722173710663486,7.740278397958671,5.775946961335985,9.095566337495425,9.095566337495425,261
14.859999999999728,7.6730287303770135,5.730091439882602,7.738638004719665,5.778184796608359,8.134831185046298,8.134831185046298,261
14.869999999999727,7.679136885909804,5.738009169101718,7.736997611480659,5.780422631880734,7.174096032597226,7.174096032597226,261
14.879999999999727,7.685245041442594,5.745926898320834,7.735357218241653,5.782660467153108,6.2133608801481515,6.2133608801481515,261
14.889999999999727,7.691353196975384,5.75384462753995,7.733716825002647,5.784898302425483,5.252625727699149,5.252625727699149,262
14.899999999999727,7.697461352508174,5.761762356759066,7.73207643176364,5.787136137697857,4.291890575249951,4.291890575249951,262
14.909999999999727,7.703569508040964,5.769680085978182,7.730436038524634,5.789373972970232,3.331155422800949,3.331155422800949,262
14.919999999999726,7.709677663573754,5.777597815197297,7.728795645285628,5.791611808242606,2.3704202703518753,2.3704202703518753,262
14.929999999999726,7.715785819106545,5.7855155444164135,7.727155252046622,5.793849643514981,1.4096851179027299,1.4096851179027299,262
14.939999999999726,7.721893974639334,5.79343327363553,7.725514858807616,5.7960874787873555,0.4489499654537276,0.4489499654537276,262
14.949999999999726,7.728002130172125,5.801351002854645,7.72387446556861,5.798325314059729,0.5117851869953987,0.5117851869953987,262
14.959999999999726,7.734110285704914,5.809268732073761,7.722234072329603,5.8005631493321035,1.4725203394444726,1.4725203394444726,262
14.969999999999725,7.735712332792926,5.818557181983001,7.718365115036077,5.805841206381406,2.150864940910747,2.150864940910747,262
14.979999999999725,7.735047878938422,5.828535082617665,7.7133752254365655,5.812648446673256,2.6871715826157043,2.6871715826157043,262
14.989999999999725,7.734383425083918,5.838512983252329,7.708385335837053,5.819455686965107,3.2234782243206093,3.2234782243206093,263
14.999999999999725,7.733718971229414,5.848490883886993,7.703395446237542,5.826262927256957,3.7597848660255133,3.672769382539281,263
15.009999999999724,7.73305451737491,5.858468784521657,7.698405556638029,5.833070167548808,4.296091507730489,3.3050134787222394,263
15.019999999999724,7.7323900635204055,5.8684466851563215,7.693415667038517,5.8398774078406595,4.832398149435394,3.05346568317862,263
15.029999999999724,7.731725609665902,5.878424585790985,7.688425777439005,5.846684648132509,5.368704791140351,2.815226335681059,263
15.039999999999724,7.731061155811397,5.888402486425649,7.683435887839493,5.853491888424361,5.905011432845203,2.6098979646486096,264
15.049999999999724,7.731529429754588,5.89817886714291,7.678937998680394,5.8596279384714585,6.5207612468660585,2.5810862525665232,264
15.059999999999723,7.735594463185091,5.9073153600810615,7.676002362390359,5.863632752854064,7.388767590929896,2.915817961849638,264
15.069999999999723,7.739659496615594,5.916451853019213,7.673066726100324,5.867637567236671,8.256773934993609,3.2777268323298916,264
15.079999999999723,7.743724530046097,5.9255883459573635,7.6701310898102895,5.871642381619277,9.124780279057395,3.6774440274561977,264
15.089999999999723,7.7477895634766,5.934724838895515,7.667195453520255,5.875647196001884,9.992786623121109,4.077161222582506,264
15.099999999999723,7.751854596907103,5.943861331833666,7.66425981723022,5.879652010384491,10.860792967184894,4.476892621327321,264
15.109999999999722,7.755919630337606,5.952997824771818,7.661324180940185,5.8836568247670975,11.728799311248608,4.918720605709958,265
15.119999999999722,7.759984663768108,5.962134317709969,7.658388544650149,5.887661639149704,12.596805655312396,5.366189735671966,265
15.129999999999722,7.764049697198612,5.971270810648121,7.655452908360115,5.89166645353231,13.464811999376233,5.813658865633975,265
15.139999999999722,7.768114730629114,5.980407303586271,7.652517272070081,5.895671267914917,14.33281834343982,6.261127995595983,265
15.149999999999721,7.767994017103107,5.98906799541466,7.648345500779888,5.901362425815036,14.835105121684247,6.314140460204813,265
15.159999999999721,7.761982069030638,5.997059020403604,7.6424339298093305,5.909427029910254,14.822659460806536,5.784292489450438,265
15.169999999999721,7.7559701209581675,6.005050045392548,7.636522358838774,5.917491634005472,14.810213799928631,5.254444518695966,266
15.17999999999972,7.749958172885698,6.013041070381492,7.630610787868218,5.92555623810069,14.797768139050849,4.724596547941583,266
15.18999999999972,7.743946224813229,6.021032095370436,7.62469921689766,5.933620842195907,14.785322478173136,4.1947485771872,266
15.19999999999972,7.737934276740759,6.02902312035938,7.618787645927104,5.941685446291125,14.772876817295352,3.6901497218953687,266
15.20999999999972,7.731230413800904,6.036240134558199,7.613003299063345,5.9495764904210136,14.658866898333113,3.1108843608938535,267
15.21999999999972,7.722618090397905,6.041322248842839,7.607569865569461,5.956988816218016,14.264719378404084,2.316610952132296,267
15.22999999999972,7.714005766994905,6.046404363127478,7.602136432075577,5.964401142015018,13.870571858475007,1.5223375433707391,267
15.23999999999972,7.705393443591905,6.051486477412118,7.5967029985816925,5.971813467812021,13.476424338545925,0.7280641346090936,267
15.24999999999972,7.696781120188906,6.056568591696758,7.591269565087809,5.979225793609023,13.082276818616775,0.06620927415247425,268
15.25999999999972,7.688168796785906,6.061650705981398,7.585836131593925,5.9866381194060265,12.688129298687695,0.855901261034329,268
15.269999999999719,7.679556473382906,6.066732820266037,7.580402698100041,5.994050445203029,12.293981778758543,1.633112104280892,268
15.279999999999719,7.670944149979906,6.071814934550678,7.574969264606157,6.001462771000032,11.899834258829463,2.4103229475273666,268
15.289999999999718,7.6623318265769065,6.076897048835318,7.569535831112273,6.008875096797034,11.505686738900366,3.1875337907739305,269
15.299999999999718,7.653719503173907,6.081979163119957,7.564102397618389,6.016287422594037,11.111539218971235,3.964744634020493,269
15.309999999999718,7.6449527039788965,6.08677271482914,7.5587525636320345,6.023585701391666,10.687872970318347,4.761475375109052,269
15.319999999999718,7.635947850646929,6.091121578642799,7.553531560243378,6.030708228638486,10.218717034259237,5.588287155911241,269
15.329999999999718,7.626942997314962,6.095470442456459,7.548310556854722,6.037830755885306,9.7495610982002,6.415098936713444,269
15.339999999999717,7.617938143982995,6.099819306270118,7.543089553466067,6.044953283132125,9.28040516214109,7.241910717515572,270
15.349999999999717,7.608933290651028,6.104168170083778,7.537868550077411,6.052075810378946,8.811249226082051,8.068722498317687,270
15.359999999999717,7.599928437319061,6.108517033897437,7.532647546688755,6.059198337625765,8.342093290023014,8.342093290023014,270
15.369999999999717,7.590923583987093,6.112865897711096,7.527426543300099,6.066320864872585,7.8729373539637795,7.8729373539637795,270
15.379999999999717,7.581918730655127,6.117214761524756,7.522205539911443,6.0734433921194055,7.403781417904742,7.403781417904742,271
15.389999999999716,7.57291387732316,6.121563625338415,7.516984536522787,6.080565919366225,6.934625481845705,6.934625481845705,271
15.399999999999716,7.563909023991193,6.125912489152075,7.511763533134131,6.087688446613045,6.465469545786667,6.465469545786667,271
15.409999999999716,7.554904170659225,6.130261352965734,7.5065425297454755,6.094810973859865,5.996313609727486,5.996313609727486,271
15.419999999999716,7.545899317327258,6.134610216779393,7.501321526356819,6.101933501106685,5.527157673668396,5.527157673668396,271
15.429999999999715,7.537424782621751,6.13929276012237,7.496126775763359,6.109020214117204,5.120500378000855,5.120500378000855,272
15.439999999999715,7.537401265729315,6.149292732470119,7.4913503827926045,6.115536200900442,5.7098049378812,5.7098049378812,272
15.449999999999715,7.537377748836879,6.15929270481787,7.486573989821849,6.12205218768368,6.299109497761618,6.299109497761618,272
15.459999999999715,7.537354231944443,6.16929267716562,7.481797596851094,6.128568174466918,6.888414057642087,6.888414057642087,272
15.469999999999715,7.537330715052006,6.1792926495133695,7.477021203880339,6.135084161250156,7.477718617522379,7.477718617522379,272
15.479999999999714,7.53730719815957,6.18929262186112,7.472244810909584,6.141600148033394,8.067023177402849,8.067023177402849,273
15.489999999999714,7.537283681267134,6.1992925942088695,7.467468417938829,6.1481161348166316,8.656327737283267,8.656327737283267,273
15.499999999999714,7.537260164374697,6.20929256655662,7.4626920249680735,6.15463212159987,9.245632297163612,9.245632297163612,273
15.509999999999714,7.532835966840257,6.216964093066517,7.457487748752552,6.161731829526811,9.34235350685891,9.34235350685891,273
15.519999999999714,7.524581596805411,6.222609035522186,7.451911060455626,6.169339584470656,9.010350308781993,9.010350308781993,273
15.529999999999713,7.516327226770564,6.2282539779778565,7.4463343721587,6.176947339414501,8.678347110705078,8.678347110705078,274
15.539999999999713,7.508072856735717,6.233898920433526,7.440757683861774,6.184555094358346,8.34634391262816,8.34634391262816,274
15.549999999999713,7.499818486700871,6.239543862889196,7.435180995564848,6.19216284930219,8.014340714551297,8.014340714551297,274
15.559999999999713,7.491564116666025,6.245188805344865,7.4296043072679225,6.1997706042460345,7.68233751647438,7.68233751647438,274
15.569999999999713,7.4833097466311775,6.2508337478005345,7.424027618970996,6.207378359189879,7.350334318397464,7.350334318397464,275
15.579999999999712,7.475055376596331,6.256478690256205,7.41845093067407,6.214986114133724,7.018331120320548,7.018331120320548,275
15.589999999999712,7.466801006561485,6.262123632711874,7.4128742423771445,6.222593869077569,6.686327922243632,6.686327922243632,275
15.599999999999712,7.458546636526639,6.267768575167544,7.407297554080218,6.230201624021413,6.3543247241668395,6.3543247241668395,275
15.609999999999712,7.450291417653965,6.27341226285014,7.4017211673959755,6.237808967503247,6.0221788828312315,6.0221788828312315,276
15.619999999999711,7.4419804577653,6.27897355278405,7.396164586847706,6.2453892913237965,5.680666022367746,5.680666022367746,276
15.629999999999711,7.433669497876636,6.28453484271796,7.390608006299437,6.252969615144346,5.339153161904259,5.339153161904259,276
15.639999999999711,7.425358537987972,6.290096132651871,7.385051425751167,6.260549938964897,4.997640301440845,4.997640301440845,276
15.64999999999971,7.417047578099308,6.295657422585781,7.379494845202897,6.268130262785446,4.656127440977483,4.656127440977483,277
15.65999999999971,7.408736618210644,6.301218712519692,7.373938264654628,6.275710586605997,4.3146145805139975,4.3146145805139975,277
15.66999999999971,7.400425658321979,6.306780002453602,7.368381684106358,6.283290910426547,3.973101720050583,3.973101720050583,277
15.67999999999971,7.392114698433315,6.3123412923875115,7.362825103558088,6.290871234247096,3.6315888595871497,3.6315888595871497,277
15.68999999999971,7.3838037385446516,6.317902582321422,7.357268523009819,6.298451558067646,3.2900759991237343,3.2900759991237343,277
15.69999999999971,7.375492778655987,6.323463872255332,7.35171194246155,6.306031881888196,2.9485631386602487,2.9485631386602487,278
15.70999999999971,7.367225852353014,6.329088894316945,7.346140363902511,6.313632666093923,2.614369549391324,2.614369549391324,278
15.71999999999971,7.359084085661175,6.3348950664755765,7.3405261554925065,6.321291606223414,2.300980015074764,2.300980015074764,278
15.729999999999709,7.350942318969337,6.340701238634208,7.334911947082502,6.328950546352904,1.987590480758329,1.987590480758329,278
15.739999999999709,7.342800552277499,6.34650741079284,7.329297738672498,6.336609486482395,1.6742009464418932,1.6742009464418932,279
15.749999999999709,7.33465878558566,6.352313582951471,7.3236835302624925,6.344268426611886,1.3608114121254056,1.3608114121254056,279
15.759999999999708,7.326517018893822,6.358119755110102,7.318069321852488,6.351927366741376,1.0474218778089701,1.0474218778089701,279
15.769999999999708,7.318375252201983,6.363925927268734,7.312455113442484,6.359586306870867,0.7340323434925345,0.7340323434925345,279
15.779999999999708,7.310233485510144,6.369732099427365,7.3068409050324785,6.3672452470003575,0.4206428091760466,0.4206428091760466,280
15.789999999999708,7.302091718818306,6.375538271585996,7.301226696622474,6.374904187129848,0.10725327485955866,0.10725327485955866,280
15.799999999999708,7.293949952126468,6.381344443744628,7.29561248821247,6.382563127259339,0.20613625945687677,0.20613625945687677,280
15.809999999999707,7.28580818543463,6.387150615903259,7.289998279802465,6.390222067388829,0.5195257937733122,0.5195257937733122,280
15.819999999999707,7.278046010388395,6.393426718459321,7.284292675009698,6.398005691066296,0.7745179728480387,0.7745179728480387,281
15.829999999999707,7.270657446776675,6.400165347975444,7.278497113722711,6.405912033986293,0.9720328077387516,0.9720328077387516,281
15.839999999999707,7.2632688831649554,6.4069039774915675,7.2727015524357235,6.413818376906289,1.1695476426293923,1.1695476426293923,281
15.849999999999707,7.255880319553236,6.413642607007691,7.266905991148737,6.421724719826286,1.3670624775201055,1.3670624775201055,281
15.859999999999706,7.248491755941516,6.420381236523814,7.26111042986175,6.4296310627462825,1.564577312410818,1.564577312410818,282
15.869999999999706,7.241103192329796,6.427119866039937,7.2553148685747635,6.43753740566628,1.762092147301583,1.762092147301583,282
15.879999999999706,7.233714628718077,6.43385849555606,7.249519307287776,6.4454437485862766,1.959606982192224,1.9033426824438961,282
15.889999999999706,7.226326065106356,6.440597125072183,7.243723746000789,6.453350091506273,2.1571218170830084,1.672271630108247,282
15.899999999999705,7.218937501494636,6.447335754588305,7.237928184713803,6.46125643442627,2.354636651973774,1.4412005777727217,283
15.909999999999705,7.211548937882917,6.454074384104429,7.232132623426816,6.469162777346266,2.552151486864487,1.2101295254371462,283
15.919999999999705,7.204160374271197,6.460813013620552,7.226337062139829,6.477069120266263,2.749666321755199,0.9790584731015711,283
15.929999999999705,7.1968778104534366,6.467658523819556,7.220527587288118,6.484994444162993,2.9323132139733046,0.7627657504512364,283
15.939999999999705,7.190078265722376,6.474991067133462,7.214654711206327,6.493006260435827,3.04720997364342,0.6138148125430152,284
15.949999999999704,7.183278720991316,6.482323610447367,7.208781835124536,6.501018076708661,3.1621067333135358,0.4648638746347439,284
15.959999999999704,7.176479176260255,6.489656153761273,7.202908959042745,6.509029892981496,3.2770034929837744,0.3159129367264491,284
15.969999999999704,7.169679631529195,6.496988697075179,7.197036082960953,6.51704170925433,3.39190025265389,0.16696199881810445,284
15.979999999999704,7.162880086798134,6.504321240389085,7.191163206879162,6.525053525527164,3.5067970123240055,0.01801106090988309,285
15.989999999999704,7.156080542067073,6.51165378370299,7.18529033079737,6.533065341799998,3.6216937719941207,0.13093987699841161,285
15.999999999999703,7.149280997336013,6.518986327016896,7.179417454715579,6.541077158072833,3.7365905316642882,0.279890814906683,285
16.009999999999703,7.142481452604953,6.526318870330802,7.173544578633788,6.549088974345667,3.851487291334404,0.4288417528149778,285
16.019999999999705,7.135681907873891,6.5336514136447095,7.167671702551996,6.557100790618502,3.966384051004591,0.577792690723199,285
16.029999999999706,7.128882363142829,6.540983956958616,7.161798826470203,6.565112606891338,4.081280810674758,0.7267436286315437,286
16.039999999999708,7.122586396964432,6.548739315163891,7.155900355567121,6.573159339788133,4.13056586974502,0.8102702929119785,286
16.04999999999971,7.116541110201638,6.556705148952993,7.1499891436630385,6.581223454042499,4.147189683263935,0.8612290120478405,286
16.05999999999971,7.110495823438844,6.564670982742096,7.144077931758956,6.589287568296865,4.163813496782728,0.9121877311837027,286
16.069999999999713,7.104450536676048,6.572636816531198,7.1381667198548735,6.597351682551231,4.180437310301716,0.9631464503196382,287
16.079999999999714,7.098405249913254,6.5806026503203014,7.1322555079507906,6.605415796805597,4.197061123820508,1.0141051694555,287
16.089999999999716,7.09235996315046,6.588568484109404,7.1263442960467085,6.613479911059963,4.213684937339425,1.0650638885913621,287
16.099999999999717,7.086314676387665,6.596534317898507,7.1204330841426255,6.62154402531433,4.230308750858343,1.1160226077272977,287
16.10999999999972,7.0802693896248705,6.604500151687609,7.1145218722385435,6.629608139568695,4.246932564377206,1.16698132686316,288
16.11999999999972,7.074224102862075,6.612465985476712,7.1086106603344605,6.637672253823062,4.263556377896123,1.217940045999022,288
16.129999999999722,7.068178816099281,6.620431819265814,7.1026994484303785,6.645736368077428,4.280180191415039,1.2688987651350074,288
16.139999999999723,7.062133529336487,6.628397653054917,7.0967882365262955,6.653800482331794,4.296804004933831,1.319857484270746,288
16.149999999999725,7.056088242573692,6.6363634868440196,7.0908770246222135,6.6618645965861605,4.313427818452819,1.3708162034067317,289
16.159999999999727,7.0500429558108975,6.644329320633123,7.0849658127181305,6.6699287108405265,4.330051631971612,1.4217749225425937,289
16.169999999999728,7.044028285949328,6.652316826304579,7.079054968501746,6.677992323492911,4.342924874431826,1.4689831475938842,289
16.17999999999973,7.038524953527761,6.660666277319931,7.073150265092507,6.686047558815698,4.2931592694926355,1.4535538108016226,289
16.18999999999973,7.033021621106195,6.6690157283352836,7.0672455616832695,6.694102794138485,4.243393664553516,1.4381244740094838,290
16.199999999999733,7.027518288684628,6.677365179350636,7.061340858274031,6.7021580294612715,4.193628059614327,1.4226951372172723,290
16.209999999999734,7.02201495626306,6.685714630365988,7.055436154864792,6.710213264784058,4.143862454675208,1.4072658004250842,290
16.219999999999736,7.0165116238414935,6.69406408138134,7.049531451455555,6.718268500106845,4.094096849736091,1.3918364636328722,290
16.229999999999738,7.011008291419927,6.702413532396692,7.043626748046316,6.726323735429632,4.0443312447969,1.3764071268407339,291
16.23999999999974,7.00550495899836,6.710762983412044,7.037722044637078,6.734378970752418,3.9945656398577096,1.360977790048522,291
16.24999999999974,7.000001626576793,6.719112434427396,7.031817341227839,6.742434206075204,3.944800034918467,1.3455484532563837,291
16.259999999999742,6.994498294155226,6.727461885442748,7.0259126378186005,6.750489441397991,3.8950344299793485,1.3301191164642452,291
16.269999999999744,6.988994961733659,6.7358113364581005,7.020007934409363,6.758544676720778,3.8452688250402303,1.3146897796720336,292
16.279999999999745,6.983491629312092,6.744160787473452,7.014103231000125,6.766599912043564,3.7955032201011116,1.2992604428798953,292
16.289999999999747,6.977988296890525,6.752510238488804,7.008198527590887,6.774655147366349,3.745737615161869,1.2838311060876835,292
16.29999999999975,6.972484964468959,6.760859689504156,7.002293824181649,6.782710382689136,3.6959720102227505,1.2684017692954952,292
16.30999999999975,6.966981632047391,6.769209140519508,6.9963891207724105,6.790765618011923,3.6462064052836314,1.2529724325033567,293
16.31999999999975,6.961585592195892,6.7776267069622715,6.990489439647481,6.798814001901342,3.583760405412072,1.22484100373409,293
16.329999999999753,6.956371097497762,6.786159528596596,6.9845982565143,6.806850792774388,3.499858453452214,1.1752169102385028,293
16.339999999999755,6.951156602799632,6.794692350230921,6.978707073381118,6.814887583647434,3.4159565014923565,1.1255928167430393,293
16.349999999999756,6.945942108101502,6.803225171865246,6.972815890247936,6.82292437452048,3.3320545495324274,1.0759687232475026,294
16.359999999999758,6.940727613403371,6.811757993499571,6.966924707114754,6.830961165393527,3.248152597572694,1.026344629752039,294
16.36999999999976,6.935513118705241,6.820290815133896,6.9610335239815715,6.8389979562665735,3.164250645612765,0.9767205362564519,294
16.37999999999976,6.9302986240071105,6.828823636768221,6.95514234084839,6.847034747139619,3.080348693652907,0.9270964427609151,294
16.389999999999763,6.92508412930898,6.837356458402546,6.949251157715208,6.855071538012665,2.99644674169305,0.8774723492653781,295
16.399999999999764,6.919863276812481,6.845885388813297,6.943359607806898,6.86310882924276,2.9132876109757575,0.8285927696601738,295
16.409999999999766,6.91463724564472,6.854411149672811,6.9374677591461404,6.871146528032914,2.8307335367257056,0.7803196252489358,295
16.419999999999767,6.9094112144769575,6.8629369105323255,6.931575910485383,6.879184226823068,2.748179462475725,0.7320464808377213,295
16.42999999999977,6.904185183309196,6.871462671391839,6.925684061824625,6.887221925613221,2.6656253882256213,0.6837733364264099,296
16.43999999999977,6.898959152141435,6.879988432251353,6.919792213163867,6.895259624403375,2.5830713139755694,0.6355001920151218,296
16.449999999999772,6.893733120973673,6.888514193110867,6.913900364503109,6.903297323193527,2.5005172397255366,0.5872270476039573,296
16.459999999999773,6.888507089805912,6.89703995397038,6.908008515842352,6.911335021983681,2.4179631654754847,0.5389539031927192,296
16.469999999999775,6.8832810586381505,6.905565714829895,6.902116667181594,6.9193727207738345,2.335409091225381,0.4906807587814313,297
16.479999999999777,6.878055027470388,6.914091475689409,6.896224818520836,6.927410419563988,2.2528550169754005,0.4424076143702666,297
16.489999999999778,6.872828996302627,6.9226172365489225,6.890332969860078,6.935448118354142,2.1703009427253486,0.3941344699590287,297
16.49999999999978,6.867602965134866,6.931142997408436,6.884441121199321,6.943485817144294,2.0877468684752443,0.3458613255477407,297
16.50999999999978,6.862376933967104,6.93966875826795,6.878549272538563,6.951523515934448,2.0051927942252643,0.2975881811365761,298
16.519999999999783,6.857129046250017,6.9481810375203805,6.872656212839763,6.959562866830684,1.925198537176369,0.2518803795838429,298
16.529999999999784,6.8518554250825545,6.956677443806695,6.86676172728975,6.967604162882546,1.8482181561027728,0.20919295980125516,298
16.539999999999786,6.846581803915091,6.965173850093009,6.860867241739736,6.975645458934408,1.771237775029177,0.1665055400188642,298
16.549999999999788,6.841308182747629,6.973670256379324,6.8549727561897225,6.9836867549862705,1.6942573939555814,0.12381812023634982,299
16.55999999999979,6.836034561580167,6.982166662665638,6.849078270639709,6.991728051038132,1.6172770128819853,0.08113070045383546,299
16.56999999999979,6.830760940412704,6.990663068951953,6.843183785089695,6.999769347089995,1.5402966318083893,0.02208926041531417,299
16.579999999999792,6.825487319245242,6.999159475238267,6.837289299539682,7.007810643141855,1.4633162507347408,0.13139990484141453,299
16.589999999999794,6.820213698077779,7.007655881524582,6.829658692346726,7.016324037651982,1.2819705433020487,0.2848890700982685,300
16.599999999999795,6.814940076910316,7.016152287810897,6.823015038301531,7.023563094431702,1.0960157674074247,0.43837823535506454,300
16.609999999999797,6.809666455742854,7.024648694097211,6.816371384256337,7.030802151211422,0.9100609915129263,0.5918674006117933,300
16.6199999999998,6.804392834575392,7.033145100383526,6.809727730211143,7.038041207991141,0.7241062156183025,0.7241062156183025,300
16.6299999999998,6.79903775219984,7.041589250060729,6.802134992427197,7.045069454743629,0.46588326500142496,0.46588326500142496,301
16.6399999999998,6.793513697689474,7.049925005681339,6.7949127049734654,7.051496996015881,0.21043704504087038,0.21043704504087038,301
16.649999999999803,6.787989643179108,7.058260761301948,6.787690417519735,7.057924537288132,0.04500917491955877,0.04500917491955877,301
16.659999999999805,6.7824655886687415,7.066596516922559,6.780468130066003,7.0643520785603835,0.3004553948801133,0.3004553948801133,301
16.669999999999806,6.776941534158375,7.074932272543169,6.7734806251230175,7.07023984633289,0.5830673639463421,0.5830673639463421,302
16.679999999999808,6.771417479648009,7.083268028163779,6.76592088665575,7.075815547685209,0.9260237567472172,0.9260237567472172,302
16.68999999999981,6.765893425137643,7.091603783784389,6.758361148188483,7.081391249037527,1.2689801495480924,1.2689801495480924,302
16.69999999999981,6.760369370627276,7.099939539404999,6.750801409721215,7.086966950389845,1.6119365423489673,1.6119365423489673,302
16.709999999999813,6.75484531611691,7.108275295025609,6.743241671253948,7.092542651742164,1.9548929351498423,1.9548929351498423,302
16.719999999999814,6.749321261606544,7.1166110506462195,6.737150732043836,7.096880501265286,2.3182242529794306,2.3182242529794306,303
16.729999999999816,6.743797207096177,7.12494680626683,6.729424581513359,7.1016462754777345,2.737676206561792,2.737676206561792,303
16.739999999999817,6.738273152585811,7.133282561887439,6.721698430982882,7.106412049690183,3.1571281601440777,3.1571281601440777,303
16.74999999999982,6.732749098075445,7.141618317508049,6.713972280452405,7.111177823902632,3.57658011372644,3.57658011372644,303
16.75999999999982,6.727225043565078,7.14995407312866,6.7062461299219285,7.115943598115081,3.9960320673088026,3.418985307929339,303
16.769999999999822,6.721496419519011,7.158130199498324,6.698443119354133,7.120756782429414,4.391158106808152,2.962139987531138,303
16.779999999999824,6.714753536583252,7.165514881598095,6.693079964775227,7.123705261843815,4.70933967655239,2.622561795854676,304
16.789999999999825,6.7080106536474915,7.172899563697865,6.684747973838926,7.128024459313752,5.054628834406047,2.2829836041782547,304
16.799999999999827,6.701267770711732,7.180284245797636,6.676415982902626,7.132343656783689,5.399917992259662,1.9434054125017926,304
16.809999999999828,6.694524887775972,7.187668927897406,6.668083991966325,7.136662854253626,5.745207150113318,1.6038272208253717,304
16.81999999999983,6.687782004840213,7.195053609997177,6.659752001030025,7.140982051723563,6.0904963079669745,1.264249029148831,304
16.82999999999983,6.681039121904453,7.202438292096947,6.651420010093725,7.1453012491935,6.43578546582059,0.9246708374724886,304
16.839999999999833,6.674296238968694,7.209822974196718,6.64702131476529,7.147288350661841,6.822390073097662,0.5820752456252455,305
16.849999999999834,6.667553356032934,7.217207656296488,6.63865004263845,7.15093954099192,7.229705824720198,0.23487777658427805,305
16.859999999999836,6.6608104730971744,7.224592338396259,6.630278770511612,7.154590731321997,7.637021576342779,0.0173603582908245,305
16.869999999999838,6.654067590161414,7.231977020496029,6.621907498384773,7.158241921652076,8.044337327965314,0.35638029978753893,305
16.87999999999984,6.647324707225655,7.2393617025958,6.613536226257934,7.161893111982153,8.451653079587931,0.6954002412843733,305
16.88999999999984,6.640581824289895,7.24674638469557,6.605164954131095,7.165544302312231,8.858968831210511,1.034420182781166,305
16.899999999999842,6.633838941354136,7.254131066795341,6.6000157834744035,7.167790149995208,9.272949866598392,1.3734401242780006,305
16.909999999999844,6.627096058418376,7.2615157488951105,6.5936389322402675,7.170124634229706,9.732273697283206,1.712460065774715,306
16.919999999999845,6.619694034264875,7.268189753299048,6.584957168976948,7.173302917479809,10.1045343395026,1.9578804103145022,306
16.929999999999847,6.611823572672581,7.274358694401395,6.576025374671545,7.176572733918386,10.413263200220223,2.1367815412308895,306
16.93999999999985,6.603953111080285,7.280527635503743,6.567093580366141,7.1798425503569625,10.721992060937847,2.3156826721472354,306
16.94999999999985,6.5960826494879905,7.286696576606092,6.558161786060737,7.183112366795539,11.030720921655586,2.494583803063742,306
16.95999999999985,6.588212187895696,7.29286551770844,6.549229991755333,7.186382183234116,11.339449782373208,2.673484933980208,306
16.969999999999853,6.5803417263034,7.299034458810788,6.545053029110838,7.187911316200157,11.659178776059207,2.8523860648966735,306
16.979999999999855,6.572471264711106,7.305203399913136,6.537372489172951,7.1902565527503155,12.018611282902263,3.061236235022523,307
16.989999999999856,6.56460080311881,7.311372341015484,6.5284502410681355,7.192980942250822,12.37876667444415,3.290837056620689,307
16.999999999999858,6.5567303415265155,7.3175412821178325,6.51952799296332,7.195705331751328,12.738922065986143,3.520437878218971,307
17.00999999999986,6.548859879934221,7.32371022322018,6.510605744858505,7.198429721251833,13.099077457528113,3.7500386998172175,307
17.01999999999986,6.540989418341925,7.329879164322528,6.501683496753688,7.20115411075234,13.459232849070027,3.97963952141542,307
17.029999999999863,6.533118956749631,7.336048105424877,6.492761248648872,7.203878500252846,13.819388240612021,4.227797265672192,307
17.039999999999864,6.525248495157336,7.3422170465272245,6.485730008834903,7.206025474389821,14.180922072444336,4.535377097380733,307
17.049999999999866,6.51737803356504,7.348385987629572,6.481768363692057,7.207023425142899,14.57786769773326,4.842956929089306,308
17.059999999999867,6.509507571972746,7.354554928731921,6.472906272222929,7.209255813591783,14.983820608871095,5.150536760798046,308
17.06999999999987,6.50163711038045,7.360723869834269,6.4640441807538,7.211488202040667,15.389773520008848,5.458116592506619,308
17.07999999999987,6.493766648788156,7.366892810936617,6.455182089284672,7.21372059048955,15.795726431146772,5.765696424215274,308
17.089999999999872,6.485126503787908,7.371916711329098,6.445867469025134,7.216066972350488,16.071842753774604,5.96623885176308,308
17.099999999999874,6.476442560437594,7.376875453900412,6.436527097899497,7.218419840934816,16.340570807022957,6.203205126637928,308
17.109999999999875,6.467758617087279,7.381834196471727,6.427186726773859,7.220772709519145,16.609298860271334,6.440171401512861,308
17.119999999999877,6.459074673736964,7.386792939043041,6.422081499776022,7.222058732104062,16.883676689488844,6.677137676387708,308
17.129999999999878,6.45039073038665,7.391751681614355,6.415985586497653,7.223303810310475,17.192556317439003,6.914103951262556,309
17.13999999999988,6.441706787036336,7.396710424185669,6.406677152115914,7.225205039585776,17.504620038554183,7.151070226137401,309
17.14999999999988,6.433022843686022,7.401669166756983,6.397368717734175,7.2271062688610765,17.816683759669452,7.404281607345606,309
17.159999999999883,6.42433356705037,7.406618434660287,6.388057021331803,7.229008164397627,18.127712451395066,7.702268565554856,309
17.169999999999884,6.415589304617182,7.411470019401334,6.378711693725636,7.230916929040903,18.428070062752145,7.989538445927219,309
17.179999999999886,6.406845042183994,7.416321604142382,6.369366366119468,7.2328256936841795,18.728427674109327,8.27680832629967,309
17.189999999999888,6.398100779750805,7.421173188883429,6.3600210385133,7.234734458327456,19.02878528546633,8.564078206672034,309
17.19999999999989,6.389356517317617,7.426024773624476,6.354145139884766,7.235934598977659,19.332386194667293,8.851348087044485,309
17.20999999999989,6.380600187372161,7.430852748867785,6.349297060637804,7.236716317473233,19.664394152365574,9.136053803842293,310
17.219999999999892,6.371546201567339,7.435098374975455,6.339805277200212,7.238246800431777,19.939415407680567,9.395019747935121,310
17.229999999999894,6.362492215762518,7.439344001083124,6.33031349376262,7.239777283390322,20.214436662995386,9.67158449391306,310
17.239999999999895,6.353438229957696,7.443589627190794,6.320821710325029,7.241307766348866,20.48945791831038,9.881799577124934,310
17.249999999999897,6.344384244152875,7.4478352532984635,6.311329926887437,7.242838249307411,20.76447917362528,10.078729145273284,310
17.2599999999999,6.335330258348053,7.452080879406133,6.301838143449845,7.244368732265955,21.039500428940272,10.302847222771621,310
17.2699999999999,6.3262762725432315,7.456326505513803,6.292346360012253,7.2458992152245,21.31452168425518,10.561213812622812,310
17.2799999999999,6.316451924342749,7.458006805092495,6.282506894427389,7.247485759470671,21.32401831401873,10.55348686930516,310
17.289999999999903,6.306556838656892,7.459451547031248,6.280724903990138,7.2477245597799635,21.329699008456064,10.52132624709003,311
17.299999999999905,6.296661752971035,7.460896288970001,6.270801268902687,7.248935301483531,21.353272548368015,10.489165624874815,311
17.309999999999906,6.286766667285179,7.462341030908753,6.260877633815237,7.250146043187097,21.376846088280054,10.45700500265967,311
17.319999999999908,6.276871581599322,7.463785772847506,6.250953998727787,7.251356784890665,21.400419628192004,10.424844380444455,311
17.32999999999991,6.266976495913466,7.465230514786258,6.241030363640337,7.252567526594231,21.423993168104044,10.39268375822931,311
17.33999999999991,6.2570814102276096,7.4666752567250105,6.231106728552886,7.253778268297799,21.447566708015994,10.381439495651163,311
17.349999999999913,6.247186324541753,7.468119998663763,6.221183093465435,7.254989010001365,21.471140247928027,10.413618185991341,311
17.359999999999914,6.237291238855897,7.469564740602515,6.211259458377985,7.256199751704933,21.494713787839977,10.445800757960058,311
17.369999999999916,6.22739615317004,7.471009482541268,6.205576162415763,7.256893147156754,21.52252705306936,10.477983329928858,311
17.379999999999917,6.217501067484184,7.47245422448002,6.199045358614367,7.257453753433838,21.57911391599937,10.510165901897668,312
17.38999999999992,6.207605981798327,7.473898966418773,6.189099542168303,7.258307505483348,21.63843024252234,10.542348473866381,312
17.39999999999992,6.19771089611247,7.475343708357525,6.17915372572224,7.259161257532857,21.697746569045393,10.574531045835183,312
17.409999999999922,6.187762004393254,7.475751259935642,6.169242878321994,7.260012007828343,21.65326371018,10.503048047296085,312
17.419999999999924,6.177770540326715,7.475338166959319,6.159359699089629,7.260860383079491,21.526652980214887,10.369119710649644,312
17.429999999999925,6.167779076260175,7.4749250739829955,6.149476519857265,7.261708758330639,21.400042250249687,10.280362714718605,312
17.439999999999927,6.157787612193636,7.474511981006673,6.1395933406249,7.262557133581787,21.27343152028457,10.191682941420094,312
17.44999999999993,6.147796148127097,7.47409888803035,6.129710161392536,7.263405508832935,21.146820790319452,10.10300316812158,312
17.45999999999993,6.137804684060558,7.473685795054027,6.120138403823191,7.264219800111988,21.020965842340214,10.01432339482298,313
17.46999999999993,6.127813219994018,7.473272702077704,6.110252102794391,7.2650536068811205,20.895833183145157,9.925643621524557,313
17.479999999999933,6.117821755927479,7.472859609101381,6.10036580176559,7.265887413650254,20.77070052394993,9.836963848225954,313
17.489999999999934,6.10783029186094,7.472446516125058,6.09047950073679,7.266721220419386,20.645567864754874,9.748284074927446,313
17.499999999999936,6.097844086031592,7.471949702578166,6.08060543189579,7.267553995530575,20.512136957396336,9.6512666320266,313
17.509999999999938,6.08787945289097,7.47110941312039,6.070781547397994,7.26838253811385,20.34466127075204,9.520042677609828,313
17.51999999999994,6.077914819750348,7.470269123662614,6.060957662900198,7.269211080697125,20.17718558410792,9.388818723193145,313
17.52999999999994,6.0679501866097265,7.469428834204839,6.051133778402402,7.2700396232804,20.00970989746371,9.257594768776464,313
17.539999999999942,6.057985553469104,7.468588544747063,6.041309893904606,7.270868165863676,19.84223421081941,9.126370814359689,314
17.549999999999944,6.048020920328482,7.467748255289288,6.031486009406811,7.271696708446951,19.6747585241752,8.995146859943008,314
17.559999999999945,6.03805628718786,7.4669079658315125,6.021662124909015,7.272525251030226,19.507282837531083,8.863922905526326,314
17.569999999999947,6.0280916540472385,7.466067676373737,6.011838240411219,7.273353793613501,19.339807150886873,8.732698951109645,314
17.57999999999995,6.018127020906617,7.465227386915961,6.002014355913423,7.274182336196777,19.172331464242575,8.601474996692874,314
17.58999999999995,6.008162387765994,7.464387097458186,5.992190471415626,7.275010878780051,19.004855777598458,8.470251042276193,314
17.59999999999995,5.998197754625372,7.463546808000411,5.982366586917831,7.275839421363327,18.83738009095425,8.339027087859511,314
17.609999999999953,5.98823312148475,7.4627065185426344,5.972542702420035,7.276667963946602,18.669904404309957,8.20780313344274,314
17.619999999999955,5.978268488344129,7.461866229084859,5.962718817922239,7.277496506529877,18.502428717665836,8.076579179026059,315
17.629999999999956,5.9683249202183335,7.460853665175978,5.9529302765972325,7.2783220682837575,18.31796356483019,7.928247159765521,315
17.639999999999958,5.958451400869918,7.459268226537463,5.943259264078303,7.279137717704017,18.077002304832387,7.723024650017186,315
17.64999999999996,5.948577881521502,7.457682787898948,5.933588251559374,7.279953367124276,17.836041044834484,7.517802140268677,315
17.65999999999996,5.9387043621730875,7.456097349260434,5.9239172390404455,7.280769016544535,17.595079784836674,7.312579630520341,315
17.669999999999963,5.928830842824672,7.454511910621918,5.914246226521516,7.281584665964794,17.35411852483878,7.107357120771921,315
17.679999999999964,5.918957323476256,7.452926471983404,5.904575214002587,7.282400315385053,17.113157264840968,6.902134611023496,315
17.689999999999966,5.909083804127841,7.451341033344889,5.894904201483657,7.283215964805312,16.872196004843072,6.6969121012750765,315
17.699999999999967,5.899210284779425,7.4497555947063745,5.885233188964728,7.284031614225571,16.63123474484526,6.491689591526651,315
17.70999999999997,5.88933676543101,7.448170156067859,5.875562176445799,7.284847263645831,16.390273484847366,6.286467081778231,316
17.71999999999997,5.879463246082595,7.446584717429344,5.86589116392687,7.28566291306609,16.149312224849467,6.0812445720298065,316
17.729999999999972,5.869589726734179,7.44499927879083,5.856220151407941,7.286478562486349,15.908350964851653,5.876022062281385,316
17.739999999999974,5.859716207385763,7.443413840152314,5.846549138889011,7.287294211906609,15.66738970485367,5.670799552532965,316
17.749999999999975,5.849842688037348,7.4418284015138,5.836878126370082,7.288109861326868,15.426428444855858,5.465577042784629,316
17.759999999999977,5.839969964927192,7.440238059882486,5.827208315061498,7.288925409437515,15.184985311806107,5.259868564947828,316
17.76999999999998,5.830102143359446,7.438617536045218,5.81754589825246,7.289740333898958,14.940575828958169,5.0511685287852535,316
17.77999999999998,5.8202343217917,7.43699701220795,5.807883481443422,7.290555258360401,14.696166346110404,4.842468492622764,316
17.78999999999998,5.810366500223954,7.435376488370681,5.798221064634384,7.291370182821844,14.45175686326256,4.633768456460185,317
17.799999999999983,5.800498678656208,7.433755964533414,5.788558647825346,7.292185107283286,14.207347380414795,4.425068420297695,317
17.809999999999985,5.790630857088462,7.432135440696145,5.778896231016309,7.293000031744729,13.96293789756694,4.216368384135116,317
17.819999999999986,5.780763035520716,7.430514916858877,5.76923381420727,7.293814956206171,13.71852841471918,4.007668347972626,317
17.829999999999988,5.7708952139529694,7.428894393021609,5.759571397398233,7.294629880667614,13.474118931871326,3.798968311809959,317
17.83999999999999,5.761027392385223,7.427273869184341,5.749908980589194,7.2954448051290575,13.22970944902348,3.5902682756474693,317
17.84999999999999,5.751159570817477,7.425653345347073,5.740246563780157,7.2962597295905,12.985299966175715,3.3815682394849835,317
17.859999999999992,5.741291749249731,7.424032821509805,5.730584146971119,7.297074654051943,12.74089048332786,3.1728682033224045,317
17.869999999999994,5.731423927681985,7.422412297672537,5.720921730162081,7.297889578513385,12.496481000480102,2.9641681671599143,318
17.879999999999995,5.721556106114239,7.420791773835268,5.711259313353043,7.298704502974828,12.252071517632249,2.7554681309973366,318
17.889999999999997,5.711688284546493,7.4191712499980005,5.701596896544005,7.2995194274362705,12.007662034784492,2.546768094834846,318
17.9,5.701820462978747,7.417550726160732,5.691934479734967,7.300334351897713,11.763252551936636,2.3380680586722673,318
17.91,5.691943944306675,7.415984288137558,5.682258897890291,7.301150386693123,11.524159424894224,2.1347292355269687,318
17.92,5.682065539402652,7.4144295802703954,5.672580460806685,7.301966662298268,11.28621931152197,1.932553154704261,318
17.930000000000003,5.672187134498629,7.412874872403234,5.662902023723079,7.302782937903413,11.048279198149805,1.7303770738817301,318
17.940000000000005,5.662308729594607,7.411320164536071,5.6532235866394736,7.303599213508559,10.810339084777556,1.5282009930590181,318
17.950000000000006,5.6524303246905845,7.409765456668909,5.643545149555868,7.304415489113704,10.572398971405391,1.3260249122364878,318
17.960000000000008,5.642551919786562,7.408210748801746,5.633866712472261,7.305231764718849,10.334458858033145,1.1238488314137798,319
17.97000000000001,5.63267351488254,7.4066560409345845,5.624188275388656,7.306048040323995,10.09651874466089,0.9216727505912493,319
17.98000000000001,5.622795109978517,7.405101333067422,5.61450983830505,7.306864315929141,9.858578631288637,0.7194966697685414,319
17.990000000000013,5.612916705074494,7.40354662520026,5.6048314012214435,7.307680591534286,9.620638517916479,0.517320588946011,319
18.000000000000014,5.603038300170472,7.401991917333098,5.595152964137839,7.308496867139431,9.382698404544314,0.3151445081233918,319
18.010000000000016,5.593159895266449,7.400437209465935,5.585474527054232,7.3093131427445766,9.144758291172067,0.11296842730077257,319
18.020000000000017,5.5832814903624275,7.398882501598774,5.575796089970627,7.310129418349722,8.9068181777999,0.0892076535218466,319
18.03000000000002,5.573403085458405,7.397327793731611,5.56611765288702,7.310945693954868,8.668878064427567,0.2913837343444658,319
18.04000000000002,5.5634827072347735,7.396077570097962,5.556372040233653,7.311767635121341,8.460925907347752,0.46334489438222193,320
18.050000000000022,5.553552093964081,7.394901593878827,5.546610047052744,7.312590957815113,8.260286208438794,0.6279382517520772,320
18.060000000000024,5.543621480693387,7.393725617659692,5.536848053871833,7.313414280508884,8.059646509529845,0.7925316091218395,320
18.070000000000025,5.533690867422695,7.392549641440557,5.527086060690924,7.314237603202656,7.859006810620886,0.9571249664916907,320
18.080000000000027,5.523760254152002,7.391373665221423,5.517324067510015,7.315060925896427,7.658367111712015,1.1217183238614572,320
18.09000000000003,5.513829640881308,7.390197689002288,5.507562074329105,7.315884248590199,7.457727412803057,1.076949433586594,320
18.10000000000003,5.503899027610616,7.389021712783152,5.4978000811481955,7.31670757128397,7.257087713894012,0.934145661928096,320
18.11000000000003,5.493968414339923,7.387845736564017,5.488038087967285,7.317530893977742,7.056448014985059,0.7913418902696867,320
18.120000000000033,5.4840378010692294,7.3866697603448825,5.478276094786375,7.318354216671514,6.855808316076101,0.6485381186112751,321
18.130000000000035,5.474107187798537,7.385493784125748,5.468514101605466,7.319177539365285,6.655168617167232,0.5057343469529547,321
18.140000000000036,5.464176574527844,7.384317807906613,5.458752108424557,7.320000862059056,6.454528918258275,0.36293057529454326,321
18.150000000000038,5.454245961257151,7.383141831687478,5.448990115243647,7.320824184752828,6.253889219349324,0.220126803636134,321
18.16000000000004,5.444315347986458,7.381965855468343,5.439228122062737,7.3216475074466,6.053249520440366,0.07732303197772478,321
18.17000000000004,5.434384734715765,7.380789879249208,5.429466128881828,7.322470830140372,5.852609821531319,0.06548073968077549,321
18.180000000000042,5.424411738191713,7.3800632958989265,5.419624417874872,7.32330087620447,5.696394232657806,0.16346748727137275,321
18.190000000000044,5.4144363667597455,7.379361893878465,5.409778239950418,7.324131299006646,5.542667909289536,0.2589429527682532,321
18.200000000000045,5.404460995327777,7.378660491858003,5.399932062025962,7.324961721808822,5.388941585921272,0.3544184182651314,321
18.210000000000047,5.394485623895809,7.377959089837542,5.390085884101508,7.325792144610998,5.235215262553001,0.44989388376201184,322
18.22000000000005,5.3845102524638415,7.37725768781708,5.380239706177053,7.326622567413175,5.081488939184641,0.545369349258981,322
18.23000000000005,5.374534881031873,7.376556285796618,5.370393528252597,7.327452990215351,4.927762615816378,0.6408448147558593,322
18.24000000000005,5.364559509599905,7.375854883776156,5.360547350328143,7.328283413017527,4.774036292448018,0.7363202802528285,322
18.250000000000053,5.3545841381679375,7.375153481755694,5.350701172403689,7.329113835819703,4.620309969079747,0.8317957457497089,322
18.260000000000055,5.344608766735969,7.374452079735232,5.3408549944792325,7.329944258621879,4.466583645711484,0.9272712112466759,322
18.270000000000056,5.334633395304001,7.373750677714771,5.331008816554778,7.330774681424055,4.312857322343214,1.0227466767435565,322
18.280000000000058,5.324658023872034,7.373049275694309,5.321162638630323,7.331605104226232,4.159130998974861,1.1182221422404368,322
18.29000000000006,5.314682652440065,7.3723478736738475,5.311316460705868,7.332435527028408,4.005404675606591,1.2136976077373152,323
18.30000000000006,5.304707281008097,7.371646471653385,5.3014702827814135,7.333265949830584,3.8516783522382316,1.3091730732342841,323
18.310000000000063,5.29473190957613,7.370945069632923,5.291624104856958,7.33409637263276,3.6979520288699677,1.4046485387311647,323
18.320000000000064,5.284756538144161,7.370243667612462,5.281777926932503,7.334926795434936,3.5442257055016975,1.5001240042281316,323
18.330000000000066,5.274766910062859,7.369889409026752,5.2718885218987195,7.335760863994637,3.4249711012394357,1.5609325854985125,323
18.340000000000067,5.264767617267706,7.369770482171747,5.261969812809512,7.336597404046932,3.3290851927539418,1.5982401667599997,323
18.35000000000007,5.254768324472554,7.369651555316742,5.252051103720304,7.337433944099228,3.233199284268366,1.635547748021575,323
18.36000000000007,5.244769031677402,7.369532628461737,5.242132394631097,7.338270484151523,3.1373133757828726,1.6728553292831503,323
18.370000000000072,5.234769738882249,7.3694137016067325,5.232213685541889,7.339107024203818,3.0414274672973862,1.710162910544637,324
18.380000000000074,5.2247704460870965,7.369294774751728,5.222294976452682,7.339943564256113,2.945541558811892,1.7474704918062123,324
18.390000000000075,5.214771153291943,7.369175847896723,5.2123762673634735,7.340780104308408,2.8496556503264054,1.7847780730676992,324
18.400000000000077,5.204771860496791,7.369056921041718,5.202457558274267,7.341616644360703,2.7537697418409115,1.8220856543291857,324
18.41000000000008,5.194772567701639,7.368937994186713,5.192538849185059,7.3424531844129985,2.6578838333553367,1.8593932355907588,324
18.42000000000008,5.184773274906486,7.368819067331708,5.182620140095851,7.3432897244652935,2.561997924869843,1.8967008168522457,324
18.43000000000008,5.174773982111334,7.368700140476704,5.172701431006644,7.344126264517588,2.4661120163843564,1.934008398113821,324
18.440000000000083,5.1647746893161814,7.368581213621699,5.162782721917437,7.344962804569883,2.3702261078988625,1.9713159793753074,324
18.450000000000085,5.154775396521028,7.368462286766694,5.152864012828229,7.345799344622178,2.2743401994133685,2.0086235606367944,325
18.460000000000086,5.144776103725876,7.368343359911689,5.142945303739022,7.346635884674473,2.178454290927882,2.0459311418983694,325
18.470000000000088,5.134776810930724,7.368224433056684,5.133026594649815,7.347472424726768,2.082568382442388,2.082568382442388,325
18.48000000000009,5.124777518135571,7.36810550620168,5.123107885560606,7.348308964779063,1.9866824739569011,1.9866824739569011,325
18.49000000000009,5.114778225340419,7.367986579346675,5.1131891764713995,7.349145504831358,1.8907965654714076,1.8907965654714076,325
18.500000000000092,5.104778932545266,7.367867652491669,5.103270467382192,7.349982044883653,1.7949106569858324,1.7949106569858324,325
18.510000000000094,5.094779639750113,7.367748725636664,5.093351758292984,7.350818584935948,1.6990247485003385,1.6990247485003385,325
18.520000000000095,5.0847812172867215,7.367700049479306,5.083428030319301,7.351655548279001,1.6101463714066215,1.6101463714066215,325
18.530000000000097,5.074787939824093,7.368066663111025,5.073474633010716,7.352495013922176,1.5626932944332643,1.5626932944332643,326
18.5400000000001,5.064794662361465,7.368433276742746,5.063521235702132,7.35333447956535,1.5152402174599884,1.5152402174599884,326
18.5500000000001,5.054801384898838,7.368799890374465,5.053567838393548,7.354173945208525,1.4677871404866312,1.4677871404866312,326
18.5600000000001,5.044808107436209,7.369166504006184,5.043614441084963,7.355013410851701,1.4203340635131785,1.4203340635131785,326
18.570000000000103,5.034814829973581,7.3695331176379035,5.0336610437763785,7.355852876494875,1.3728809865398213,1.3728809865398213,326
18.580000000000105,5.024821552510954,7.369899731269623,5.023707646467795,7.35669234213805,1.3254279095664572,1.3254279095664572,326
18.590000000000106,5.014828275048325,7.370266344901342,5.013754249159209,7.357531807781225,1.2779748325931,1.2779748325931,326
18.600000000000108,5.004834997585697,7.370632958533061,5.003800851850626,7.3583712734244,1.2305217556197356,1.2305217556197356,326
18.61000000000011,4.99484172012307,7.370999572164781,4.993847454542041,7.359210739067575,1.18306867864629,1.18306867864629,327
18.62000000000011,4.984848442660441,7.3713661857965,4.9838940572334565,7.36005020471075,1.1356156016729255,1.1356156016729255,327
18.630000000000113,4.9748551651978135,7.371732799428219,4.973940659924872,7.360889670353925,1.0881625246995685,1.0881625246995685,327
18.640000000000114,4.964861887735186,7.372099413059939,4.963987262616288,7.361729135997099,1.0407094477262042,1.0407094477262042,327
18.650000000000116,4.954868610272558,7.372466026691658,4.954033865307704,7.362568601640274,0.9932563707528472,0.9932563707528472,327
18.660000000000117,4.944882783394022,7.372956585213268,4.944077486328714,7.363408318756367,0.9582165501356411,0.9582165501356411,327
18.67000000000012,4.934917549427294,7.373789719049096,4.934112866213872,7.36424873092664,0.9574861326766755,0.9574861326766755,327
18.68000000000012,4.924952315460565,7.374622852884924,4.924148246099029,7.365089143096913,0.95675571521771,0.95675571521771,327
18.690000000000122,4.9149870814938375,7.375455986720752,4.914183625984187,7.365929555267187,0.9560252977586559,0.9560252977586559,328
18.700000000000124,4.9050218475271095,7.37628912055658,4.904219005869344,7.3667699674374605,0.955294880299698,0.955294880299698,328
18.710000000000125,4.8950566135603815,7.3771222543924075,4.894254385754501,7.367610379607734,0.9545644628407324,0.9545644628407324,328
18.720000000000127,4.8850913795936535,7.377955388228235,4.884289765639659,7.368450791778007,0.9538340453817669,0.9538340453817669,328
18.73000000000013,4.8751261456269255,7.378788522064063,4.874325145524817,7.36929120394828,0.9531036279228012,0.9531036279228012,328
18.74000000000013,4.8651609116601975,7.379621655899891,4.864360525409975,7.370131616118553,0.9523732104638357,0.9523732104638357,328
18.75000000000013,4.8551956776934695,7.380454789735719,4.854395905295132,7.370972028288827,0.9516427930047816,0.9516427930047816,328
18.760000000000133,4.845230443726741,7.381287923571547,4.844431285180289,7.371812440459101,0.9509123755458161,0.9509123755458161,329
18.770000000000135,4.835265209760013,7.382121057407375,4.834466665065447,7.372652852629374,0.9501819580868506,0.9501819580868506,329
18.780000000000136,4.825299975793285,7.382954191243202,4.824502044950604,7.373493264799647,0.9494515406278924,0.9494515406278924,329
18.790000000000138,4.815334741826557,7.38378732507903,4.814537424835762,7.37433367696992,0.9487211231689268,0.9487211231689268,329
18.80000000000014,4.805369507859829,7.384620458914858,4.8045728047209195,7.375174089140194,0.9479907057098728,0.9479907057098728,329
18.81000000000014,4.795403070220682,7.385438796478833,4.794608228532991,7.376014497605689,0.9457757797640883,0.9457757797640883,329
18.820000000000142,4.785434205249329,7.386227295802209,4.784643740928311,7.376854898600106,0.9405671860999292,0.9405671860999292,330
18.830000000000144,4.775465340277976,7.387015795125587,4.774679253323631,7.377695299594524,0.9353585924357626,0.9353585924357626,330
18.840000000000146,4.765496475306623,7.387804294448964,4.764714765718951,7.378535700588943,0.9301499987716035,0.9301499987716035,330
18.850000000000147,4.75552761033527,7.38859279377234,4.754750278114271,7.37937610158336,0.9249414051074446,0.9249414051074446,330
18.86000000000015,4.745558745363917,7.389381293095718,4.744785790509591,7.380216502577778,0.9197328114432779,0.9197328114432779,330
18.87000000000015,4.735589880392564,7.390169792419095,4.734821302904911,7.381056903572196,0.9145242177792074,0.9041665612332153,330
18.88000000000015,4.725620461952993,7.390950520832013,4.724856916507662,7.381897296030819,0.9085366307862681,0.8514617462121701,331
18.890000000000153,4.715640473377947,7.391582840404681,4.714894462969828,7.382737525472833,0.8876718299720346,0.8136198891760136,331
18.900000000000155,4.705660484802901,7.392215159977348,4.704932009431994,7.383577754914848,0.8668070291577127,0.775778032139857,331
18.910000000000156,4.695680496227855,7.3928474795500145,4.69496955589416,7.384417984356862,0.8459422283433907,0.7379361751037893,331
18.920000000000158,4.685700507652808,7.393479799122682,4.685007102356326,7.385258213798876,0.8250774275291649,0.7000943180676327,331
18.93000000000016,4.675720519077762,7.394112118695349,4.675044648818492,7.38609844324089,0.8042126267149317,0.6622524610314783,331
18.94000000000016,4.665740530502716,7.394744438268016,4.665082195280658,7.386938672682905,0.7833478259005213,0.6244106039954994,332
18.950000000000163,4.65576054192767,7.395376757840683,4.655119741742824,7.387778902124919,0.7624830250862955,0.5865687469593428,332
18.960000000000164,4.645780553352623,7.396009077413351,4.645157288204989,7.388619131566933,0.741618224272062,0.5487268899231863,332
18.970000000000166,4.635800564777576,7.396641396986017,4.635194834667155,7.389459361008947,0.7207534234577402,0.5108850328871186,332
18.980000000000167,4.62582057620253,7.397273716558685,4.6252323811293214,7.390299590450962,0.6998886226434183,0.473043175850962,332
18.99000000000017,4.615845961345344,7.397985549947454,4.615268604556115,7.391139931477262,0.686992235047085,0.4272388464466347,333
19.00000000000017,4.605871644034862,7.398701786074616,4.605304754725468,7.391980278682067,0.6745370643426287,0.3809936290996363,333
19.010000000000172,4.595897326724381,7.399418022201778,4.5953409048948215,7.392820625886872,0.6620818936381723,0.3347484117526379,333
19.020000000000174,4.585923009413899,7.40013425832894,4.585377055064175,7.393660973091677,0.6496267229336274,0.2885031944056395,333
19.030000000000175,4.575948692103417,7.400850494456102,4.575413205233527,7.394501320296482,0.6371715522291711,0.24225797705864113,334
19.040000000000177,4.565974374792935,7.401566730583265,4.565449355402881,7.395341667501287,0.6247163815247074,0.19601275971155396,334
19.05000000000018,4.555996525974827,7.402225197422408,4.555486836834313,7.396181902427968,0.6064750399626996,0.1555515816103945,334
19.06000000000018,4.546009236940872,7.40272923884161,4.5455278769162435,7.397021837219455,0.5727664510940769,0.13055195271853906,334
19.07000000000018,4.536021947906918,7.403233280260812,4.535568916998175,7.397861772010943,0.5390578622252772,0.10555232382677245,335
19.080000000000183,4.526034658872963,7.403737321680015,4.525609957080104,7.39870170680243,0.505349273356662,0.08055269493482821,335
19.090000000000185,4.516048081739831,7.404254363631558,4.5156506153191485,7.399541673798398,0.4729421213968992,0.054251623236286475,335
19.100000000000186,4.506065472222476,7.4048438610649905,4.5056891454445465,7.400381820278639,0.44778822922057526,0.020697258884816407,335
19.110000000000188,4.49608286270512,7.405433358498424,4.4957276755699445,7.40122196675888,0.4226343370444283,0.01285710546674245,336
19.12000000000019,4.4860978003989365,7.405969797923586,4.4857682135162475,7.40206194390029,0.39217280095166696,0.0411011484612911,336
19.13000000000019,4.476107314251449,7.4063831093415535,4.475813677152038,7.402901505610972,0.34939644077968984,0.053092950280775285,336
19.140000000000192,4.466128909824015,7.407039954134921,4.465850742734854,7.403741775610163,0.3309887990652393,0.012431223993379311,337
19.150000000000194,4.456929080350367,7.409737043651962,4.456490026150309,7.404531254792456,0.5224270881218125,0.18131283729290706,337
19.160000000000196,4.447842650994147,7.407563601575232,4.447649786177853,7.405276837180481,0.2294883054637952,0.10318336633738709,337
19.170000000000197,4.438175668259864,7.406860041360514,4.438109999558978,7.406081419059561,0.0781386630176117,0.00827609177799978,338
19.1800000000002,4.428406102114208,7.408271219029976,4.428291257617737,7.4069095279216235,0.13665254966289897,0.13665254966289897,338
19.18221948711391,4.426192190294476,7.408410943706583,4.42627,7.40708,0.1333216224161572,0.1333216224161572,338
