robot_distance_meters,robot_x_meters,robot_y_meters,matched_gui_x_meters,matched_gui_y_meters,deviation_cm,nearest_curve_lower_bound_cm,gui_segment_index
0,4.42627,7.40708,4.431068448860526,7.40695798142392,0.47999999999997456,0,0
0.02,4.446125293671883,7.409007489407871,4.446063481126584,7.406576676435879,0.24315987529932226,0.00610374975767038,1
0.04,4.466062377081224,7.407422337954861,4.466027963498189,7.406069004523151,0.1353770908270872,0.1353770908270872,2
0.06,4.485999460490565,7.405837186501851,4.485992445869796,7.405561332610422,0.027594306354938713,0.027594306354938713,3
0.08,4.505943331412027,7.404345419245547,4.505961338258137,7.405053548556463,0.07083582197485863,0.07083582197485863,4
0.1,4.525900088101557,7.403030937433234,4.525938602852939,7.404545551607724,0.15151037864245012,0.15151037864245012,4
0.12000000000000001,4.545856844791087,7.401716455620923,4.545915867447741,7.404037554658985,0.2321849353100417,0.2321849353100417,5
0.14,4.565813601480617,7.40040197380861,4.565893132042542,7.403529557710247,0.3128594919777219,0.3128594919777219,6
0.16,4.58576216519504,7.398972984025472,4.585865118869986,7.403021694968556,0.40500197233881646,0.40500197233881646,6
0.18,4.605702775440439,7.397432833694798,4.605831982215588,7.402513962510626,0.5082771334004812,0.5082771334004812,7
0.19999999999999998,4.625643385685838,7.395892683364123,4.62579884556119,7.402006230052694,0.6115522944620552,0.6115522944620552,7
0.21999999999999997,4.645583995931237,7.39435253303345,4.645765708906791,7.401498497594764,0.7148274555236289,0.7148274555236289,8
0.23999999999999996,4.665524606176637,7.392812382702775,4.665732572252393,7.400990765136833,0.8181026165852916,0.8181026165852916,8
0.25999999999999995,4.685479939659694,7.391499872374902,4.685708364460406,7.400482805629056,0.8985837063856323,0.8985837063856323,8
0.27999999999999997,4.705452810345567,7.390458509534481,4.7056947920513865,7.39997457567674,0.9519142291709128,0.9519142291709128,9
0.3,4.72542568103144,7.38941714669406,4.725681219642367,7.399466345724425,1.0052447519562822,1.0052447519562822,9
0.32,4.745398551717312,7.388375783853641,4.745667647233348,7.3989581157721105,1.0585752747415647,1.0585752747415647,10
0.34,4.7653714224031845,7.38733442101322,4.765654074824329,7.398449885819795,1.1119057975268452,1.1119057975268452,10
0.36000000000000004,4.785344293089057,7.386293058172799,4.785640502415309,7.397941655867479,1.1652363203121254,1.1652363203121254,10
0.38000000000000006,4.80531716377493,7.385251695332379,4.80562693000629,7.397433425915164,1.2185668430974947,1.2185668430974947,11
0.4000000000000001,4.825290192957009,7.3842140337327145,4.825613421933935,7.3969251943268475,1.2715269585084081,1.2715269585084081,11
0.4200000000000001,4.845278970894189,7.3835441407725035,4.845606306584713,7.396416800179546,1.2876820603860706,1.2876820603860706,11
0.4400000000000001,4.865267748831368,7.382874247812292,4.865599191235491,7.395908406032245,1.3038371622638192,1.3038371622638192,12
0.46000000000000013,4.885256526768547,7.38220435485208,4.88559207588627,7.395400011884944,1.3199922641416593,1.3199922641416593,12
0.48000000000000015,4.905245304705725,7.381534461891868,4.905584960537047,7.394891617737643,1.3361473660194105,1.3361473660194105,12
0.5000000000000001,4.925234082642905,7.380864568931656,4.925577845187825,7.394383223590342,1.3523024678972482,1.3523024678972482,12
0.5200000000000001,4.945223037672359,7.3802000662446146,4.945570769837084,7.393874828425929,1.3679182664687712,1.3679182664687712,13
0.5400000000000001,4.965212680758238,7.379556506380164,4.965563849892393,7.393366429309734,1.3814387104806864,1.3814387104806864,13
0.5600000000000002,4.985202323844119,7.378912946515713,4.985556929947704,7.39285803019354,1.394959154492691,1.394959154492691,13
0.5800000000000002,5.005191966929998,7.378269386651262,5.005550010003013,7.392349631077344,1.4084795985046061,1.4084795985046061,14
0.6000000000000002,5.025181610015879,7.377625826786811,5.0255430900583224,7.391841231961149,1.4220000425165191,1.4220000425165191,14
0.6200000000000002,5.045171259548745,7.3769824722188355,5.045536171339393,7.391332832813785,1.4354999471265772,1.4354999471265772,14
0.6400000000000002,5.065161895203295,7.376370519502499,5.065529440110948,7.390824428898772,1.4458581745620758,1.4458581745620758,14
0.6600000000000003,5.085152530857845,7.375758566786163,5.085522708882503,7.390316024983758,1.4562164019974855,1.4562164019974855,15
0.6800000000000003,5.105143166512395,7.375146614069828,5.105515977654058,7.389807621068743,1.4665746294328041,1.4665746294328041,15
0.7000000000000003,5.125133802166945,7.374534661353492,5.125509246425613,7.38929921715373,1.4769328568683027,1.4769328568683027,15
0.7200000000000003,5.1451244378214955,7.373922708637156,5.145502515197168,7.388790813238716,1.4872910843036213,1.4872910843036213,15
0.7400000000000003,5.165115073476046,7.37331075592082,5.165495783968724,7.388282409323701,1.4976493117390308,1.4976493117390308,16
0.7600000000000003,5.185105709130595,7.372698803204485,5.1854890527402775,7.387774005408688,1.5080075391744385,1.5080075391744385,16
0.7800000000000004,5.2050963447851455,7.372086850488149,5.205482321511833,7.387265601493675,1.5183657666099368,1.5183657666099368,16
0.8000000000000004,5.225090460658968,7.371615285435107,5.225475500677234,7.386757199857233,1.5146809174960367,1.5146809174960367,17
0.8200000000000004,5.245086863081698,7.371235956885946,5.245468620970238,7.386248799717844,1.5017695861241016,1.5017695861241016,17
0.8400000000000004,5.265083265504429,7.370856628336785,5.26546174126324,7.385740399578455,1.4888582547521645,1.4888582547521645,17
0.8600000000000004,5.285079667927159,7.370477299787624,5.285454861556243,7.385231999439065,1.4759469233801386,1.4759469233801386,17
0.8800000000000004,5.30507607034989,7.370097971238463,5.305447981849246,7.384723599299676,1.4630355920082034,1.4630355920082034,18
0.9000000000000005,5.325072472772621,7.369718642689302,5.325441102142249,7.384215199160287,1.4501242606362663,1.4501242606362663,18
0.9200000000000005,5.345068875195352,7.3693393141401415,5.3454342224352525,7.3837067990208975,1.4372129292643292,1.4372129292643292,18
0.9400000000000005,5.365065277618083,7.368959985590981,5.365427342728256,7.383198398881508,1.4243015978923943,1.4243015978923943,18
0.9600000000000005,5.385061680040813,7.36858065704182,5.3854204630212585,7.382689998742119,1.411390266520457,1.411390266520457,19
0.9800000000000005,5.405058082463544,7.368201328492659,5.405413583314261,7.382181598602729,1.398478935148431,1.398478935148431,19
1.0000000000000004,5.425049579246758,7.367645517388849,5.425406285969284,7.3816732090833534,1.4032226265349865,1.4032226265349865,19
1.0200000000000005,5.445036176650153,7.366913448925787,5.445398571519243,7.38116483017044,1.4255988125051224,1.4255988125051224,20
1.0400000000000005,5.465022774053548,7.366181380462725,5.4653908570692,7.380656451257527,1.4479749984751695,1.4479749984751695,20
1.0600000000000005,5.485009371456942,7.365449311999664,5.485383142619157,7.380148072344613,1.4703511844452164,1.4703511844452164,20
1.0800000000000005,5.504995968860338,7.364717243536603,5.505375428169116,7.3796396934317,1.4927273704152657,1.4927273704152657,20
1.1000000000000005,5.524982566263732,7.363985175073542,5.525367713719073,7.379131314518785,1.5151035563852238,1.5151035563852238,21
1.1200000000000006,5.544969163667127,7.36325310661048,5.545359999269031,7.378622935605872,1.53747974235536,1.53747974235536,21
1.1400000000000006,5.5649557610705225,7.362521038147419,5.565352284818989,7.3781145566929585,1.5598559283254065,1.5598559283254065,21
1.1600000000000006,5.584942358473917,7.3617889696843575,5.585344570368947,7.377606177780045,1.582232114295456,1.582232114295456,22
1.1800000000000006,5.604928955877312,7.361056901221296,5.605336855918904,7.377097798867132,1.6046083002655032,1.6046083002655032,22
1.2000000000000006,5.62491709720933,7.360368717517032,5.625329569186174,7.376589409077899,1.6225935037601409,1.6225935037601409,22
1.2200000000000006,5.644905726384048,7.359694400295199,5.645322417601382,7.376081015852023,1.6391912669903685,1.6391912669903685,22
1.2400000000000007,5.664894355558764,7.359020083073366,5.665315266016589,7.375572622626148,1.6557890302206855,1.6557890302206855,23
1.2600000000000007,5.684882984733481,7.358345765851532,5.685308114431797,7.375064229400272,1.6723867934510046,1.6723867934510046,23
1.2800000000000007,5.704877056079977,7.357859777561365,5.705301615626591,7.374555819575025,1.6701439151477677,1.6701439151477677,23
1.3000000000000007,5.724871269450417,7.357378704077014,5.725295133856925,7.374047409316585,1.667409354054371,1.667409354054371,23
1.3200000000000007,5.744865482820856,7.3568976305926626,5.745288652087258,7.3735389990581455,1.664674792961066,1.664674792961066,24
1.3400000000000007,5.764859696191295,7.356416557108312,5.765282170317592,7.373030588799706,1.6619402318676721,1.6619402318676721,24
1.3600000000000008,5.784853909561734,7.355935483623961,5.785275688547925,7.372522178541265,1.6592056707741873,1.6592056707741873,24
1.3800000000000008,5.804848122932174,7.35545441013961,5.805269206778258,7.372013768282826,1.656471109680791,1.656471109680791,25
1.4000000000000008,5.824842336302614,7.354973336655259,5.825262725008592,7.371505358024386,1.6537365485873972,1.6537365485873972,25
1.4200000000000008,5.844836549673053,7.354492263170909,5.845256243238925,7.3709969477659465,1.6510019874940007,1.6510019874940007,25
1.4400000000000008,5.864830763043492,7.354011189686558,5.865249761469259,7.370488537507507,1.648267426400607,1.648267426400607,25
1.4600000000000009,5.884824976413931,7.353530116202207,5.885243279699592,7.369980127249066,1.6455328653071242,1.5841155977507133,26
1.4800000000000009,5.90481918978437,7.353049042717856,5.905236797929925,7.369471716990627,1.6427983042137284,1.49459967704263,26
1.5000000000000009,5.92481340315481,7.3525679692335055,5.92523031616026,7.368963306732187,1.640063743120334,1.4050837563345464,26
1.520000000000001,5.944808744969872,7.352136909750153,5.945223691134116,7.368454900116581,1.6323265295830194,1.3205658248641374,26
1.540000000000001,5.964804309266143,7.351715710897256,5.965217037863898,7.367946494219186,1.6236030060912399,1.2370332839624774,27
1.560000000000001,5.984799873562415,7.35129451204436,5.98521038459368,7.367438088321792,1.6148794825993722,1.1535007430609079,27
1.580000000000001,6.004795437858686,7.350873313191464,6.005203731323461,7.366929682424398,1.6061559591075931,1.0699682021594252,27
1.600000000000001,6.0247910021549576,7.350452114338567,6.025197078053244,7.366421276527003,1.5974324356158156,0.9864356612577668,28
1.620000000000001,6.044786566451228,7.350030915485671,6.0451904247830255,7.365912870629609,1.5887089121240368,0.9029031203561954,28
1.640000000000001,6.0647821307475,7.349609716632774,6.065183771512808,7.365404464732214,1.5799853886322577,0.8193705794546258,28
1.660000000000001,6.084777695043771,7.3491885177798775,6.08517711824259,7.36489605883482,1.5712618651403918,0.7358380385530544,28
1.680000000000001,6.104773259340043,7.348767318926981,6.105170464972372,7.364387652937425,1.562538341648524,0.6523054976514847,29
1.700000000000001,6.124768823636313,7.348346120074084,6.125163811702153,7.363879247040031,1.5538148181568334,0.5687729567499152,29
1.720000000000001,6.144764387932585,7.347924921221188,6.145157158431935,7.363370841142636,1.5450912946649653,0.48524041584834376,29
1.740000000000001,6.164759952228856,7.347503722368292,6.1651505051617175,7.362862435245242,1.5363677711731885,0.4017078749467742,29
1.7600000000000011,6.184755516525128,7.347082523515395,6.185687446004424,7.361596390216658,1.454375533266446,0.318175334045114,30
1.7800000000000011,6.204751857687885,7.346704493706425,6.205625856794278,7.3603161529671475,1.363968996231174,0.3645522150009495,30
1.8000000000000012,6.224749629740873,7.34640597583969,6.225560608132333,7.359036150689549,1.2656184365338603,0.42480234456906424,30
1.8200000000000012,6.24474740179386,7.346107457972955,6.245957333102888,7.357250223685525,1.1208263090140134,0.4850524741370943,31
1.8400000000000012,6.264745173846847,7.345808940106219,6.2657541040081375,7.355100601809433,0.9346278258072694,0.5828608712566418,31
1.8600000000000012,6.2847429458998345,7.345510422239484,6.285550874913389,7.35295097993334,0.7484293426004471,0.7484293426004471,31
1.8800000000000012,6.304740717952821,7.345211904372749,6.305582558012593,7.350486729034753,0.5341579345204658,0.5341579345204658,32
1.9000000000000012,6.324738490005809,7.344913386506014,6.325130080622676,7.347367025792104,0.24846909178933985,0.24846909178933985,32
1.9200000000000013,6.344736262058796,7.344614868639279,6.344677603232759,7.344247322549456,0.03721975094169837,0.03721975094169837,32
1.9400000000000013,6.364730618169148,7.344952398297694,6.36386532222342,7.340993181743639,0.40526698355027224,0.40526698355027224,33
1.9600000000000013,6.384724030325451,7.345465691925362,6.382840214942796,7.3368461750021465,0.8822971856779885,0.8822971856779885,33
1.9800000000000013,6.404717442481753,7.345978985553032,6.401815107662172,7.332699168260654,1.3593273878057728,1.3593273878057728,33
2.0000000000000013,6.424710854638056,7.346492279180701,6.419590953426161,7.328660391926646,1.8552347330214107,1.5963160567036474,34
2.0200000000000014,6.444704266794359,7.347005572808371,6.437925519648654,7.323396161254664,2.456330040482595,0.49324436636277574,34
2.0400000000000014,6.464697678950661,7.347518866436039,6.456260085871147,7.318131930582682,3.0574253479435844,0.24272161353034497,34
2.0600000000000014,6.484691091106964,7.348032160063709,6.471990358456596,7.313468353605176,3.682343447804777,1.4430827518107476,35
2.0800000000000014,6.504684503263267,7.348545453691378,6.489439134700968,7.307056668525822,4.420113750927752,2.6434438900910058,35
2.1000000000000014,6.524679738491308,7.348980064793903,6.50691499013742,7.300635032992097,5.150561507248106,3.8533703238763795,35
2.1200000000000014,6.544675468572177,7.349393318387991,6.519889376797786,7.29579088159706,5.90556650574212,5.147640330360024,36
2.1400000000000015,6.564671198653047,7.349806571982079,6.5362053457525775,7.28824627862539,6.782311183890541,6.441910336843668,36
2.1600000000000015,6.584666928733916,7.350219825576167,6.552521314707369,7.28070167565372,7.659055862039042,7.659055862039042,36
2.1800000000000015,6.604662658814785,7.3506330791702545,6.564802847174147,7.2749807587921484,8.551069034114247,8.551069034114247,37
2.2000000000000015,6.624658388895654,7.351046332764342,6.580283380915584,7.2668243512167265,9.519707720848393,9.321312714305389,37
2.2200000000000015,6.644654118976523,7.3514595863584296,6.595763914657022,7.258667943641305,10.488346407582615,10.064905566038828,37
2.2400000000000015,6.664649849057392,7.3518728399525175,6.611244448398459,7.250511536065883,11.45698509431688,10.816668484828948,38
2.2600000000000016,6.6846455791382615,7.3522860935466054,6.626724982139897,7.242355128490461,12.425623781051103,11.665705993379651,38
2.2800000000000016,6.704431815742172,7.349381207086778,6.643409936884115,7.233564133713127,13.09093739355781,12.20521947921252,38
2.3000000000000016,6.724216792503316,7.3464563661405045,6.660102134723015,7.2247693226828575,13.754426882916022,12.742858829123833,39
2.3200000000000016,6.744001769264459,7.343531525194231,6.676794332561915,7.215974511652589,14.417916372274151,13.280498179035183,39
2.3400000000000016,6.763786746025604,7.340606684247957,6.693486530400816,7.207179700622319,15.081405861632364,13.876528458782818,40
2.3600000000000017,6.783571722786747,7.3376818433016835,6.710178728239716,7.198384889592051,15.744895350990495,14.522767269502484,40
2.3800000000000017,6.803356699547891,7.33475700235541,6.7268709260786155,7.189590078561782,16.408384840348628,15.169006080222067,40
2.4000000000000017,6.823052563577499,7.331521281413487,6.743621580365706,7.180764467907622,17.040216522225965,15.783528087045774,41
2.4200000000000017,6.841382564173827,7.323520589059783,6.761268218017301,7.1714667801517455,17.18681740856338,15.914256692264244,41
2.4400000000000017,6.859712564770155,7.31551989670608,6.778914855668898,7.162169092395868,17.33341829490083,16.082304307766233,42
2.4600000000000017,6.878042565366483,7.307519204352377,6.796561493320493,7.152871404639992,17.480019181238248,16.250412575593312,42
2.4800000000000018,6.896372565962811,7.299518511998674,6.814208130972089,7.143573716884115,17.626620067575743,16.418520843420467,42
2.5000000000000018,6.914702566559139,7.2915178196449695,6.8318547686236855,7.134276029128237,17.773220953913118,16.58662911124747,43
2.520000000000002,6.931446663633275,7.280611676559299,6.849458298131501,7.1250010542578694,17.588848129053396,16.423730364078924,43
2.540000000000002,6.9480907066588316,7.26952222969467,6.867059107962962,7.1157275123347885,17.383594298940064,16.239948510532784,44
2.560000000000002,6.964734749684388,7.258432782830042,6.884659917794423,7.106453970411708,17.178340468826853,16.05616665698672,44
2.580000000000002,6.981378792709945,7.247343335965413,6.902260727625884,7.097180428488627,16.973086638713518,15.872384803440575,44
2.600000000000002,6.998022835735502,7.236253889100784,6.919861537457345,7.087906886565546,16.767832808600186,15.688602949894436,45
2.620000000000002,7.014234705354393,7.224678359276474,6.937324538357526,7.078705953625451,16.499429383779574,15.441507150277578,45
2.640000000000002,7.02719555523924,7.209446275694034,6.953750873076481,7.07005122096727,15.75598382211224,14.718132882477175,46
2.660000000000002,7.040156405124088,7.194214192111594,6.970177207795436,7.061396488309088,15.01253826044507,13.994758614676892,46
2.680000000000002,7.053117255008935,7.178982108529153,6.9866035425143895,7.052741755650906,14.269092698777783,13.271384346876532,46
2.700000000000002,7.066078104893783,7.1637500249467125,7.003029877233344,7.044087022992725,13.52564713711045,12.54801007907613,47
2.720000000000002,7.079038954778631,7.148517941364273,7.019456211952299,7.035432290334543,12.78220157544332,11.824635811275927,47
2.740000000000002,7.0919998046634785,7.133285857781832,7.035882546671255,7.026777557676361,12.038756013776027,11.101261543475523,48
2.760000000000002,7.104960654548326,7.118053774199392,7.05230888139021,7.01812282501818,11.295310452108776,10.3778872756752,48
2.780000000000002,7.117921504433173,7.102821690616952,7.0687352161091646,7.009468092359999,10.551864890441445,9.654513007874796,48
2.800000000000002,7.130882354318021,7.087589607034511,7.0851615508281185,7.000813359701818,9.808419328774155,8.931138740074433,49
2.820000000000002,7.143843204202868,7.072357523452071,7.101587885547073,6.992158627043636,9.064973767106906,8.207764472274109,49
2.840000000000002,7.156804054087716,7.057125439869631,7.118014220266028,6.983503894385455,8.321528205439575,7.484390204473786,49
2.860000000000002,7.169764903972564,7.041893356287191,7.134440554984982,6.974849161727274,7.578082643772406,6.761015936673504,50
2.880000000000002,7.182725753857412,7.02666127270475,7.150866889703937,6.966194429069092,6.834637082105155,6.037641668873101,50
2.900000000000002,7.195686603742259,7.01142918912231,7.167293224422891,6.957539696410911,6.0911915204379445,5.314267401072818,51
2.920000000000002,7.2091733521155,6.996666580411245,7.183937577248853,6.948770094035104,5.413795101682299,4.657204255013054,51
2.940000000000002,7.222843171105749,6.982067400681759,7.200657824397102,6.9399605043413155,4.759391061898258,4.023224685421897,51
2.960000000000002,7.2365129900959975,6.967468220952273,7.217378071545351,6.931150914647528,4.104987022114096,3.38924511583066,52
2.980000000000002,7.250182809086247,6.952869041222787,7.2340983186936,6.92234132495374,3.450582982330054,2.7552655462395026,52
3.000000000000002,7.263852628076496,6.938269861493302,7.25081856584185,6.9135317352599515,2.7961789425460495,2.121285976648464,53
3.0200000000000022,7.277522447066744,6.923670681763816,7.2675388129900975,6.904722145566164,2.141774902761928,1.4873064070573068,53
3.0400000000000023,7.291192266056993,6.90907150203433,7.284259060138347,6.895912555872376,1.487370862977845,0.8533268374660707,53
3.0600000000000023,7.304862085047242,6.894472322304844,7.300979307286597,6.887102966178587,0.8329668231937618,0.21934726787491265,54
3.0800000000000023,7.318531904037491,6.879873142575358,7.317699554434846,6.878293376484799,0.1785627834097198,0.1785627834097198,54
3.1000000000000023,7.332201723027739,6.865273962845872,7.334419801583095,6.869483786791012,0.4758412563744421,0.4758412563744421,54
3.1200000000000023,7.3458715420179885,6.850674783116386,7.351140048731343,6.860674197097223,1.1302452961584841,1.1302452961584841,55
3.1400000000000023,7.359920008933029,6.836501424851752,7.367981061337776,6.851800978311931,1.7293261749969053,1.7293261749969053,55
3.1600000000000024,7.37601681620902,6.824631597746036,7.385475368854883,6.842583550493059,2.029129925820239,2.029129925820239,56
3.1800000000000024,7.392113623485011,6.81276177064032,7.402969676371991,6.833366122674189,2.3289336766436923,2.3289336766436923,56
3.2000000000000024,7.408210430761002,6.8008919435346025,7.422547889705257,6.822796249092487,2.617940661954295,2.617940661954295,57
3.2200000000000024,7.4243072380369926,6.789022116428886,7.439255820283419,6.811860076380926,2.7295283950696434,2.7295283950696434,57
3.2400000000000024,7.440404045312984,6.777152289323169,7.4559637508615815,6.800923903669363,2.841116128184943,2.841116128184943,57
3.2600000000000025,7.456500852588975,6.765282462217453,7.473991921402629,6.786915334990536,2.781939382266257,2.781939382266257,58
3.2800000000000025,7.472597659864966,6.7534126351117365,7.489528867423097,6.774353074081011,2.6928939333037882,2.6928939333037882,58
3.3000000000000025,7.488756543804104,6.741634783541722,7.50602038986311,6.758918084349169,2.4428525693331533,2.4428525693331533,59
3.3200000000000025,7.505786013887139,6.731146830991723,7.519788687761414,6.745165284576776,1.9813932384703363,1.9813932384703363,59
3.3400000000000025,7.522815483970174,6.720658878441725,7.533747232795734,6.729464568119093,1.4037211371182075,1.4037211371182075,60
3.3600000000000025,7.539844954053209,6.710170925891727,7.545572323756823,6.714784409157978,0.7354385873059063,0.7354385873059063,60
3.3800000000000026,7.556874424136244,6.699682973341729,7.556963998846907,6.699740281265264,0.010633826634953403,0.010633826634953403,61
3.4000000000000026,7.57390389421928,6.689195020791731,7.566671114786643,6.684567648092497,0.8586365728221945,0.8586365728221945,61
3.4200000000000026,7.590830486399389,6.678570797052837,7.576410213442972,6.669345024579682,1.7118970467407952,1.7118970467407952,61
3.4400000000000026,7.605582105970705,6.665065623228589,7.584160168925223,6.6544220658419055,2.3920382535073044,2.3920382535073044,62
3.4600000000000026,7.6203337255420225,6.651560449404342,7.59246237855856,6.637712482227854,3.1121988651011208,3.1121988651011208,62
3.4800000000000026,7.635085345113339,6.638055275580094,7.598685552621565,6.624525965082102,3.8832810045054575,3.8832810045054575,63
3.5000000000000027,7.649836964684656,6.624550101755847,7.604886522447695,6.607842630410142,4.795499823861854,4.329612054885386,63
3.5200000000000027,7.664588584255973,6.611044927931599,7.611087492273825,6.591159295738181,5.707718643218281,4.3550143882522985,63
3.5400000000000027,7.679340203827289,6.597539754107351,7.614546735766756,6.580656975296367,6.695686464950384,4.380416721619153,64
3.5600000000000027,7.694091823398606,6.584034580283103,7.618779819655628,6.564411060520018,7.782660493478192,4.4058190549860665,64
3.5800000000000027,7.708843442969923,6.5705294064588555,7.623012903544501,6.548165145743669,8.869634522005853,4.30886322957098,64
3.6000000000000028,7.72359506254124,6.557024232634608,7.6252483032868685,6.539586030692098,9.988080868127318,4.209159141838479,64
3.6200000000000028,7.7365273977933855,6.541975539526955,7.62767504808354,6.52448402741415,11.024875071104868,4.34735009180513,65
3.640000000000003,7.747448910101309,6.525220821716503,7.630574508290401,6.506440243985277,11.837371286977636,4.69325677429219,65
3.660000000000003,7.758370422409233,6.508466103906051,7.633210475338091,6.489873978385575,12.653331372496467,4.968057468668155,66
3.680000000000003,7.769291934717157,6.4917113860955995,7.635881396293956,6.47189366058387,13.487443792960388,5.24285816304406,66
3.700000000000003,7.78021344702508,6.474956668285148,7.638552317249822,6.453913342782165,14.321556213424225,5.517658857420092,66
3.720000000000003,7.786909717756625,6.456123049380433,7.641434163280698,6.434513102809906,14.707184210738507,6.128509552356888,67
3.740000000000003,7.793519336724212,6.437246796121289,7.644320334988457,6.415083742902481,15.083614635400073,6.74471020488758,67
3.760000000000003,7.800128955691798,6.418370542862146,7.647206506696216,6.3956543829950565,15.46004506006155,7.360910857418201,68
3.780000000000003,7.806738574659384,6.399494289603003,7.6500926784039756,6.376225023087632,15.836475484723115,7.91678507086566,68
3.800000000000003,7.81334819362697,6.380618036343859,7.652978850111734,6.356795663180207,16.212905909384677,8.404657470022798,68
3.820000000000003,7.819957812594557,6.361741783084716,7.655865021819493,6.337366303272782,16.58933633404624,8.892529869179764,69
3.840000000000003,7.826567431562142,6.342865529825572,7.6587511935272525,6.317936943365357,16.96576675870772,9.359422552220344,69
3.860000000000003,7.833177050529729,6.3239892765664285,7.661637365235012,6.2985075834579325,17.342197183369283,9.714538506770237,70
3.880000000000003,7.839786669497315,6.3051130233072845,7.66452353694277,6.279078223550508,17.718627608030836,10.06965446132021,70
3.900000000000003,7.846396288464901,6.286236770048141,7.6674097086505295,6.259648863643084,18.0950580326924,10.424770415870029,70
3.920000000000003,7.853005907432487,6.267360516788997,7.67029588035829,6.240219503735655,18.47148845735384,10.644787238511483,71
3.940000000000003,7.854512653513433,6.247962156182169,7.673147765129927,6.221020959347713,18.33549858204972,11.346302317182372,71
3.960000000000003,7.851862668782745,6.2281384940349485,7.675971720229988,6.2020104341409175,17.7820981036026,12.441122032706902,72
3.980000000000003,7.849212684052057,6.208314831887729,7.678795675330049,6.1829999089341205,17.228697625155608,13.45701241768692,72
4.000000000000003,7.846562699321369,6.18849116974051,7.68161963043011,6.163989383727323,16.67529714670854,14.432340568024243,72
4.020000000000002,7.843912714590681,6.16866750759329,7.684443585530173,6.144978858520523,16.121896668261414,15.40766871836157,73
4.040000000000002,7.841262729859993,6.14884384544607,7.687267540630234,6.125968333313725,15.568496189814335,15.568496189814335,73
4.060000000000001,7.838612745129305,6.1290201832988505,7.690091495730296,6.10695780810693,15.015095711367229,15.015095711367229,74
4.080000000000001,7.835788948122343,6.109229028173656,7.692906973695563,6.08800434994935,14.444980298297539,14.444980298297539,74
4.1000000000000005,7.831095420757121,6.089787557013482,7.695631261575671,6.069664772448898,13.695059284782191,13.695059284782191,74
4.12,7.826401893391899,6.070346085853307,7.697441047510204,6.056187070562904,12.97357987778087,12.97357987778087,75
4.14,7.821708366026676,6.050904614693133,7.699494258760263,6.037486344972139,12.294851758858938,12.294851758858938,75
4.159999999999999,7.8170148386614535,6.031463143532959,7.70154747001032,6.018785619381374,11.616123639937193,11.616123639937193,75
4.179999999999999,7.812321311296231,6.012021672372785,7.70248685316973,6.005010715256919,11.0057992493152,11.0057992493152,76
4.199999999999998,7.8064672147192455,5.9928978164004185,7.703678858293263,5.986336626303928,10.299755061280377,10.299755061280377,76
4.219999999999998,7.800606956965943,5.973775646568916,7.704248807775054,5.973010297242481,9.636118863466331,9.636118863466331,77
4.2399999999999975,7.7947466992126415,5.954653476737413,7.7044003112496044,5.9539358773672095,9.034923777666155,9.034923777666155,77
4.259999999999997,7.788886441459339,5.93553130690591,7.704361016431473,5.94078115097408,8.468830107447879,8.468830107447879,78
4.279999999999997,7.783026183706037,5.916409137074407,7.703155389527594,5.921369883676976,8.002470099631775,8.002470099631775,78
4.299999999999996,7.776316099946486,5.8975807353470096,7.702115908241831,5.908956378951455,7.506712806830247,7.506712806830247,79
4.319999999999996,7.769116131635977,5.878921677055454,7.699155635120073,5.8896473322926095,7.07778973480996,7.07778973480996,79
4.339999999999995,7.761916163325468,5.860262618763899,7.696584743743435,5.878429596895267,6.781027561534611,6.781027561534611,80
4.359999999999995,7.754716195014959,5.841603560472344,7.692267630250849,5.8629045518972545,6.598147828581396,6.598147828581396,80
4.379999999999995,7.74751622670445,5.822944502180789,7.686755957391555,5.850943920160718,6.690125360701613,6.690125360701613,81
4.399999999999994,7.740316258393941,5.804285443889235,7.683960392158538,5.84487739061494,6.9452788267463,6.9452788267463,81
4.419999999999994,7.733116290083433,5.78562638559768,7.6735948913831376,5.831186535909356,7.495681556511063,7.495681556511063,82
4.439999999999993,7.722832577485271,5.768800020033621,7.6735948913831376,5.831186535909356,7.947595294053123,7.947595294053123,82
4.459999999999993,7.709884386054016,5.753557174542717,7.661205873463459,5.8218483101067235,8.38646336941298,8.38646336941298,83
4.479999999999992,7.694063601714718,5.741691274397794,7.661205873463459,5.8218483101067235,8.663013724724355,8.296396550428765,83
4.499999999999992,7.676941644949473,5.731354998640586,7.6473218027699925,5.817049347413897,9.066893879614536,6.325026053329569,84
4.519999999999992,7.659819688184227,5.721018722883377,7.646828062441834,5.816878688428712,9.673631858709136,4.353655556230237,84
4.539999999999991,7.640866233576606,5.723023112370398,7.6375145150816985,5.816544901090302,9.358183040654607,3.0504651477531515,85
4.559999999999991,7.62148035214439,5.727941201541618,7.630496325957977,5.81629337687751,8.881100534501053,1.9024399931005913,85
4.57999999999999,7.602094470712175,5.732859290712838,7.619991800779305,5.818488913289603,8.747997877326583,0.6993382884051541,86
4.59999999999999,7.582708589279959,5.737777379884059,7.612245843690573,5.820107885165587,8.746863150883923,0.503763416290408,86
4.6199999999999894,7.565754318672462,5.746306999388054,7.598257975028762,5.8258255084169885,8.590506943547178,1.2910974257102152,87
4.639999999999989,7.553905269365214,5.762419107583892,7.591932663003938,5.8284410537155935,7.619041959440634,1.237222148915561,88
4.659999999999989,7.542056220057967,5.778531215779731,7.576066883375688,5.837579443033976,6.814263247908965,1.2149422326895651,88
4.679999999999988,7.53020717075072,5.794643323975569,7.565785634752808,5.844123079399794,6.094319730362842,1.1926623164636228,89
4.699999999999988,7.518358121443472,5.810755432171407,7.550338075896469,5.855230660914259,5.477922469828043,1.1852031799964624,89
4.719999999999987,7.506509072136225,5.826867540367246,7.538469697422376,5.864746390498122,4.956096100681559,1.2198714335207397,90
4.739999999999987,7.494660022828978,5.842979648563085,7.523607059541078,5.877286876770716,4.488782509436332,1.2545396870450687,90
4.7599999999999865,7.4828109735217305,5.859091756758923,7.511186285855376,5.8888272359018545,4.110178913248958,1.2892079405694183,91
4.779999999999986,7.470961924214484,5.875203864954762,7.49693733726381,5.90242440596151,3.7625522398807085,1.365314754455801,91
4.799999999999986,7.459112874907237,5.891315973150601,7.484387472850323,5.915304458975766,3.4846129675601354,1.4517590324363212,92
4.819999999999985,7.447263825599989,5.907428081346438,7.470727000872739,5.9296973197616705,3.2348718266327987,1.5382033104169646,92
4.839999999999985,7.439851695890362,5.925898334058187,7.45895910477001,5.94259833995577,2.5376825472728823,1.129181704150623,93
4.859999999999984,7.433126725870545,5.944733800026209,7.446713741031441,5.956608944099731,1.8045110909864646,0.684692674302925,93
4.879999999999984,7.426401755850727,5.963569265994232,7.4344683772928715,5.970619548243692,1.071339634700047,0.2402036444551519,93
4.8999999999999835,7.41967678583091,5.982404731962254,7.422773868309703,5.984927401903001,0.3994469114963397,0.20428538539254618,94
4.919999999999983,7.412951815811092,6.001240197930277,7.410868672812708,5.9995434132110175,0.26867383823569846,0.26867383823569846,94
4.939999999999983,7.4062268457912745,6.020075663898299,7.398893823091856,6.014459510618025,0.9236579430596785,0.9236579430596785,95
4.959999999999982,7.399501875771457,6.038911129866322,7.3873152194577525,6.0295777168063545,1.5350152815406235,1.4505452759099942,95
4.979999999999982,7.392793579263932,6.0577525317234455,7.375739914706856,6.044691615636206,2.148057270798822,1.8553182344614279,95
4.999999999999981,7.386103062619364,6.076600263338383,7.3638710631032165,6.060482653746576,2.74597731498258,2.2619394234762207,96
5.019999999999981,7.379412545974796,6.095447994953322,7.352609459558318,6.076016468679561,3.3105734469681583,2.668560612491059,96
5.0399999999999805,7.3727220293302285,6.11429572656826,7.34134785601342,6.091550283612546,3.875169578953664,3.0751818015058516,96
5.05999999999998,7.366031512685661,6.1331434581831985,7.329577111404924,6.107997253844389,4.428605836362189,3.4818029905206145,97
5.07999999999998,7.359340996041093,6.151991189798136,7.318610587829213,6.123895400765378,4.948069840331238,3.8884241795354066,97
5.099999999999979,7.352650479396525,6.1708389214130746,7.307644064253502,6.139793547686369,5.467533844300309,4.295045368550246,97
5.119999999999979,7.345616065124245,6.189559426840568,7.296626129522644,6.155766225254401,5.9514655873090545,4.665669146771805,97
5.139999999999978,7.338428971403165,6.208223447946547,7.285155998911031,6.17312036980586,6.379839882864551,5.020311236271965,98
5.159999999999978,7.331241877682086,6.226887469052524,7.274405100687999,6.189436098671742,6.806632326249229,5.374953325772049,98
5.1799999999999775,7.324054783961006,6.245551490158503,7.263654202464967,6.2057518275376236,7.233424769633959,5.729595415272088,98
5.199999999999977,7.316867690239926,6.264215511264481,7.252251056326045,6.2234207573999685,7.641676073497608,6.0842375047721715,99
5.219999999999977,7.309680596518846,6.282879532370459,7.241777668061711,6.240010025166163,8.030319010471512,6.438879594272255,99
5.239999999999976,7.302215348212837,6.301423702336229,7.231279110231187,6.256639160133168,8.389043496923263,6.76352614053858,99
5.259999999999976,7.293586265255631,6.319466399676639,7.220675239690124,6.273435104609207,8.622585328426194,6.962667466009107,99
5.279999999999975,7.284957182298425,6.337509097017049,7.209477492282205,6.291749714370352,8.826723460691138,7.1618087914795865,100
5.299999999999975,7.276328099341219,6.355551794357459,7.199159781668321,6.308768685208001,9.024194453886404,7.360950116950112,100
5.3199999999999745,7.267699016384014,6.37359449169787,7.188842071054437,6.325787656045652,9.22166544708167,7.560091442420713,100
5.339999999999974,7.259069933426807,6.3916371890382795,7.178524360440553,6.342806626883301,9.41913644027686,7.759232767891117,100
5.359999999999974,7.24898891042545,6.408899590092192,7.167732382007476,6.361110296582683,9.426791598777932,7.7937700031555925,101
5.379999999999973,7.2387034902838625,6.4260521447856185,7.157593712552768,6.378349159561544,9.409766651132125,7.8051350658195515,101
5.399999999999973,7.228418070142275,6.443204699479046,7.147455043098059,6.395588022540403,9.392741703486482,7.816500128483635,101
5.419999999999972,7.218132650000687,6.460357254172473,7.137316373643351,6.412826885519264,9.37571675584072,7.827865191147625,101
5.439999999999972,7.207847229859099,6.4775098088659,7.127177704188643,6.430065748498124,9.358691808194955,7.839230253811583,102
5.4599999999999715,7.197561809717512,6.4946623635593275,7.117039034733935,6.4473046114769845,9.341666860549267,7.850595316475665,102
5.479999999999971,7.1872431434001225,6.511794714089999,7.106900649811345,6.464542990663545,9.32075192397743,7.858069985436615,102
5.499999999999971,7.176755541231818,6.528824399957899,7.096763710699421,6.4817789115263515,9.28007054589914,7.8457761560733585,102
5.51999999999997,7.166267939063514,6.545854085825799,7.086626771587498,6.499014832389157,9.239389167821017,7.833482326710101,103
5.53999999999997,7.1557803368952095,6.562883771693699,7.076489832475574,6.5162507532519625,9.198707789742848,7.8211884973469665,103
5.559999999999969,7.145292734726905,6.5799134575616,7.066352893363651,6.533486674114768,9.158026411664604,7.808894667983587,103
5.579999999999969,7.13376142537181,6.5962387398847975,7.056255531236335,6.550655301905459,8.991670280740726,7.67082793177924,103
5.599999999999969,7.121891720083926,6.61233563698886,7.046171000955722,6.567802111601768,8.784567256669524,7.491982478451203,104
5.619999999999968,7.110022014796042,6.628432534092922,7.036086470675108,6.584948921298077,8.577464232598448,7.313137025123168,104
5.639999999999968,7.0981523095081585,6.644529431196984,7.026001940394495,6.602095730994385,8.370361208527369,7.134291571795207,104
5.659999999999967,7.0862826042202745,6.6606263283010465,7.0159174101138815,6.619242540690695,8.16325818445617,6.95544611846717,104
5.679999999999967,7.0744128989323904,6.676723225405109,7.005832879833267,6.636389350387003,7.9561551603850935,6.776600665139211,105
5.699999999999966,7.062543193644507,6.692820122509171,6.995748349552654,6.653536160083312,7.749052136314015,6.597755211811174,105
5.719999999999966,7.050673488356623,6.708917019613233,6.985663819272041,6.670682969779621,7.541949112242816,6.418909758483138,105
5.739999999999966,7.038932382928446,6.725107845574533,6.97557129419214,6.687843373098847,7.350692807308136,6.255931813200142,105
5.759999999999965,7.027209522538041,6.741311997643279,6.965477634854277,6.705005705006208,7.161684747354882,6.095205062314071,106
5.779999999999965,7.015486662147636,6.757516149712025,6.955383975516413,6.722168036913568,6.972676687401673,5.9344783114280295,106
5.799999999999964,7.0037638017572315,6.773720301780772,6.945290316178549,6.739330368820929,6.7836686274484626,5.773751560542064,106
5.819999999999964,6.9920409413668265,6.789924453849518,6.935196656840686,6.75649270072829,6.594660567495132,5.613024809656023,106
5.839999999999963,6.979743857455805,6.805696891505413,6.925144072308756,6.773585192805628,6.334270069621037,5.380807803038821,107
5.859999999999963,6.967433491696644,6.821459343563252,6.915092437841243,6.790676069480631,6.072228488734367,5.146937219572275,107
5.879999999999963,6.955123125937483,6.8372217956210894,6.905040803373732,6.807766946155633,5.810186907847587,4.91306663610561,107
5.899999999999962,6.942812760178322,6.852984247678928,6.894989168906219,6.824857822830635,5.548145326960962,4.679196052639066,107
5.919999999999962,6.930502394419161,6.868746699736767,6.8849375344387065,6.841948699505638,5.286103746074258,4.445325469172474,108
5.939999999999961,6.91819202866,6.884509151794605,6.874885899971194,6.85903957618064,5.0240621651875115,4.211454885705853,108
5.959999999999961,6.905756630537403,6.900172184890854,6.864845576213157,6.876111221163386,4.746203052352409,3.961736693886328,108
5.9799999999999605,6.893172922799447,6.9157172902158655,6.854818668877281,6.893160054093295,4.449581660578188,3.6932205474047004,108
5.99999999999996,6.880589215061492,6.931262395540878,6.844791761541406,6.910208887023204,4.152960268804012,3.4247044009231495,109
6.01999999999996,6.868005507323536,6.946807500865889,6.83476485420553,6.927257719953113,3.856338877029792,3.156188254441598,109
6.039999999999959,6.8554217995855815,6.9623526061909,6.8247379468696545,6.944306552883021,3.559717485255693,2.8876721079600465,109
6.059999999999959,6.842838091847626,6.9778977115159115,6.814711039533779,6.961355385812929,3.2630960934815176,2.619155961478495,109
6.079999999999958,6.830232381857499,6.993424952233461,6.8046862840825915,6.978400559875621,2.963672514377148,2.369471221393271,109
6.099999999999958,6.817602804214396,7.008932813741639,6.794675163574969,6.993720125242897,2.751549739057019,2.2030848763108333,110
6.1199999999999575,6.8049732265712946,7.024440675249817,6.7836702949117855,7.010305995256237,2.5565681602699786,2.0366985312284447,110
6.139999999999957,6.792343648928192,7.039948536757995,6.772665426248601,7.026891865269578,2.3615865814829378,1.8703121861460064,110
6.159999999999957,6.779744286092438,7.0554803607446726,6.761658754118567,7.043480453358677,2.170447520790057,1.7218868542221104,110
6.179999999999956,6.767520791823017,7.071310275079419,6.750612122774691,7.058661964683801,2.1115938171194717,1.720263101735714,111
6.199999999999956,6.7552972975535965,7.087140189414166,6.738633654336715,7.074675167411158,2.080994422854148,1.7186393492493013,111
6.219999999999955,6.743073803284176,7.102970103748913,6.726655185898737,7.090688370138515,2.050395028588895,1.717015596762959,111
6.239999999999955,6.730850309014755,7.118800018083659,6.714676717460761,7.106701572865871,2.0197956343235712,1.7338162320367976,111
6.2599999999999545,6.718626814745334,7.134629932418407,6.702729902898467,7.121217679532373,2.0799046462421766,1.849481237344336,112
6.279999999999954,6.706403320475913,7.1504598467531535,6.689844993120484,7.13648955642255,2.166442283401289,1.9651462426519324,112
6.299999999999954,6.693724747100169,7.1659164391590435,6.676954844622766,7.1517676425205705,2.1941241428380365,2.0219735741954685,112
6.319999999999953,6.680589699565056,7.180998565211107,6.664059441345923,7.167051956860873,2.1627698011254446,2.050641815451313,112
6.339999999999953,6.667454652029944,7.19608069126317,6.651260777382739,7.1806459368920175,2.2371258761794843,2.1696266829623383,113
6.359999999999952,6.654319604494831,7.211162817315233,6.637475947073176,7.195108740037319,2.326891042965559,1.4733295497598182,113
6.379999999999952,6.641184556959719,7.226244943367296,6.623691116763614,7.20957154318262,2.416656209751508,0.7512709288201874,113
6.3999999999999515,6.628049509424606,7.241327069419359,6.610823513057702,7.223072008198954,2.5099446428026186,0.029212307880436356,113
6.419999999999951,6.6144114613766725,7.25588883719624,6.596394847012763,7.236434055280167,2.651578647786597,0.05524877259660444,114
6.439999999999951,6.598892557257895,7.268504843495866,6.5817512027417004,7.249995188622713,2.522763084740821,0.6887560338988644,114
6.45999999999995,6.583373653139119,7.281120849795492,6.567107558470638,7.263556321965258,2.39394752169517,1.3222632952011557,114
6.47999999999995,6.567854749020342,7.2937368560951175,6.553372800067598,7.275943469307081,2.2941914890840085,1.8267059472066238,115
6.499999999999949,6.552335844901565,7.306352862394744,6.537861118535422,7.28856834970766,2.2930473062973635,2.2930473062973635,115
6.519999999999949,6.5368169407827885,7.31896886869437,6.522349437003246,7.301193230108238,2.291903123510788,2.291903123510788,115
6.5399999999999485,6.521298036664012,7.331584874993995,6.506837755471071,7.313818110508817,2.2907589407240745,2.2907589407240745,115
6.559999999999948,6.505779132545235,7.344200881293621,6.492145793675961,7.325025552240845,2.352788075893523,2.352788075893523,116
6.579999999999948,6.490260228426458,7.356816887593246,6.475879623952633,7.33659052738849,2.4817482389741885,2.4817482389741885,116
6.599999999999947,6.474741324307682,7.369432893892872,6.459613454229303,7.348155502536136,2.6107084020549776,2.6107084020549776,116
6.619999999999947,6.459222420188905,7.3820489001924985,6.443347284505974,7.359720477683782,2.7396685651356436,2.7396685651356436,116
6.639999999999946,6.443703516070128,7.394664906492124,6.428135044480967,7.369390700434885,2.9684386458983383,2.9684386458983383,117
6.659999999999946,6.427770761501257,7.406576995636388,6.411265528030909,7.379782029324934,3.147050923551521,3.147050923551521,117
6.6799999999999455,6.409200457985787,7.414002884629856,6.394487260824559,7.390117150267047,2.805363571367952,2.805363571367952,117
6.699999999999945,6.390630154470317,7.421428773623323,6.378669663659394,7.399860515163138,2.466258529521051,2.466258529521051,117
6.719999999999945,6.372059850954847,7.428854662616791,6.361531375461779,7.408905515948475,2.2556977833967937,2.2556977833967937,118
6.739999999999944,6.353489547439377,7.436280551610259,6.343941396151201,7.418188903813338,2.0456659380987463,2.0456659380987463,118
6.759999999999944,6.334919243923907,7.4437064406037265,6.326351416840621,7.4274722916782,1.8356340928008184,1.8356340928008184,118
6.779999999999943,6.316348940408437,7.451132329597194,6.3095605648895985,7.435890836770747,1.6684877756921765,1.6684877756921765,119
6.799999999999943,6.297778636892967,7.458558218590662,6.291304351687789,7.444021932075978,1.5912887687498916,1.5912887687498916,119
6.8199999999999426,6.279208333377497,7.46598410758413,6.273048138485979,7.45215302738121,1.514089761807642,1.514089761807642,119
6.839999999999942,6.260638029862027,7.4734099965775975,6.254791925284169,7.460284122686442,1.436890754865393,1.436890754865393,119
6.859999999999942,6.242067726346557,7.480835885571065,6.23706737910651,7.467249814717485,1.4477043681620057,1.4477043681620057,120
6.879999999999941,6.223497422831087,7.488261774564533,6.218305476628709,7.474155124448604,1.5031762466910705,1.5031762466910705,120
6.899999999999941,6.204756604687449,7.495133526482992,6.199573020593859,7.481049596429696,1.5007552425410835,1.5007552425410835,120
6.91999999999994,6.18522406262606,7.49943234034498,6.18115155276647,7.487829609341524,1.2296694811818893,1.2296694811818893,120
6.93999999999994,6.165691520564669,7.503731154206968,6.1626135014417915,7.493299594439814,1.0876196067399146,1.0876196067399146,121
6.95999999999994,6.14615897850328,7.508029968068956,6.143478507377042,7.498945718218245,0.9471458219764562,0.9471458219764562,121
6.979999999999939,6.1266264364418905,7.512328781930944,6.124343513312291,7.5045918419966755,0.806672037213023,0.806672037213023,121
6.999999999999939,6.1070938943805,7.516627595792932,6.105539438560134,7.509745039220816,0.7055913680442308,0.7055913680442308,122
7.019999999999938,6.087561352319111,7.52092640965492,6.086031114280215,7.514151080479577,0.6945985451319392,0.6945985451319392,122
7.039999999999938,6.0680288102577205,7.525225223516908,6.0665227900002945,7.518557121738338,0.6836057222196477,0.6836057222196477,122
7.059999999999937,6.048496268196331,7.529524037378896,6.047014465720375,7.522963162997099,0.672612899307356,0.672612899307356,122
7.079999999999937,6.02887367053718,7.533212917888816,6.027805610699543,7.526533236345517,0.6764532307311857,0.6764532307311857,123
7.099999999999937,6.008932236717159,7.534742367855867,6.008122851657185,7.529680446925957,0.5126221578899619,0.5126221578899619,123
7.119999999999936,5.988990802897139,7.536271817822918,5.988440092614828,7.532827657506395,0.3487910850488261,0.3487910850488261,123
7.139999999999936,5.969049369077118,7.537801267789969,5.968757333572469,7.535974868086834,0.1849600122076901,0.1849600122076901,123
7.159999999999935,5.949107935257097,7.53933071775702,5.948986086454156,7.538071242218781,0.12653559824012486,0.12653559824012486,124
7.179999999999935,5.929166501437076,7.5408601677240705,5.9290829726342285,7.539996782271071,0.08674165673744662,0.08674165673744662,124
7.1999999999999345,5.909225067617055,7.542389617691121,5.909179858814301,7.541922322323361,0.04694771523475981,0.04694771523475981,124
7.219999999999934,5.889283633797034,7.543919067658172,5.889278332336265,7.543771816711284,0.01473463499574391,0.01473463499574391,125
7.239999999999934,5.869342199977013,7.545448517625223,5.869307719965905,7.544490816624383,0.09583214899897874,0.09583214899897874,125
7.259999999999933,5.849490355813572,7.5441412972895465,5.849528577417851,7.545202923069067,0.10623136009561532,0.10623136009561532,125
7.279999999999933,5.8296851761460715,7.54135654266157,5.829849165609785,7.545911438918128,0.4557847348498112,0.4557847348498112,125
7.299999999999932,5.809879996478572,7.538571788033595,5.809702190303852,7.546409141713994,0.7839370366772652,0.6713041395366923,126
7.319999999999932,5.790074816811072,7.53578703340562,5.789844053858649,7.545958619838579,1.0174203757709028,0.45721450255142915,126
7.3399999999999315,5.7702696371435716,7.533002278777643,5.769985917413445,7.5455080979631655,1.2509037148647173,0.24323619238790306,126
7.359999999999931,5.750464457476072,7.530217524149668,5.750127780968242,7.545057576087752,1.4843870539584436,0.029257882224465754,126
7.379999999999931,5.730659277808572,7.527432769521692,5.72931942078495,7.544255837627029,1.6876339571143788,0.1829234438363815,127
7.39999999999993,5.7108540981410725,7.5246480148937165,5.709418685813404,7.542670862796046,1.8079918557917791,0.2849415154219615,127
7.41999999999993,5.691048918473572,7.52186326026574,5.689517950841857,7.541085887965064,1.9283497544692612,0.38695958700754934,127
7.439999999999929,5.671243738806072,7.519078505637765,5.669617215870311,7.5395009131340816,2.048707653146654,0.4889776585930409,127
7.459999999999929,5.651757053248881,7.5145978434878815,5.649287087122483,7.537720860092748,2.3254561478869054,0.7627404546167222,128
7.4799999999999285,5.632290985577851,7.510007395859722,5.629555812351017,7.535613194767372,2.575146811892073,1.0379789020299057,128
7.499999999999928,5.6128249179068215,7.505416948231561,5.609824537579552,7.533505529441996,2.8248374758974273,1.3128522367857651,128
7.519999999999928,5.593358850235791,7.500826500603401,5.590093262808087,7.531397864116619,3.074528139902595,1.5877255715415275,128
7.539999999999927,5.573892782564762,7.496236052975242,5.570361988036622,7.5292901987912435,3.3242188039078515,1.8625989062973871,129
7.559999999999927,5.554426714893732,7.491645605347082,5.550630713265157,7.527182533465868,3.573909467913108,2.1374722410531497,129
7.579999999999926,5.534960647222703,7.487055157718922,5.530899438493692,7.525074868140491,3.823600131918285,2.4123455758089207,129
7.599999999999926,5.515494579551673,7.482464710090762,5.5111681637222265,7.522967202815115,4.073290795923542,2.6872189105646918,129
7.6199999999999255,5.496028511880644,7.477874262462603,5.491436888950762,7.52085953748974,4.322981459928798,2.9620922453205427,130
7.639999999999925,5.4765624442096135,7.473283814834443,5.471705614179297,7.518751872164363,4.572672123933965,3.2369655800763057,130
7.659999999999925,5.457096376538584,7.468693367206283,5.451974339407832,7.516644206838987,4.8223627879392215,3.5118389148321647,130
7.679999999999924,5.437630308867555,7.464102919578123,5.432243064636367,7.5145365415136105,5.072053451944399,3.786712249587936,130
7.699999999999924,5.418164241196525,7.459512471949964,5.412511789864902,7.512428876188235,5.321744115949655,4.061585584343786,131
7.719999999999923,5.398698173525496,7.454922024321804,5.392780515093437,7.510321210862859,5.571434779954912,4.336458919099558,131
7.739999999999923,5.379232105854466,7.450331576693644,5.373049240321972,7.508213545537482,5.82112544396008,4.611332253855329,131
7.7599999999999225,5.359766038183436,7.445741129065484,5.353317965550507,7.506105880212107,6.070816107965434,4.8862055886112765,131
7.779999999999922,5.340299970512406,7.441150681437324,5.3335866907790415,7.50399821488673,6.3205067719706,5.1610789233670396,131
7.799999999999922,5.320833902841377,7.436560233809164,5.313855416007577,7.501890549561354,6.570197435975858,5.221100165973716,132
7.819999999999921,5.301367835170347,7.431969786181004,5.294124141236112,7.499782884235978,6.819888099981114,4.712719956603991,132
7.839999999999921,5.281901767499318,7.427379338552845,5.2743928664646464,7.497675218910602,7.069578763986292,4.204339747234357,132
7.85999999999992,5.262435699828288,7.422788890924685,5.254661591693181,7.495567553585226,7.3192694279915465,3.695959537864721,132
7.87999999999992,5.2429696321572585,7.418198443296525,5.234930316921717,7.49345988825985,7.5689600919968045,3.187579328495084,133
7.8999999999999195,5.223503564486228,7.413607995668365,5.215199042150251,7.491352222934474,7.818650756001973,2.67919911912536,133
7.919999999999919,5.204037496815199,7.409017548040206,5.195467767378786,7.489244557609098,8.068341420007238,2.1708189097557233,133
7.939999999999919,5.184571429144169,7.404427100412046,5.175736492607321,7.487136892283721,8.318032084012405,1.662438700386087,133
7.959999999999918,5.16510536147314,7.399836652783886,5.156005217835856,7.485029226958345,8.567722748017664,1.1540584910164509,134
7.979999999999918,5.145639293802111,7.395246205155726,5.136273943064392,7.48292156163297,8.817413412022917,0.6456782816468147,134
7.999999999999917,5.126173226131081,7.390655757527567,5.116542668292927,7.480813896307593,9.067104076028087,0.1372980722771786,134
8.019999999999918,5.1067071584600505,7.386065309899406,5.0968113935214605,7.478706230982217,9.31679474003344,0.37108213709254634,134
8.039999999999917,5.08724109078902,7.381474862271246,5.077080118749995,7.476598565656841,9.566485404038609,0.8794623464622715,135
8.059999999999917,5.067775023117991,7.3768844146430865,5.057348843978531,7.474490900331465,9.816176068043864,1.3878425558319076,135
8.079999999999917,5.048308955446961,7.372293967014927,5.0376175692070655,7.472383235006089,10.065866732049123,1.896222765201544,135
8.099999999999916,5.028842887775932,7.367703519386767,5.0178862944356,7.470275569680712,10.315557396054299,2.404602974571178,135
8.119999999999916,5.009376820104902,7.363113071758607,4.998155019664135,7.468167904355337,10.565248060059554,2.912983183940814,136
8.139999999999915,4.989910752433873,7.3585226241304476,4.9784237448926705,7.46606023902996,10.81493872406472,3.4213633933104526,136
8.159999999999915,4.9704446847628425,7.353932176502288,4.958692470121205,7.463952573704584,11.064629388069978,3.5184921340534263,136
8.179999999999914,4.950978617091813,7.349341728874128,4.93896119534974,7.461844908379208,11.314320052075244,3.099870695027983,136
8.199999999999914,4.931512549420784,7.344751281245967,4.9192299205782755,7.459737243053832,11.5640107160805,2.6812492560023635,137
8.219999999999914,4.912046481749754,7.340160833617808,4.89949864580681,7.457629577728456,11.813701380085757,2.2626278169769227,137
8.239999999999913,4.89234752012291,7.336863874681132,4.879673714253248,7.455511908125383,11.93230120111374,1.9738099405224097,137
8.259999999999913,4.872502814086357,7.334376377480568,4.85979017253793,7.453387977872299,11.968864726004615,1.7662227835970423,137
8.279999999999912,4.8526581080498055,7.3318888802800055,4.8393291573802175,7.451150651741072,12.000429599803478,1.558635626671853,138
8.299999999999912,4.832813402013253,7.329401383079443,4.819454690839604,7.448929438850647,12.027223819595745,1.3510484697465748,138
8.319999999999911,4.812968695976701,7.32691388587888,4.799580224298991,7.446708225960222,12.054018039388012,1.1434613128213833,138
8.339999999999911,4.793101591458525,7.325231966230679,4.779772557960725,7.444494478803292,12.00050417237463,1.0163631519529526,138
8.35999999999991,4.773149325523725,7.326612938376308,4.75961367510107,7.442163864741379,11.634100917643066,1.1955554441680138,139
8.37999999999991,4.753197059588925,7.327993910521936,4.74009106200579,7.439876983324612,11.264807655889179,1.3747477363830756,139
8.39999999999991,4.7332447936541255,7.329374882667565,4.720568448910512,7.437590101907846,10.895514394135281,1.553940028598137,139
8.41999999999991,4.713292527719325,7.330755854813194,4.7004369965907244,7.435216124421682,10.524833778866258,1.72378548550436,140
8.439999999999909,4.693340261784526,7.3321368269588225,4.680949820731215,7.43281791123681,10.1440641563856,1.891638212163539,140
8.459999999999908,4.673640476097472,7.335390103349467,4.661938338022917,7.430478239812704,9.580549948498305,2.2463237927046134,140
8.479999999999908,4.654035098912113,7.339343479807608,4.643104728546578,7.428160458575929,8.948703098136711,2.665968281680778,140
8.499999999999908,4.634429721726754,7.3432968562657495,4.623744406309537,7.425690435765065,8.308355979539801,3.0781481164797193,141
8.519999999999907,4.614824344541395,7.347250232723891,4.604967527187854,7.423255332481711,7.664158164819708,3.49032795127866,141
8.539999999999907,4.595218967356035,7.351203609182032,4.586190648066168,7.420820229198355,7.01996035009954,3.899982186962542,141
8.559999999999906,4.5756135901706765,7.355156985640173,4.566956204273873,7.418260925628768,6.369503569863523,4.298203414388898,142
8.579999999999906,4.556008212985318,7.359110362098314,4.5482453717008475,7.415693940143164,5.7113597410472305,4.465612131617102,142
8.599999999999905,4.536402835799959,7.3630637385564555,4.529534539127823,7.41312695465756,5.053215912230927,4.120240161760082,142
8.619999999999905,4.516944398780275,7.3676568313483655,4.510700162526252,7.410470852423288,4.326697224211484,3.710543701431908,143
8.639999999999905,4.497578979312034,7.3726548838509975,4.492451845775765,7.407809415861912,3.55264495721873,3.260127900860966,143
8.659999999999904,4.478213559843794,7.3776529363536305,4.474203529025279,7.405147979300537,2.7785926902258877,2.7785926902258877,143
8.679999999999904,4.4588481403755535,7.382650988856263,4.455775911378855,7.402343470189772,1.99306902057796,1.99306902057796,144
8.699999999999903,4.439482720907312,7.387649041358895,4.437631851238135,7.399512810775241,1.2007278763172056,1.2007278763172056,144
8.719999999999903,4.420117301439072,7.392647093861528,4.419441547029857,7.39666431209289,0.4073657612019129,0.4073657612019129,145
8.739999999999903,4.400751881970832,7.39764514636416,4.401426624970847,7.393633940748359,0.4067560523004361,0.4067560523004361,145
8.759999999999902,4.381789774765631,7.4038984535499415,4.384009258718083,7.390704086962886,1.337973910989283,1.337973910989283,145
8.779999999999902,4.363137319942768,7.41111551175125,4.367418784485174,7.38775207917674,2.375249292793425,2.375249292793425,146
8.799999999999901,4.3556424588559155,7.408094109549464,4.359631743822707,7.386325065471442,2.2131553822927432,2.2131553822927432,146
8.8199999999999,4.363068729864107,7.3895239587985175,4.363524224150601,7.3870383817383365,0.2526968216485313,0.2526968216485313,146
8.8399999999999,4.360906755311081,7.371489346813286,4.3582349443532875,7.386069095062038,1.482253800100303,1.482253800100303,146
8.8599999999999,4.351458703614899,7.353861689023714,4.345968474395887,7.383821203789401,3.045841660153555,3.045841660153555,146
8.8799999999999,4.342010651918717,7.3362340312341425,4.33289465344573,7.381274797531066,4.59540211164771,1.9337582495508865,147
8.899999999999899,4.332562600222535,7.31860637344457,4.3081760699545395,7.376271894874512,6.2610024918530085,0.11871678390653992,148
8.919999999999899,4.323114548526353,7.300978715654999,4.3060744838612015,7.375793228886012,7.6730536253736545,1.6963246817378015,148
8.939999999999898,4.31366649683017,7.283351057865427,4.280383488958947,7.369941741045749,9.276693929731042,3.5211948742922132,149
8.959999999999898,4.304218445133988,7.2657234000758555,4.257383032318201,7.363886440209828,10.876368117146908,5.354631462022662,150
8.979999999999897,4.294770393437806,7.248095742286283,4.230510306033342,7.3299946294697085,10.409988739241104,7.1880680497532,156
8.999999999999897,4.285322341741623,7.230468084496712,4.265927067884726,7.323321765112931,9.48576968514569,9.02150463748374,158
9.019999999999897,4.275874290045442,7.21284042670714,4.287972967807759,7.320852350346847,10.868741257361103,10.868741257361103,159
9.039999999999896,4.2664262383492595,7.195212768917568,4.280592039760398,7.321679106014394,12.725723691919452,12.725723691919452,159
9.059999999999896,4.256978186653077,7.177585111127996,4.273211111713037,7.322505861681942,14.5827061264778,14.5827061264778,159
9.079999999999895,4.247530134956895,7.159957453338424,4.265927067884726,7.323321765112931,16.439691451699908,16.439691451699908,158
9.099999999999895,4.2380820832607125,7.142329795548853,4.265927067884726,7.323321765112931,18.312137017671056,18.312137017671056,158
9.119999999999894,4.22863403156453,7.1247021377592805,4.259971672746433,7.324256986866625,20.200045929923206,20.200045929923206,158
9.139999999999894,4.219185979868349,7.107074479969709,4.253452594482916,7.325280728140629,22.088043738179316,22.088043738179316,158
9.159999999999894,4.209737928172166,7.089446822180137,4.246933516219398,7.326304469414633,23.976041546435532,23.976041546435532,158
9.179999999999893,4.200289876475984,7.071819164390566,4.245825425116897,7.32647848152971,25.869838421568147,25.869838421568147,157
9.199999999999893,4.190841824779802,7.0541915066009935,4.245825425116897,7.32647848152971,27.77829962792198,27.77829962792198,157
9.219999999999892,4.181615080250131,7.0364716134032195,4.245825425116897,7.32647848152971,29.703022059791294,29.703022059791294,157
9.239999999999892,4.175747623722536,7.017351651219764,4.245825425116897,7.32647848152971,31.697049620704725,31.697049620704725,157
9.259999999999891,4.1698801671949415,6.998231689036308,4.245270520338832,7.326605880297009,33.69173709283634,33.69173709283634,157
9.279999999999891,4.164012710667346,6.979111726852852,4.243866746214882,7.326928168192208,35.68654422316636,35.68654422316636,157
9.29999999999989,4.158145254139751,6.959991764669397,4.242462972090932,7.327250456087406,37.68135135349629,37.68135135349629,157
9.31999999999989,4.1522777976121565,6.940871802485941,4.241059197966982,7.327572743982604,39.67615848382622,39.67615848382622,157
9.33999999999989,4.146410341084562,6.921751840302486,4.239655423843033,7.3278950318778024,41.670965614156145,41.670965614156145,157
9.35999999999989,4.138875137371302,6.903335306476475,4.23651399653124,7.328616261866989,43.63453194843765,43.63453194843765,157
9.379999999999889,4.129277267802777,6.8857887712131935,4.2312234437826515,7.329830902513719,45.55945973854746,45.55945973854746,157
9.399999999999888,4.1324954034372405,6.8855613542958904,4.234330042320981,7.3291176687483555,45.509614123527335,45.509614123527335,157
9.419999999999888,4.146469660840042,6.899869398538212,4.244484139695234,7.326786422848782,43.802395335352,43.802395335352,157
9.439999999999888,4.160443918242843,6.914177442780534,4.245825425116897,7.32647848152971,42.10488668429522,42.10488668429522,157
9.459999999999887,4.174418175645645,6.928485487022855,4.245825425116897,7.32647848152971,40.43481407816576,40.43481407816576,157
9.479999999999887,4.188392433048446,6.942793531265177,4.248577577539505,7.326046289751443,38.794964686766,38.794964686766,158
9.499999999999886,4.202366690451248,6.957101575507499,4.260022686006253,7.324248975859932,37.164691228232826,37.164691228232826,158
9.519999999999886,4.216340947854049,6.971409619749821,4.265927067884726,7.323321765112931,35.53884372820304,35.53884372820304,158
9.539999999999885,4.230315205256851,6.985717663992142,4.268103749788887,7.323077949689021,33.94700818383403,33.94700818383403,159
9.559999999999885,4.2436956600534534,7.000574956764513,4.279674823396335,7.321781845645846,32.321566431668934,32.321566431668934,159
9.579999999999885,4.256872563603504,7.015620527967783,4.290814505105891,7.320534062856344,30.679686952638406,30.679686952638406,159
9.599999999999884,4.270049467153554,7.030666099171052,4.2935639029391055,7.320310856541874,29.05976843725965,29.05976843725965,160
9.619999999999884,4.283226370703605,7.045711670374321,4.305441071232853,7.319346623963689,27.45352085716141,27.45352085716141,160
9.639999999999883,4.296403274253656,7.0607572415775905,4.3173182395266005,7.318382391385504,25.847273277063177,25.847273277063177,160
9.659999999999883,4.309580177803706,7.07580281278086,4.323775845336066,7.317932320484838,24.254528541627014,24.254528541627014,161
9.679999999999882,4.322757081353757,7.090848383984129,4.336028534951104,7.317213964800718,22.67542891744679,22.67542891744679,161
9.699999999999882,4.335933984903807,7.1058939551873985,4.348281224566142,7.316495609116599,21.09632929326657,21.09632929326657,161
9.719999999999882,4.349110888453858,7.120939526390668,4.357169733265886,7.31601303776228,19.523990324356078,19.523990324356078,162
9.739999999999881,4.362287792003908,7.135985097593937,4.369703685361546,7.31549523719515,17.966325638243006,17.966325638243006,162
9.75999999999988,4.375464695553959,7.1510306687972065,4.382237637457206,7.31497743662802,16.40866095212993,16.40866095212993,162
9.77999999999988,4.38864159910401,7.166076240000476,4.3941837521002,7.314483920705034,14.851112804076092,14.851112804076092,162
9.79999999999988,4.40181850265406,7.181121811203745,4.405479753495344,7.314173081925466,13.31016355962142,13.31016355962142,163
9.81999999999988,4.414995406204111,7.196167382407015,4.41823298215239,7.313822143757823,11.7699298071553,11.7699298071553,163
9.839999999999879,4.429368109389791,7.2100484524410176,4.432213125673397,7.31343744384515,10.3428127998228,10.3428127998228,163
9.859999999999879,4.44405899052882,7.223619672406771,4.445509549301312,7.313154205170938,8.95462823240031,8.95462823240031,164
9.879999999999878,4.45874987166785,7.237190892372525,4.459976764323142,7.312919820235701,7.573886572225409,7.573886572225409,164
9.899999999999878,4.47344075280688,7.25076211233828,4.474443979344972,7.3126854353004624,6.193144912050331,6.193144912050331,164
9.919999999999877,4.48813163394591,7.264333332304034,4.488453658405201,7.312472190591426,4.813993536520378,4.813993536520378,165
9.939999999999877,4.50282251508494,7.277904552269788,4.503053101675685,7.312374527747054,3.4470746722100354,3.4470746722100354,165
9.959999999999877,4.517602030042965,7.291347028144613,4.51774203599294,7.312276266253131,2.0929706387550895,2.0929706387550895,165
9.979999999999876,4.535522529838254,7.300227100615434,4.535602333387727,7.312156789954441,1.1929956258584433,1.1929956258584433,165
9.999999999999876,4.553443029633543,7.309107173086255,4.55343856488897,7.312142284833498,0.3035115031131008,0.3035115031131008,166
10.019999999999875,4.571363529428832,7.317987245557075,4.571372088742429,7.312168665609551,0.581858624302941,0.581858624302941,166
10.039999999999875,4.589284029224122,7.326867318027896,4.589305612595887,7.312195046385605,1.4672287517190716,1.4672287517190716,166
10.059999999999874,4.607204529019411,7.3357473904987165,4.607406294121649,7.312281879871992,2.3466378036020243,2.3466378036020243,167
10.079999999999874,4.6251250288147,7.3446274629695365,4.625401817606481,7.312436612010299,3.219204090322763,3.219204090322763,167
10.099999999999874,4.6430455286099885,7.353507535440357,4.6433973410913145,7.312591344148607,4.091770377043591,4.091770377043591,167
10.119999999999873,4.660966028405278,7.362387607911177,4.661392864576148,7.312746076286913,4.96433666376442,3.8711850561506895,167
10.139999999999873,4.678886528200567,7.371267680381998,4.6797558071449945,7.313015621771221,5.8258544251265265,2.9379098999701214,168
10.159999999999872,4.697604227744611,7.37818579461285,4.698572553491541,7.313296418738604,6.4896600497263295,2.1987406417643287,168
10.179999999999872,4.716639651107888,7.384321970733268,4.71769528687726,7.313581781863762,7.0748064907606505,1.5369322549544908,168
10.199999999999871,4.735675074471166,7.390458146853685,4.737253074989298,7.313914814376049,7.655959660563291,0.8751238681446527,169
10.219999999999871,4.754710497834443,7.396594322974103,4.756406859853105,7.314309684594799,8.230212243503283,0.2133154813348147,169
10.23999999999987,4.773745921197721,7.4027304990945195,4.775560644716912,7.314704554813549,8.804464826443274,0.44849290547493226,169
10.25999999999987,4.792781344560998,7.408866675214937,4.794714429580719,7.315099425032299,9.378717409383265,1.1103012922847704,169
10.27999999999987,4.811824055617642,7.4149751736968215,4.813885256864096,7.315495809534355,9.950071580017363,1.769361335363106,170
10.29999999999987,4.8314130300636355,7.4190090403473405,4.833549370499552,7.315903247759128,10.31279225801701,2.222413868726992,170
10.319999999999869,4.851002004509629,7.42304290699786,4.853213484135007,7.3163106859839,10.675512936016746,2.385218555974753,170
10.339999999999868,4.870590978955624,7.427076773648379,4.872877597770463,7.3167181242086725,11.038233614016484,2.166909216873182,170
10.359999999999868,4.890179953401618,7.431110640298898,4.8925417114059195,7.317125562433445,11.400954292016223,1.9485998777716032,171
10.379999999999868,4.909768927847613,7.435144506949417,4.912205825041376,7.317533000658217,11.763674970015959,1.7302905386700325,171
10.399999999999867,4.9293579022936065,7.439178373599937,4.931869938676831,7.31794043888299,12.126395648015697,1.511981199568285,171
10.419999999999867,4.948946876739601,7.443212240250456,4.9515340523122875,7.318347877107762,12.489116326015433,1.2936718604667057,172
10.439999999999866,4.968765913711117,7.445355292935471,4.971388969105962,7.3187592687525305,12.662319597345512,1.265767092226067,172
10.459999999999866,4.988750650376297,7.4461365102057355,4.991381309518695,7.319173507799244,12.699025296295119,1.374998865421857,172
10.479999999999865,5.008735387041478,7.446917727476,5.011373649931428,7.319587746845956,12.735730995244813,1.4842306386176392,172
10.499999999999865,5.028720123706659,7.447698944746266,5.031365990344162,7.320001985892669,12.77243669419451,1.5934624118133407,173
10.519999999999865,5.048704860371839,7.448480162016531,5.051358330756895,7.3204162249393825,12.809142393144121,1.7026941850091224,173
10.539999999999864,5.06868959703702,7.449261379286796,5.071350671169629,7.320830463986096,12.845848092093728,1.8119259582048242,173
10.559999999999864,5.088674333702201,7.4500425965570605,5.091343011582363,7.321244703032808,12.882553791043424,1.921157731400606,173
10.579999999999863,5.1086590703673815,7.450823813827326,5.111335351995096,7.321658942079521,12.919259489993118,2.030389504596308,174
10.599999999999863,5.128643807032563,7.451605031097591,5.13132769240783,7.3220731811262345,12.955965188942727,2.1396212777920898,174
10.619999999999862,5.148628543697743,7.452386248367856,5.151320032820563,7.322487420172947,12.992670887892425,2.2488530509877918,174
10.639999999999862,5.168613280362924,7.4531674656381215,5.171312373233297,7.32290165921966,13.029376586842123,2.358084824183485,175
10.659999999999862,5.188595776746904,7.453082121834085,5.1912845269831625,7.323315480000987,12.9794494145447,2.5535714998089274,175
10.679999999999861,5.208576207011755,7.452197584423112,5.2112380634048465,7.323728915033366,12.849624311328759,2.8286075212716715,175
10.69999999999986,5.228556637276607,7.451313047012137,5.2311915998265315,7.324142350065745,12.719799208112725,3.103643542734504,175
10.71999999999986,5.2485370675414575,7.4504285096011635,5.2511451362482156,7.324555785098124,12.58997410489678,3.3786795641972485,176
10.73999999999986,5.268517497806308,7.449543972190189,5.2710986726699,7.3249692201305034,12.460149001680751,3.653715585660073,176
10.75999999999986,5.288497928071159,7.448659434779215,5.291052209091584,7.3253826551628825,12.330323898464808,3.928751607122817,176
10.779999999999859,5.30847835833601,7.447774897368241,5.311005745513268,7.3257960901952615,12.200498795248777,4.20378762858565,176
10.799999999999859,5.3284587886008605,7.446890359957267,5.330959281934952,7.3262095252276405,12.070673692032834,4.478823650048394,177
10.819999999999858,5.348439218865711,7.446005822546293,5.350912818356636,7.3266229602600195,11.9408485888168,4.753859671511227,177
10.839999999999858,5.368365722549896,7.444356592123667,5.370796613785152,7.327034950266857,11.734682305105423,5.1045248244725085,177
10.859999999999857,5.388272543695805,7.442428258162767,5.390654954609455,7.327446412857156,11.500652430034156,5.482793679672724,178
10.879999999999857,5.408179364841715,7.440499924201867,5.410513295433758,7.327857875447455,11.26662255496289,5.836978744640473,178
10.899999999999856,5.428086185987624,7.438571590240967,5.430371636258061,7.328269338037754,11.032592679891625,5.694811871163435,178
10.919999999999856,5.447993007133533,7.436643256280067,5.450229977082364,7.328680800628052,10.798562804820444,5.552644997686395,178
10.939999999999856,5.467899828279442,7.434714922319166,5.470088317906667,7.329092263218351,10.56453292974918,5.410478124209358,179
10.959999999999855,5.487806649425352,7.432786588358266,5.48994665873097,7.32950372580865,10.330503054677914,5.26831125073232,179
10.979999999999855,5.507713470571261,7.430858254397366,5.509804999555273,7.3299151883989495,10.096473179606647,5.126144377255282,179
10.999999999999854,5.52762029171717,7.428929920436466,5.529663340379576,7.330326650989248,9.86244330453547,4.983977503778244,179
11.019999999999854,5.547527112863079,7.427001586475566,5.5495216812038795,7.330738113579547,9.628413429464205,4.841810630301207,180
11.039999999999853,5.567433934008989,7.425073252514665,5.569380022028182,7.331149576169846,9.394383554392936,4.699643756824081,180
11.059999999999853,5.587338552197581,7.4231247496812705,5.589235743123083,7.331560984479646,9.158341788394907,4.555455047827187,180
11.079999999999853,5.6071922677677515,7.420710214931317,5.6090309314581654,7.331971138557465,8.87581227823725,4.364548809996928,181
11.099999999999852,5.627045983337923,7.418295680181363,5.62882611979325,7.332381292635284,8.593282768079685,4.173642572166668,181
11.119999999999852,5.6468996989080935,7.41588114543141,5.648621308128334,7.332791446713103,8.31075325792203,3.982736334336498,181
11.139999999999851,5.666753414478264,7.413466610681456,5.668416496463417,7.333201600790922,8.028223747764462,3.7918300965062373,181
11.159999999999851,5.6866071300484355,7.411052075931503,5.688211684798501,7.333611754868741,7.745694237606809,3.6009238586759773,182
11.17999999999985,5.706460845618606,7.408637541181549,5.708006873133585,7.33402190894656,7.463164727449244,3.4100176208457187,182
11.19999999999985,5.726314561188778,7.4062230064315955,5.727802061468669,7.334432063024379,7.180635217291586,3.2191113830154614,182
11.21999999999985,5.746168276758948,7.403808471681642,5.747597249803753,7.3348422171021985,6.898105707133934,3.0282051451852023,182
11.23999999999985,5.766021992329119,7.401393936931688,5.767392438138836,7.335252371180017,6.615576196976368,2.8372989073549433,183
11.259999999999849,5.78587570789929,7.398979402181735,5.78718762647392,7.3356625252578365,6.3330466868187125,2.6463926695247726,183
11.279999999999848,5.805754602210896,7.396785520036101,5.807012552680727,7.3360732955010155,6.072525543283587,2.477608567360086,183
11.299999999999848,5.825641890235491,7.394665195762133,5.826847392455329,7.336484271152205,5.819341220506144,2.3161992125784994,184
11.319999999999848,5.845529178260086,7.392544871488165,5.846682232229929,7.336895246803396,5.566156897728523,2.154789857796823,184
11.339999999999847,5.865416466284681,7.390424547214197,5.866517072004529,7.337306222454585,5.31297257495099,1.9933805030150589,184
11.359999999999847,5.885303754309276,7.38830422294023,5.88635191177913,7.337717198105776,5.059788252173457,1.8319711482334695,184
11.379999999999846,5.905191042333871,7.386183898666261,5.90618675155373,7.3381281737569655,4.806603929395925,1.6705617934517938,185
11.399999999999846,5.925078330358466,7.384063574392293,5.926021591328331,7.338539149408155,4.553419606618391,1.5091524386702067,185
11.419999999999845,5.944965618383061,7.381943250118326,5.945856431102931,7.338950125059346,4.300235283840859,1.3477430838886195,185
11.439999999999845,5.964852906407656,7.3798229258443575,5.9656912708775325,7.339361100710535,4.047050961063327,1.1863337291069416,185
11.459999999999845,5.984740194432251,7.377702601570389,5.985526110652133,7.339772076361726,3.7938666382857056,1.0249243743251768,186
11.479999999999844,6.00463645093671,7.375675355995226,6.0053718428105265,7.340183277701883,3.549969609431699,0.8728426799052563,186
11.499999999999844,6.0245627106438295,7.373959496419264,6.025254014410539,7.340595234063177,3.3371423455760127,0.7519657925919135,186
11.519999999999843,6.044488970350948,7.372243636843302,6.045136186010551,7.341007190424471,3.1243150817203293,0.6310889052785709,187
11.539999999999843,6.064415230058068,7.370527777267339,6.0650183576105645,7.341419146785764,2.9114878178647348,0.5102120179652303,187
11.559999999999842,6.084341489765188,7.368811917691377,6.084900529210578,7.341831103147058,2.698660554009051,0.3893351306518877,187
11.579999999999842,6.1042677494723065,7.367096058115415,6.104782700810589,7.342243059508352,2.485833290153365,0.26845824333845625,187
11.599999999999842,6.124194009179426,7.3653801985394525,6.1246648724106025,7.342655015869645,2.27300602629777,0.14758135602511357,188
11.619999999999841,6.14412287309102,7.363695366571647,6.144550289710221,7.34306703948147,2.063275462718641,0.0298128468851933,188
11.63999999999984,6.164056369084438,7.362065723211769,6.164441480114944,7.343479182711383,1.8590529800903959,0.08242680990359359,188
11.65999999999984,6.183989865077855,7.360436079851892,6.184332670519666,7.343891325941297,1.6548304974621488,0.12667028050100715,188
11.67999999999984,6.203923361071273,7.3588064364920145,6.203216316141286,7.343124500451951,1.569786706841568,0.16157057851931836,189
11.69999999999984,6.22385685706469,7.357176793132138,6.223182699521631,7.342224284426125,1.496769872078679,0.1964708765376352,189
11.719999999999839,6.243790353058108,7.35554714977226,6.243149082901978,7.341324068400298,1.4237530373157903,0.1927047075467501,189
11.739999999999839,6.263723849051525,7.353917506412382,6.262207368908225,7.340225773368277,1.3775458822705764,0.13953476766644238,190
11.759999999999838,6.283657345044943,7.3522878630525055,6.282077603858511,7.338024969668136,1.4350111843118252,0.08636482778603681,190
11.779999999999838,6.30359084103836,7.350658219692628,6.301947838808797,7.3358241659679955,1.4924764863528874,0.014454975490825434,190
11.799999999999837,6.3235243370317775,7.349028576332751,6.321818073759083,7.333623362267854,1.5499417883941369,0.13877185022225713,190
11.819999999999837,6.3434578330251945,7.347398932972873,6.34055581094888,7.3309587336620785,1.6694366879581712,0.291998675935252,191
11.839999999999836,6.363439779157965,7.346598378503927,6.3600709920762,7.327513916152014,1.9379510563062172,0.5385083907307453,191
11.859999999999836,6.383427410970262,7.345895118569,6.37957503162658,7.324071065351821,2.216145585095611,0.8965651529319789,191
11.879999999999836,6.403415042782558,7.345191858634072,6.399079071176959,7.320628214551627,2.494340113885005,1.2546219151332996,191
11.899999999999835,6.423402674594854,7.344488598699144,6.4166675698553375,7.316726649700847,2.8567244319960032,1.626545843827576,192
11.919999999999835,6.44339030640715,7.343785338764216,6.435705332395353,7.312108050166611,3.259615680502835,0.8329440030577627,192
11.939999999999834,6.463377938219446,7.343082078829288,6.454743094935367,7.3074894506323735,3.662506929009667,0.19535156424975933,192
11.959999999999834,6.483365570031742,7.34237881889436,6.473780857475382,7.302870851098137,4.0653981775164985,0.9055249646789485,192
11.979999999999833,6.503353201844038,7.341675558959432,6.489889303345337,7.298138222598468,4.557166027468183,2.006401493607584,193
11.999999999999833,6.523340833656334,7.3409722990245045,6.5083307643899575,7.292435210415685,5.0805030754855585,3.1477830793686663,193
12.019999999999833,6.543328465468631,7.340269039089577,6.526772225434578,7.286732198232901,5.603840123503017,4.354946861794645,193
12.039999999999832,6.563316097280927,7.339565779154649,6.545213686479199,7.281029186050118,6.127177171520279,5.562110644220626,193
12.059999999999832,6.583303729093222,7.338862519219721,6.559601864475552,7.275946411135409,6.7232544521468585,6.570984655215947,194
12.079999999999831,6.603291360905518,7.338159259284793,6.5773374136353455,7.269265044504432,7.362078652870671,7.362078652870671,194
12.099999999999831,6.623226097770093,7.336896638488667,6.595211176104531,7.2625316099174535,7.946693218141082,7.946693218141082,194
12.11999999999983,6.642991257296927,7.333840747640032,6.613528040345375,7.255631249267762,8.357515652857812,8.357515652857812,194
12.13999999999983,6.662756416823762,7.330784856791397,6.626913899402386,7.2502935427728055,8.8110939658712,8.8110939658712,195
12.15999999999983,6.682521576350596,7.327728965942763,6.644543982655762,7.242442924679983,9.33595547179104,9.33595547179104,195
12.17999999999983,6.702286735877431,7.324673075094128,6.662174065909139,7.23459230658716,9.860816977710844,9.860816977710844,195
12.199999999999829,6.722051895404265,7.321617184245493,6.679804149162514,7.226741688494337,10.385678483630766,10.385678483630766,195
12.219999999999828,6.7418170549311,7.318561293396859,6.694599813066027,7.2201532280164775,10.9149508754067,10.9149508754067,195
12.239999999999828,6.761582214457934,7.315505402548224,6.708704725759263,7.21288532872772,11.544222954362834,11.544222954362834,196
12.259999999999827,6.781347373984769,7.312449511699589,6.72556735162957,7.204196450658438,12.177904630405715,12.177904630405715,196
12.279999999999827,6.801112533511603,7.309393620850955,6.742429977499875,7.1955075725891575,12.811586306448518,12.811586306448518,196
12.299999999999827,6.820877693038437,7.30633773000232,6.75929260337018,7.186818694519876,13.44526798249144,13.44526798249144,196
12.319999999999826,6.840038794618354,7.300753100162136,6.77417215695734,7.17894535682927,13.847577511107389,13.847577511107389,197
12.339999999999826,6.859051183403794,7.294545921038631,6.7914801347322475,7.169586195666343,14.205907075470472,14.205907075470472,197
12.359999999999825,6.878063572189234,7.288338741915126,6.8087881125071545,7.160227034503416,14.564236639833558,14.564236639833558,197
12.379999999999825,6.897075960974673,7.282131562791622,6.8260960902820615,7.15086787334049,14.922566204196643,14.922566204196643,197
12.399999999999824,6.916088349760113,7.275924383668117,6.843404068056969,7.141508712177563,15.280895768559605,15.280895768559605,198
12.419999999999824,6.935100738545553,7.269717204544612,6.860712045831876,7.132149551014636,15.639225332922813,15.639225332922813,198
12.439999999999824,6.954113127330992,7.263510025421108,6.878020023606783,7.122790389851709,15.997554897285898,15.997554897285898,198
12.459999999999823,6.973125516116432,7.257302846297603,6.895328001381691,7.113431228688783,16.355884461648866,16.355884461648866,198
12.479999999999823,6.991266627682422,7.249010609425665,6.9128342164278225,7.103964872185418,16.489362943054367,16.489362943054367,199
12.499999999999822,7.009042807571393,7.239845052783815,6.930423462521043,7.09445361725652,16.528663267437445,16.528663267437445,199
12.519999999999822,7.026818987460363,7.230679496141967,6.948012708614262,7.084942362327624,16.56796359182057,16.56796359182057,199
12.539999999999822,7.044595167349334,7.2215139395001176,6.965601954707482,7.075431107398726,16.607263916203653,16.607263916203653,199
12.559999999999821,7.062371347238304,7.212348382858269,6.983191200800701,7.06591985246983,16.646564240586773,16.646564240586773,200
12.57999999999982,7.0801475271272745,7.20318282621642,7.000780446893922,7.056408597540933,16.685864564969776,16.685864564969776,200
12.59999999999982,7.097923707016245,7.194017269574571,7.018369692987141,7.046897342612036,16.72516488935298,16.72516488935298,200
12.61999999999982,7.115699886905215,7.184851712932722,7.035958939080361,7.037386087683139,16.764465213736056,16.764465213736056,200
12.63999999999982,7.133476066794186,7.1756861562908725,7.0535481851735815,7.027874832754242,16.803765538119062,16.803765538119062,201
12.659999999999819,7.150740488444301,7.165683932563573,7.071091519341003,7.018388404360162,16.745127920663908,16.745127920663908,201
12.679999999999819,7.1669965834414215,7.154033208318077,7.088544392398164,7.008950892143403,16.49352137843694,16.49352137843694,201
12.699999999999818,7.183252678438541,7.142382484072582,7.105997265455325,6.999513379926645,16.24191483620998,16.24191483620998,201
12.719999999999818,7.199508773435662,7.130731759827086,7.123450138512486,6.990075867709886,15.990308293983016,15.990308293983016,202
12.739999999999817,7.215764868432783,7.11908103558159,7.140903011569647,6.980638355493127,15.738701751756057,15.738701751756057,202
12.759999999999817,7.232020963429902,7.107430311336095,7.158355884626808,6.971200843276369,15.487095209529095,15.487095209529095,202
12.779999999999816,7.248277058427023,7.095779587090599,7.175808757683969,6.96176333105961,15.23548866730213,15.23548866730213,202
12.799999999999816,7.264533153424143,7.084128862845103,7.193261630741129,6.952325818842852,14.983882125075091,14.983882125075091,202
12.819999999999816,7.2807892484212635,7.072478138599608,7.2107145037982905,6.942888306626093,14.732275582848207,14.732275582848207,203
12.839999999999815,7.297045343418384,7.060827414354112,7.228167376855452,6.933450794409335,14.480669040621166,14.480669040621166,203
12.859999999999815,7.313301438415504,7.049176690108616,7.245620249912612,6.924013282192576,14.229062498394205,14.229062498394205,203
12.879999999999814,7.328854871341495,7.0366412264153135,7.262899612213361,6.914669594635977,13.866208986443763,13.866208986443763,203
12.899999999999814,7.343883784345786,7.023445326525217,7.280049453009953,6.905395944876237,13.420312352847603,13.420312352847603,204
12.919999999999813,7.3589126973500765,7.010249426635122,7.2971992938065435,6.896122295116498,12.974415719251528,12.974415719251528,204
12.939999999999813,7.373941610354367,6.997053526745026,7.314349134603136,6.88684864535676,12.528519085655287,12.528519085655287,204
12.959999999999813,7.388970523358659,6.98385762685493,7.331498975399727,6.87757499559702,12.082622452059292,12.082622452059292,204
12.979999999999812,7.40399943636295,6.970661726964834,7.348648816196319,6.868301345837281,11.636725818463054,11.636725818463054,205
12.999999999999812,7.419028349367241,6.957465827074738,7.365798656992911,6.859027696077542,11.190829184866937,11.190829184866937,205
13.019999999999811,7.434057262371532,6.944269927184642,7.382948497789502,6.849754046317803,10.744932551270818,10.744932551270818,205
13.03999999999981,7.449086175375823,6.931074027294546,7.400098338586093,6.840480396558064,10.299035917674622,10.299035917674622,205
13.05999999999981,7.464115088380114,6.9178781274044505,7.417248179382685,6.831206746798324,9.853139284078583,9.853139284078583,206
13.07999999999981,7.479144001384405,6.904682227514354,7.434398020179277,6.821933097038586,9.407242650482388,9.407242650482388,206
13.09999999999981,7.493125571043646,6.890440749172439,7.45117494735913,6.812861097563143,8.819556208415234,8.819556208415234,206
13.11999999999981,7.506296105392472,6.875389602207295,7.467663099981585,6.803945250797023,8.122071444842208,8.122071444842208,206
13.139999999999809,7.5194666397412995,6.860338455242151,7.4804626503347,6.79688438125598,7.44830899941228,7.44830899941228,207
13.159999999999808,7.532637174090127,6.845287308277007,7.496736171635851,6.78688136312705,6.855754084038974,6.855754084038974,207
13.179999999999808,7.545807708438953,6.830236161311864,7.513009692937,6.776878344998121,6.2631991686657145,6.2631991686657145,207
13.199999999999807,7.55897824278778,6.81518501434672,7.52928321423815,6.766875326869191,5.670644253292409,5.670644253292409,207
13.219999999999807,7.572148777136607,6.800133867381576,7.5455567355393,6.7568723087402605,5.078089337919225,5.078089337919225,207
13.239999999999807,7.585319311485433,6.785082720416432,7.559112806741836,6.747466413445409,4.584503725611384,4.584503725611384,208
13.259999999999806,7.59848984583426,6.770031573451289,7.575039130216041,6.73637087256745,4.102412518260237,4.102412518260237,208
13.279999999999806,7.611660380183086,6.754980426486145,7.590965453690245,6.725275331689493,3.6203213109090164,3.6203213109090164,208
13.299999999999805,7.6248309145319135,6.739929279521001,7.60689177716445,6.714179790811534,3.1382301035578695,3.1382301035578695,208
13.319999999999805,7.638001448880741,6.724878132555857,7.620994162399066,6.7033085923612,2.746803337843256,2.746803337843256,209
13.339999999999804,7.650817726043706,6.709525375424416,7.636361710296587,6.691191491706513,2.334754127231738,2.334754127231738,209
13.359999999999804,7.663575270733397,6.694122614194996,7.651717354141683,6.679083777233823,1.9151417781480293,1.9151417781480293,209
13.379999999999804,7.6763328154230885,6.6787198529655765,7.6670729979867795,6.666976062761133,1.4955294290643357,1.4955294290643357,209
13.399999999999803,7.68909036011278,6.663317091736157,7.68125734296811,6.654539858107782,1.1764182409150106,1.1764182409150106,210
13.419999999999803,7.701847904802471,6.647914330506737,7.696010755700765,6.6413735531226115,0.876664579096412,0.876664579096412,210
13.439999999999802,7.714605449492162,6.632511569277318,7.710764168433421,6.62820724813744,0.5769109172778871,0.5769109172778871,210
13.459999999999802,7.727362994181854,6.617108808047898,7.725352016243632,6.615120983147662,0.2827627999226688,0.2827627999226688,211
13.479999999999801,7.740120538871545,6.601706046818478,7.739357789247744,6.60095207897725,0.10724991814518742,0.10724991814518742,211
13.499999999999801,7.752878083561235,6.586303285589058,7.753363562251854,6.586783174806839,0.06826296363235643,0.06826296363235643,211
13.5199999999998,7.7648418928184215,6.570331833482227,7.767261389482306,6.572723473700201,0.3402044538036014,0.3402044538036014,211
13.5399999999998,7.775323847379693,6.5532986708699745,7.780965357554354,6.558202007444106,0.7474580029006753,0.7474580029006753,212
13.5599999999998,7.785805801940965,6.536265508257723,7.793909660262876,6.543309002583032,1.0737007591142926,1.0737007591142926,212
13.5799999999998,7.796287756502236,6.519232345645471,7.806853962971396,6.528415997721959,1.3999435153280264,1.3999435153280264,212
13.599999999999799,7.806769711063509,6.502199183033219,7.819798265679918,6.513522992860885,1.7261862715417016,1.7261862715417016,212
13.619999999999798,7.81725166562478,6.485166020420967,7.832818113674158,6.496999916015234,1.9553909834352794,1.9553909834352794,213
13.639999999999798,7.827733620186051,6.468132857808715,7.844863484578967,6.481155290808633,2.1517806936513018,2.1517806936513018,213
13.659999999999798,7.8382155747473234,6.451099695196463,7.856908855483778,6.465310665602032,2.3481704038673246,2.3481704038673246,213
13.679999999999797,7.848697529308595,6.434066532584211,7.86965267297727,6.447892797551682,2.51054505859888,2.51054505859888,214
13.699999999999797,7.859179483869867,6.417033369971959,7.880661733250342,6.431207420826869,2.573695312352466,2.573695312352466,214
13.719999999999796,7.869661438431138,6.4000002073597075,7.8916707935234145,6.414522044102057,2.6368455661061256,2.6368455661061256,214
13.739999999999796,7.878692067508963,6.382176253191229,7.902603179760645,6.397952874859202,2.8646868596181263,2.8646868596181263,214
13.759999999999796,7.8873218927870745,6.364133910891261,7.913642008790285,6.379040596186605,3.0248268924301946,3.0248268924301946,215
13.779999999999795,7.895951718065186,6.346091568591292,7.923474661817127,6.361679488525291,3.1630613029805015,3.1630613029805015,215
13.799999999999795,7.904581543343299,6.3280492262913235,7.933307314843968,6.344318380863977,3.301295713530611,3.301295713530611,215
13.819999999999794,7.91321136862141,6.310006883991354,7.94363739173673,6.324568572990366,3.3731078682987516,3.3731078682987516,216
13.839999999999794,7.921841193899522,6.291964541691386,7.952271381030679,6.30652822356023,3.373569501898711,3.373569501898711,216
13.859999999999793,7.930471019177634,6.273922199391417,7.960905370324628,6.2884878741300945,3.3740311354987083,3.3740311354987083,216
13.879999999999793,7.939100844455746,6.255879857091449,7.970244472217279,6.268193597090897,3.348960649101328,3.348960649101328,217
13.899999999999793,7.9446459427070195,6.236736269295938,7.9775399358329,6.249742078445635,3.537182290190646,3.537182290190646,217
13.919999999999792,7.949393158647389,6.217307838046465,7.9848249268830935,6.231317046771791,3.810076284562304,3.810076284562304,217
13.939999999999792,7.954140374587759,6.197879406796993,7.992109917933286,6.212892015097946,4.082970278933847,4.082970278933847,217
13.959999999999791,7.9588875905281276,6.17845097554752,7.999210454044849,6.191183283006422,4.228528083643533,4.228528083643533,218
13.97999999999979,7.963634806468497,6.159022544298048,8.005219360937215,6.1721532420427065,4.36083752692452,4.36083752692452,218
13.99999999999979,7.968382022408867,6.139594113048575,8.01122826782958,6.153123201078989,4.49314697020548,4.49314697020548,218
14.01999999999979,7.9731292383492365,6.120165681799102,8.017140163758881,6.130676864617576,4.524871843109732,4.524871843109732,219
14.03999999999979,7.977876454289605,6.10073725054963,8.021786058981945,6.1112242348180175,4.514454810143722,4.514454810143722,219
14.059999999999789,7.982623670229975,6.0813088193001565,8.026431954205009,6.091771605018457,4.5040377771776035,4.5040377771776035,219
14.079999999999789,7.9873708861703445,6.061880388050684,8.030932793397547,6.069015131761451,4.414231902709343,4.414231902709343,220
14.099999999999788,7.992118102110714,6.042451956801211,8.034155748321945,6.049337050935329,4.259774900409968,4.259774900409968,220
14.119999999999788,7.996865318051083,6.023023525551739,8.037378703246343,6.0296589701092085,4.105317898110682,4.105317898110682,220
14.139999999999787,8.000900880278893,6.0035023046510405,8.040371425421313,6.007048220144512,3.962950227452567,3.962950227452567,221
14.159999999999787,8.001294074132671,5.983506170059742,8.042156584117425,5.9871771355033205,4.102707288537713,4.102707288537713,221
14.179999999999787,8.00168726798645,5.963510035468444,8.043941742813537,5.967306050862131,4.242464349622868,4.242464349622868,221
14.199999999999786,8.002080461840226,5.943513900877145,8.045666793431012,5.946071711747994,4.366131809729304,4.366131809729304,222
14.219999999999786,8.002473655694004,5.923517766285846,8.046837564465507,5.9261212083280554,4.444023303216798,4.444023303216798,222
14.239999999999785,8.002866849547782,5.903521631694547,8.048008335500004,5.906170704908116,4.521914796704464,4.521914796704464,222
14.259999999999785,8.00326004340156,5.883525497103248,8.049034868327201,5.884611997763211,4.578771757422654,4.578771757422654,223
14.279999999999784,8.003653237255337,5.86352936251195,8.049509446103551,5.864617794881881,4.586912441888257,4.586912441888257,223
14.299999999999784,8.004046431109115,5.843533227920651,8.049984023879901,5.844623592000549,4.595053126353681,4.595053126353681,223
14.319999999999784,8.004439624962894,5.823537093329352,8.05000886540397,5.822806757104188,4.557509259868263,4.557509259868263,224
14.339999999999783,8.004832818816672,5.803540958738053,8.049688571497551,5.802822057550042,4.486151320994814,4.486151320994814,224
14.359999999999783,8.005226012670448,5.783544824146754,8.049223902750226,5.780817188214652,4.408235848103321,4.408235848103321,225
14.379999999999782,8.004138055876588,5.76361176842111,8.047988724790821,5.760893259420785,4.393485467610601,4.393485467610601,225
14.399999999999782,8.002046188667633,5.743721466975931,8.046752343622778,5.74094992237639,4.4791983103460655,4.4791983103460655,225
14.419999999999781,7.999954321458678,5.723831165530752,8.044453663148072,5.718663969599331,4.479834064542071,4.479834064542071,226
14.439999999999781,7.997862454249723,5.703940864085573,8.042146928733784,5.698798618207502,4.4582029709289825,4.4582029709289825,226
14.45999999999978,7.995770587040767,5.684050562640395,8.038494683681092,5.676307667461738,4.342005135279649,4.342005135279649,227
14.47999999999978,7.993678719831812,5.6641602611952155,8.034938069713665,5.656682822316538,4.193144458348027,4.193144458348027,227
14.49999999999978,7.9915868526228575,5.644269959750037,8.029374836097551,5.6343842765699685,3.90596777639089,3.90596777639089,228
14.51999999999978,7.989494985413902,5.624379658304858,8.022908968823943,5.612215290138741,3.555933267381878,3.555933267381878,229
14.539999999999779,7.986055255013109,5.604745533906502,8.016195092400386,5.593773119335435,3.207496966874425,3.207496966874425,229
14.559999999999778,7.980704093668802,5.5854746991485795,8.00634959605174,5.5726509583200015,2.867298591552352,2.867298591552352,230
14.579999999999778,7.975352932324495,5.566203864390656,7.994609133400715,5.552904503061125,2.3402442002091037,2.3402442002091037,231
14.599999999999778,7.970001770980188,5.546933029632733,7.981286399933252,5.535882599087583,1.5794140237490053,1.5794140237490053,232
14.619999999999777,7.964650609635881,5.52766219487481,7.967876020730965,5.522916178004982,0.5738288321527829,0.5738288321527829,233
14.639999999999777,7.959299448291574,5.508391360116887,7.955256702087132,5.514340041113229,0.7192398937056673,0.7192398937056673,233
14.659999999999776,7.953948286947266,5.489120525358963,7.945806189927829,5.509554939490421,2.1996795784155774,2.1996795784155774,234
14.679999999999776,7.9485971256029595,5.46984969060104,7.9345617555198045,5.505074592009458,3.791813936104808,3.791813936104808,234
14.699999999999775,7.943245964258653,5.450578855843117,7.931510555414813,5.5038588406245275,5.455709485520058,5.455709485520058,234
14.719999999999775,7.93626642109892,5.431902839774131,7.924806492146803,5.502774799932407,7.179251150547546,7.179251150547546,235
14.739999999999775,7.927936464967517,5.413720105357965,7.913823570926011,5.500998871954743,8.841242490103808,8.841242490103808,235
14.759999999999774,7.919606508836113,5.395537370941797,7.9096890244591735,5.500330319700038,10.52611923066335,10.52611923066335,235
14.779999999999774,7.907959366692509,5.3794155695677075,7.9096890244591735,5.500330319700038,12.092712067833949,12.092712067833949,235
14.799999999999773,7.895348334922801,5.363892622756507,7.901029026432218,5.500689937703377,13.691521329895481,13.691521329895481,236
14.819999999999773,7.882737303153092,5.348369675945305,7.88908320560751,5.501186003894137,15.294803223881637,15.294803223881637,236
14.839999999999772,7.870126271383383,5.332846729134104,7.886207011525663,5.501305441701133,16.92244900812655,16.92244900812655,236
14.859999999999772,7.857515239613675,5.3173237823229025,7.886207011525663,5.501305441701133,18.620544772647428,18.620544772647428,236
14.879999999999772,7.844904207843967,5.301800835511702,7.886207011525663,5.501305441701133,20.373514542849197,20.373514542849197,236
14.899999999999771,7.830483062988193,5.2879945535920605,7.877584218285447,5.503192741623216,22.02924850334854,22.02924850334854,237
14.91999999999977,7.815649731662112,5.274579178764249,7.866231035953089,5.505677651041119,23.656917008029566,23.656917008029566,237
14.93999999999977,7.80081640033603,5.261163803936438,7.861106172993128,5.50679934713142,25.292622791584527,25.292622791584527,237
14.95999999999977,7.783834140677763,5.250894061938629,7.861106172993128,5.50679934713142,26.731719355056487,26.731719355056487,237
14.97999999999977,7.765881233996298,5.24421047022537,7.861106172993128,5.50679934713142,27.932187039637736,27.932187039637736,237
14.999999999999769,7.750175324826424,5.2543763539079595,7.847044088828135,5.512085069461094,27.531316625120827,27.531316625120827,238
15.019999999999769,7.745530701802538,5.273829566418133,7.836567526990369,5.516023048795761,25.87380653218271,25.87380653218271,238
15.039999999999768,7.7456405363605745,5.29377465403555,7.834428799432868,5.516826963768473,24.00743396046038,24.00743396046038,238
15.059999999999768,7.746204327168177,5.3137667059543805,7.834428799432868,5.516826963768473,22.139789025622868,22.139789025622868,238
15.079999999999767,7.746768117975778,5.333758757873212,7.834428799432868,5.516826963768473,20.29737990067468,20.29737990067468,238
15.099999999999767,7.746629935857929,5.353750929384968,7.831634710340736,5.518270626245935,18.518245689075783,18.518245689075783,239
15.119999999999767,7.746072957049167,5.373743172245802,7.823041987649337,5.522710352725573,16.76766308452754,16.76766308452754,239
15.139999999999766,7.745230826001881,5.393724077386257,7.814228821072561,5.5272639791401135,15.031177160889003,15.031177160889003,239
15.159999999999766,7.74419876325983,5.413697430797651,7.806217991621584,5.53140305041178,13.304509602136172,13.304509602136172,239
15.179999999999765,7.74316675452894,5.433670786671083,7.806167686946986,5.531435467450115,11.63058480617771,11.63058480617771,240
15.199999999999765,7.742377386987226,5.453655203071971,7.796510440430489,5.537658732644479,9.993488107628075,9.993488107628075,240
15.219999999999764,7.741588019445512,5.473639619472859,7.786853193913992,5.5438819978388425,8.356391409078395,8.356391409078395,240
15.239999999999764,7.740798651903798,5.493624035873747,7.777195947397495,5.550105263033206,6.719294710528713,6.719294710528713,240
15.259999999999764,7.739613731955886,5.513569009425379,7.7709806004682065,5.5547589519365115,5.177346621909304,5.177346621909304,241
15.279999999999763,7.736441268596034,5.533315793371894,7.75945462880259,5.563536182873757,3.798534835487205,3.798534835487205,241
15.299999999999763,7.733268805236182,5.553062577318411,7.747928657136974,5.5723134138110035,2.4197230490651074,2.4197230490651074,241
15.319999999999762,7.73009634187633,5.572809361264926,7.737395383106707,5.5811996819687835,1.1120858078238052,1.1120858078238052,242
15.339999999999762,7.726923878516479,5.592556145211442,7.725811233979532,5.591277149217348,0.16952311401423736,0.16952311401423736,242
15.359999999999761,7.723751415156627,5.612302929157958,7.714227084852357,5.601354616465913,1.4511320358521547,1.4511320358521547,242
15.379999999999761,7.720578951796775,5.6320497131044736,7.702084035076003,5.6130071294601285,2.654584593416066,2.654584593416066,243
15.39999999999976,7.7158205107346935,5.651461710238468,7.689933536994829,5.624808177801274,3.715570213021161,3.715570213021161,243
15.41999999999976,7.710741177251186,5.670805969628874,7.676191575641917,5.638417550965377,4.7356991404450195,4.7356991404450195,244
15.43999999999976,7.705661843767678,5.69015022901928,7.664163745061842,5.651247962943276,5.688126670572259,5.688126670572259,244
15.45999999999976,7.70058251028417,5.709494488409685,7.652135914481768,5.664078374921175,6.6405542006993725,6.6405542006993725,244
15.479999999999759,7.695503176800662,5.728838747800092,7.638257313489379,5.679381904485976,7.565096309268683,7.565096309268683,245
15.499999999999758,7.6867857408866245,5.746836992494144,7.6256278479064905,5.694000400370574,8.082074820862525,7.925225269968278,245
15.519999999999758,7.678051501929472,5.764829020446528,7.612994276298915,5.7086236489428135,8.597375409167483,5.939405294720056,245
15.539999999999758,7.66931726297232,5.782821048398911,7.598623062583009,5.726014640350248,9.068978974545747,3.953585319471837,246
15.559999999999757,7.660497507401375,5.800766385743993,7.586400341628431,5.741225520850303,9.505527112092041,1.969384567522989,246
15.579999999999757,7.65008527355134,5.817842257207908,7.573977344056271,5.75668564075526,9.763477181805017,0.015336762690674468,246
15.599999999999756,7.639673039701305,5.834918128671824,7.55997514314802,5.774927897010305,9.975260703270251,1.8284129874990247,247
15.619999999999756,7.6292608058512705,5.85199400013574,7.548004667578199,5.790830848161422,10.170295554449785,3.46927197144074,247
15.639999999999755,7.6188485720012356,5.869069871599656,7.536034192008375,5.806733799312539,10.365330405629392,4.782019267723926,247
15.659999999999755,7.608436338151201,5.8861457430635715,7.522590207728747,5.825277743999596,10.52353145030745,5.824049357663729,248
15.679999999999755,7.598024104301166,5.903221614527487,7.511049912402471,5.8415537792386045,10.661815964294133,6.680280117358558,248
15.699999999999754,7.586517405219427,5.91957205640541,7.49948574916401,5.857863476959273,10.668860263874734,7.288736726656397,248
15.719999999999754,7.574846338735709,5.935813552861482,7.486499521239149,5.876549815542646,10.638303775868842,7.777416975515064,249
15.739999999999753,7.563175272251992,5.952055049317556,7.4753637322989315,5.893150380368464,10.573848198707037,8.16342335652024,249
15.759999999999753,7.551504205768275,5.968296545773629,7.464227943358714,5.909750945194281,10.509392621545283,8.516149111472277,249
15.779999999999752,7.539833139284557,5.984538042229701,7.4530921544184965,5.926351510020099,10.444937044383353,8.78770694430441,249
15.799999999999752,7.528253922091474,6.000845134328696,7.440925743649069,5.945233713085137,10.353183531067687,9.050644336160435,250
15.819999999999752,7.516678140268728,6.017154679852473,7.430196411122435,5.96208228563555,10.252832818746644,9.252349273999053,250
15.839999999999751,7.505102358445982,6.0334642253762505,7.419467078595801,5.978930858185965,10.152482106425671,9.448577496520215,250
15.85999999999975,7.4935265766232355,6.049773770900027,7.407624302152717,5.997597074420831,10.05067580548215,9.581071928851419,251
15.87999999999975,7.481950367590433,6.066083013192324,7.397268053905042,6.0146473159939315,9.907938835800154,9.713514087459547,251
15.89999999999975,7.470373722709595,6.082391946121947,7.386911825459901,6.031697524964685,9.765148554419593,9.765148554419593,251
15.91999999999975,7.4587970778287564,6.09870087905157,7.37655559701476,6.048747733935439,9.622358273038985,9.622358273038985,251
15.939999999999749,7.447220432947918,6.115009811981194,7.366199368569619,6.065797942906193,9.479567991658424,9.479567991658424,251
15.959999999999749,7.43564378806708,6.131318744910817,7.355843140124478,6.082848151876947,9.336777710277817,9.336777710277817,252
15.979999999999748,7.424067143186242,6.14762767784044,7.3454869116793375,6.0998983608477,9.19398742889733,9.19398742889733,252
15.999999999999748,7.412490498305404,6.1639366107700635,7.335130683234197,6.116948569818454,9.051197147516772,9.051197147516772,252
16.019999999999747,7.400913853424566,6.180245543699686,7.324774454789056,6.1339987787892065,8.90840686613621,8.90840686613621,252
16.039999999999747,7.389151425116979,6.19641856225706,7.3144284626507785,6.151032134986575,8.742682025616775,8.742682025616775,253
16.059999999999746,7.377112885510313,6.2123895848961626,7.304097683710122,6.168040444594837,8.542871846978247,8.542871846978247,253
16.079999999999746,7.365074345903648,6.228360607535266,7.293766904769464,6.1850487542031,8.343061668339798,8.343061668339798,253
16.099999999999746,7.353035806296982,6.2443316301743685,7.283436125828808,6.202057063811362,8.14325148970127,8.14325148970127,253
16.119999999999745,7.340997266690317,6.260302652813472,7.27310534688815,6.219065373419626,7.943441311062774,7.943441311062774,254
16.139999999999745,7.32935768849817,6.276562251526246,7.26275404742164,6.236107467455865,7.792711055103007,7.792711055103007,254
16.159999999999744,7.317957818558686,6.292995235593749,7.252390418593901,6.253169860212486,7.671469521806554,7.671469521806554,254
16.179999999999744,7.306557948619202,6.309428219661253,7.24202678976616,6.270232252969108,7.550227988510175,7.550227988510175,254
16.199999999999743,7.295158078679718,6.325861203728756,7.231663160938421,6.287294645725729,7.428986455213721,7.428986455213721,255
16.219999999999743,7.283758208740233,6.34229418779626,7.221299532110681,6.304357038482351,7.307744921917268,7.307744921917268,255
16.239999999999743,7.272358338800749,6.358727171863763,7.210935903282941,6.321419431238972,7.186503388620889,7.186503388620889,255
16.259999999999742,7.260958468861264,6.375160155931267,7.200572274455201,6.338481823995594,7.065261855324437,7.065261855324437,255
16.279999999999742,7.24955859892178,6.39159313999877,7.190208645627461,6.3555442167522145,6.944020322028105,6.944020322028105,256
16.29999999999974,7.238030396026876,6.4079361574826015,7.179850349052117,6.372597830635512,6.80713978873426,6.80713978873426,256
16.31999999999974,7.226469186691586,6.424256036118964,7.169493423899025,6.389649186647026,6.66623700161307,6.66623700161307,256
16.33999999999974,7.2149079773562965,6.4405759147553265,7.159136498745933,6.406700542658541,6.525334214491959,6.525334214491959,256
16.35999999999974,7.2033467680210075,6.456895793391689,7.148779573592841,6.423751898670055,6.384431427370847,6.384431427370847,257
16.37999999999974,7.19199214407421,6.4733565279301235,7.1384158257481225,6.44081448737295,6.268497658133917,6.268497658133917,257
16.39999999999974,7.181023256511429,6.49008026870888,7.128039338568754,6.457898049765162,6.199186056812231,6.199186056812231,257
16.41999999999974,7.170054368948648,6.506804009487636,7.117662851389387,6.474981612157374,6.129874455490468,6.129874455490468,257
16.43999999999974,7.159085481385866,6.5235277502663935,7.107286364210018,6.4920651745495865,6.0605628541688255,6.0605628541688255,258
16.459999999999738,7.148116593823085,6.54025149104515,7.09690987703065,6.509148736941799,5.991251252847061,5.991251252847061,258
16.479999999999738,7.137147706260303,6.556975231823906,7.086533389851282,6.526232299334011,5.921939651525298,5.921939651525298,258
16.499999999999737,7.126178818697523,6.573698972602663,7.076156902671914,6.5433158617262235,5.852628050203609,5.852628050203609,258
16.519999999999737,7.115209931134741,6.590422713381419,7.065780415492546,6.560399424118436,5.7833164488818465,5.7833164488818465,259
16.539999999999736,7.104241043571959,6.607146454160175,7.0554039283131775,6.577482986510648,5.714004847560158,5.714004847560158,259
16.559999999999736,7.093272156009178,6.623870194938933,7.04502744113381,6.594566548902861,5.644693246238395,5.644693246238395,259
16.579999999999735,7.082303268446396,6.640593935717689,7.034650953954441,6.611650111295074,5.575381644916708,5.575381644916708,259
16.599999999999735,7.0713343808836155,6.6573176764964455,7.024274466775073,6.628733673687286,5.506070043595019,5.506070043595019,260
16.619999999999735,7.060365493320834,6.674041417275202,7.013897979595705,6.645817236079498,5.4367584422732556,5.4367584422732556,260
16.639999999999734,7.049396605758052,6.690765158053958,7.003521492416337,6.6629007984717115,5.367446840951446,5.367446840951446,260
16.659999999999734,7.038427718195271,6.707488898832715,6.993145005236969,6.679984360863924,5.298135239629683,5.298135239629683,260
16.679999999999733,7.02745883063249,6.724212639611472,6.982768518057601,6.697067923256136,5.228823638308041,5.228823638308041,261
16.699999999999733,7.0164899430697085,6.740936380390228,6.9723920308782334,6.714151485648348,5.1595120369862775,5.1595120369862775,261
16.719999999999732,7.005521055506927,6.757660121168985,6.962015543698865,6.731235048040561,5.090200435664589,5.090200435664589,261
16.739999999999732,6.994552167944145,6.774383861947741,6.951639056519497,6.748318610432773,5.020888834342826,5.020888834342826,261
16.75999999999973,6.983583280381365,6.791107602726497,6.941262569340129,6.7654021728249845,4.951577233021184,4.951577233021184,261
16.77999999999973,6.973734280114643,6.808470697758484,6.93090421214788,6.782455886506284,5.011172643728344,5.011172643728344,262
16.79999999999973,6.964909001277972,6.826418245040911,6.9205624281022375,6.799482314615962,5.188605689670863,5.188605689670863,262
16.81999999999973,6.956083722441301,6.84436579232334,6.910220644056595,6.816508742725641,5.366038735613384,5.366038735613384,262
16.83999999999973,6.94725844360463,6.862313339605768,6.899878860010953,6.833535170835319,5.543471781555906,5.543471781555906,262
16.85999999999973,6.937322815077091,6.879661901266735,6.88950360477077,6.850616704996826,5.594908668314172,5.594908668314172,263
16.87999999999973,6.927170444904991,6.896893540187297,6.879121815911663,6.867708995928381,5.621750947648897,5.621750947648897,263
16.89999999999973,6.917018074732892,6.9141251791078595,6.868740027052557,6.884801286859936,5.648593226983619,5.648593226983619,263
16.919999999999728,6.906865704560793,6.931356818028422,6.858358238193452,6.901893577791492,5.675435506318221,5.675435506318221,263
16.939999999999728,6.896713334388693,6.948588456948985,6.847976449334346,6.918985868723047,5.702277785652915,5.702277785652915,264
16.959999999999727,6.886555237063147,6.965816216098823,6.837594838453032,6.936077866636873,5.728429157092224,5.728429157092224,264
16.979999999999727,6.874317848584996,6.981635391906518,6.82727784390362,6.953063482003451,5.503740615193258,5.503740615193258,264
16.999999999999726,6.862080460106844,6.997454567714214,6.816960849354209,6.97004909737003,5.279052073294244,5.279052073294244,264
17.019999999999726,6.849843071628692,7.01327374352191,6.807682818802496,6.984419866659262,5.108848332426457,5.108848332426457,265
17.039999999999726,6.8376056831505405,7.029092919329605,6.796406330109016,7.000896668600712,4.99240948461441,4.99240948461441,265
17.059999999999725,6.8243878750081,7.044069519200302,6.785209816562134,7.017256613718503,4.7474752911114635,4.7474752911114635,265
17.079999999999725,6.810588673214836,7.0585464674239,6.774060728667911,7.033547262168952,4.426342729841692,4.426342729841692,265
17.099999999999724,6.7967894714215715,7.0730234156475,6.76397796366498,7.04772962299671,4.142910797883529,4.142910797883529,266
17.119999999999724,6.782990269628308,7.087500363871098,6.751834193696822,7.063482713409273,3.9338894254350323,3.9338894254350323,266
17.139999999999723,6.7691910678350435,7.101977312094697,6.7396904237286615,7.079235803821836,3.7248680529866065,3.7248680529866065,266
17.159999999999723,6.755391866041779,7.116454260318296,6.727546653760503,7.0949888942344,3.5158466805379853,3.5158466805379853,266
17.179999999999723,6.741382297568657,7.1307111050363785,6.716397005693233,7.108999454203416,3.3100764220672887,3.3100764220672887,267
17.199999999999722,6.72629622480958,7.143841619447772,6.703405348692789,7.123949968312121,3.0326061305364678,3.0326061305364678,267
17.21999999999972,6.711210152050504,7.156972133859167,6.690413691692346,7.1389004824208255,2.755135839005705,2.755135839005705,267
17.23999999999972,6.696124079291428,7.170102648270562,6.677422034691902,7.15385099652953,2.4776655474749423,2.4776655474749423,267
17.25999999999972,6.681038006532352,7.183233162681956,6.66505714550226,7.167548902449166,2.2391604192486616,2.2391604192486616,268
17.27999999999972,6.665951933773275,7.196363677093351,6.65109129964729,7.181778852632557,2.082199681055037,2.082199681055037,268
17.29999999999972,6.650865861014199,7.209494191504745,6.637125453792321,7.196008802815948,1.9252389428612868,1.7819470781021534,268
17.31999999999972,6.635779788255124,7.2226247059161395,6.623159607937352,7.210238752999338,1.7682782046677243,1.3234946169625637,268
17.33999999999972,6.6206937154960475,7.235755220327534,6.609524833827013,7.223335335838072,1.6703216710217283,0.8650421558229735,269
17.35999999999972,6.604580540985571,7.247533020407446,6.594760232962118,7.236612760446202,1.4686406207668838,0.5741430845113609,269
17.37999999999972,6.5878802410713755,7.258537564140646,6.580055478634359,7.249836366607622,1.17020402368328,0.3790230842736877,269
17.399999999999718,6.57117994115718,7.2695421078738445,6.565350724306598,7.263059972769041,0.8717674265997354,0.1839030840360516,269
17.419999999999717,6.554479641242983,7.280546651607044,6.550391743037968,7.275371982427755,0.6594551755020629,0.06812148256021498,270
17.439999999999717,6.537779341328787,7.291551195340244,6.534755926944138,7.287724003847736,0.487733833782566,0.22618265730861092,270
17.459999999999717,6.521079041414591,7.302555739073442,6.519120110850307,7.3000760252677175,0.31601249206305443,0.02548106809383161,270
17.479999999999716,6.504378741500395,7.313560282806642,6.5034842947564755,7.3124280466877,0.14429115034354287,0.14429115034354287,270
17.499999999999716,6.487678441586199,7.3245648265398415,6.4871183177808325,7.323752460931915,0.09867505045760756,0.09867505045760756,271
17.519999999999715,6.470649703170158,7.334963603338452,6.470716961391118,7.335061150104068,0.01184864539466042,0.01184864539466042,271
17.539999999999715,6.452315367775566,7.342954357097553,6.454556032418797,7.346204065247101,0.39473004826924335,0.39473004826924335,271
17.559999999999715,6.4339810323809745,7.350945110856655,6.437766952560876,7.357291476893972,0.7389827703553363,0.7389827703553363,272
17.579999999999714,6.415646696986382,7.358935864615756,6.420729039012161,7.367455432195038,0.9920344359191989,0.9920344359191989,272
17.599999999999714,6.397312361591791,7.366926618374857,6.403691125463447,7.377619387496102,1.245086101482909,1.245086101482909,272
17.619999999999713,6.378978026197198,7.374917372133958,6.386653211914732,7.387783342797167,1.4981377670467717,1.4981377670467717,272
17.639999999999713,6.360643690802606,7.382908125893059,6.368195169293955,7.3977125816621045,1.661916778972191,1.661916778972191,273
17.659999999999712,6.342309355408014,7.390898879652161,6.350411824350676,7.406783536308354,1.7831778376032486,1.7831778376032486,273
17.679999999999712,6.323975020013422,7.398889633411262,6.332628479407397,7.415854490954603,1.9044388962343457,1.9044388962343457,273
17.69999999999971,6.30564068461883,7.4068803871703635,6.313572866746613,7.425361533070531,2.0111495893931033,2.0111495893931033,274
17.71999999999971,6.287306349224238,7.414871140929464,6.295194465038824,7.4332496169778395,1.9999768822789394,1.9999768822789394,274
17.73999999999971,6.2689720138296465,7.422861894688566,6.276816063331037,7.441137700885147,1.988804175164647,1.988804175164647,274
17.75999999999971,6.249426733752571,7.427066949556949,6.258787169205215,7.448875774733003,2.3732732826685283,2.3732732826685283,274
17.77999999999971,6.229858493242994,7.431200224694093,6.238836175605247,7.456621132915067,2.6959624540721325,2.6959624540721325,275
17.79999999999971,6.210290252733417,7.435333499831238,6.220140056969476,7.463223879483361,2.9578571984263524,2.9578571984263524,275
17.81999999999971,6.19072201222384,7.439466774968381,6.201443938333705,7.469826626051655,3.2197519427806554,3.2197519427806554,275
17.83999999999971,6.171011564315121,7.442752762568706,6.182887429026226,7.476380068000566,3.5662751341477255,3.5662751341477255,275
17.859999999999708,6.151166151240871,7.445234612667401,6.161647760911564,7.4824951528256625,3.8706743523243485,3.8706743523243485,276
17.879999999999708,6.131320738166622,7.447716462766097,6.1426106524213075,7.487850403705171,4.169167038125546,4.169167038125546,276
17.899999999999707,6.111475325092373,7.450198312864792,6.123573543931051,7.49320565458468,4.467659723926804,4.467659723926804,276
17.919999999999707,6.091629912018123,7.452680162963487,6.101461554146362,7.498821269424434,4.717693178215618,4.717693178215618,277
17.939999999999706,6.071784498943874,7.455162013062183,6.081972173265179,7.502974022421091,4.888534491044593,4.888534491044593,277
17.959999999999706,6.051939085869624,7.457643863160878,6.062482792383996,7.507126775417747,5.059375803873675,5.059375803873675,277
17.979999999999706,6.032093672795375,7.460125713259573,6.042993411502812,7.511279528414403,5.230217116702651,5.230217116702651,277
17.999999999999705,6.012248259721125,7.462607563358269,6.0200043216071,7.5150174764485556,5.2980708622200385,5.2980708622200385,278
18.019999999999705,5.9924028466468755,7.465089413456964,6.000224806273264,7.517944616295927,5.343084801446476,5.343084801446476,278
18.039999999999704,5.972557433572626,7.4675712635556595,5.980445290939428,7.520871756143298,5.388098740672725,5.388098740672725,278
18.059999999999704,5.952712020498376,7.470053113654354,5.957322194970472,7.523905023244554,5.40488841251527,5.40488841251527,279
18.079999999999703,5.932758253234704,7.469744825897235,5.937539800809878,7.525598561862778,5.605803259589304,5.605803259589304,279
18.099999999999703,5.912780135554797,7.468809510994228,5.917786521630411,7.527289607994779,5.869400009142295,5.869400009142295,279
18.119999999999703,5.892802017874891,7.467874196091219,5.898033242450946,7.528980654126779,6.1329967586953815,6.1329967586953815,279
18.139999999999702,5.872823900194985,7.466938881188211,5.874440924017863,7.53021194544193,6.329372343367819,6.329372343367819,280
18.1599999999997,5.852845782515078,7.466003566285203,5.854499733556568,7.530721567986891,6.473913266570152,6.473913266570152,280
18.1799999999997,5.832867664835171,7.4650682513821955,5.834558543095273,7.5312311905318525,6.6184541897724865,6.6184541897724865,280
18.1999999999997,5.812889547155264,7.464132936479187,5.814617352633978,7.531740813076813,6.762995112974821,6.762995112974821,280
18.2199999999997,5.7929114294753585,7.463197621576179,5.790699692973135,7.53123278698477,6.80711062825454,6.80711062825454,281
18.2399999999997,5.772933311795452,7.462262306673171,5.770712292427066,7.530583022071188,6.835680711919983,6.835680711919983,281
18.2599999999997,5.752955194115545,7.4613269917701635,5.750724891880997,7.529933257157604,6.86425079558534,6.86425079558534,281
18.2799999999997,5.732977076435638,7.460391676867155,5.726884144375425,7.528933632388872,6.881223356229238,6.881223356229238,282
18.2999999999997,5.712998958755732,7.459456361964147,5.706980165516804,7.527164298701346,6.797492603351291,6.797492603351291,282
18.3199999999997,5.693025782261443,7.458465959751197,5.687076230594645,7.525394968919485,6.719292695875516,6.719292695875516,282
18.339999999999698,5.673200119908916,7.455830981139598,5.667173607351501,7.523625755737317,6.806210631739419,6.806210631739419,282
18.359999999999697,5.65337445755639,7.453196002527999,5.646925631320665,7.521808429878336,6.891482095111151,6.891482095111151,283
18.379999999999697,5.633548795203863,7.450561023916401,5.627028083754217,7.51993827556769,6.968301604046628,6.968301604046628,283
18.399999999999697,5.613723132851336,7.4479260453048015,5.60713053618777,7.518068121257045,7.045121112982184,7.045121112982184,283
18.419999999999696,5.593897470498809,7.445291066693203,5.587232988621322,7.5161979669463985,7.12194062191757,6.7880435578214255,283
18.439999999999696,5.574071808146282,7.442656088081605,5.567335441054874,7.514327812635753,7.198760130853047,6.474232949354144,284
18.459999999999695,5.554246145793756,7.440021109470005,5.547437893488427,7.512457658325108,7.275579639788613,6.160422340886689,284
18.479999999999695,5.534420483441229,7.437386130858407,5.527540345921979,7.510587504014462,7.352399148724088,5.84661173241941,284
18.499999999999694,5.5145936305475525,7.434760204264959,5.507642461581257,7.508717318050676,7.428306287109774,5.533703006828043,284
18.519999999999694,5.494760866707198,7.43217922025635,5.487742905181763,7.506846974931447,7.4996835747870065,5.22527206143897,285
18.539999999999694,5.474928102866843,7.429598236247739,5.467843348782267,7.504976631812218,7.5710608624643445,4.916841116049715,285
18.559999999999693,5.455095339026489,7.4270172522391285,5.447943792382771,7.503106288692988,7.642438150141594,4.60841017066055,285
18.579999999999693,5.435262575186134,7.424436268230519,5.4280442359832755,7.501235945573758,7.713815437818843,4.299979225271387,285
18.599999999999692,5.4154298113457795,7.421855284221908,5.408144679583779,7.499365602454529,7.785192725496187,3.991548279882135,286
18.619999999999692,5.395597047505425,7.4192743002132975,5.388245123184283,7.497495259335299,7.856570013173436,3.6831173344929713,286
18.63999999999969,5.37576428366507,7.416693316204688,5.368345566784788,7.4956249162160695,7.9279473008506764,3.3746863891038057,286
18.65999999999969,5.355931519824716,7.414112332196077,5.348446010385292,7.493754573096839,7.999324588527926,3.0662554437145513,286
18.67999999999969,5.336098755984361,7.411531348187467,5.328546453985796,7.491884229977609,8.070701876205087,2.757824498325477,286
18.69999999999969,5.3162659921440065,7.408950364178857,5.308646897586301,7.49001388685838,8.142079163882416,2.4493935529362236,287
18.71999999999969,5.296434838842577,7.40635704212743,5.288747788134798,7.488143585747429,8.21469991289393,2.139733296050713,287
18.73999999999969,5.2766040961598435,7.403760574401616,5.268848792635961,7.486273295346796,8.287637691480372,1.8297596171948947,287
18.75999999999969,5.25677335347711,7.401164106675803,5.248949797137122,7.484403004946163,8.36057547006682,1.519785938339163,287
18.77999999999969,5.236942610794376,7.398567638949989,5.229050801638283,7.482532714545529,8.433513248653277,1.2098122594833423,288
18.799999999999688,5.217111868111642,7.395971171224176,5.209151806139445,7.480662424144897,8.506451027239718,0.8998385806275214,288
18.819999999999688,5.197281125428908,7.3933747034983615,5.189252810640607,7.478792133744263,8.579388805826166,0.5898649017717896,288
18.839999999999687,5.177425386475648,7.390982447929356,5.1693480634163045,7.476921302743633,8.631761068631564,0.3002422975368836,288
18.859999999999687,5.157553854022656,7.388719220594408,5.149439682054883,7.475050130173409,8.671139334286105,0.023478199184171954,289
18.879999999999686,5.137682321569663,7.386455993259459,5.1295313006934595,7.473178957603187,8.710517599940742,0.25328589916863076,289
18.899999999999686,5.117810789116671,7.384192765924512,5.109622919332037,7.471307785032964,8.74989586559529,0.5300499975213446,289
18.919999999999686,5.097939256663679,7.381929538589564,5.0897145379706155,7.469436612462742,8.78927413124992,0.8068140958741452,289
18.939999999999685,5.078067724210686,7.379666311254616,5.069806156609191,7.467565439892519,8.828652396904477,1.083578194226859,290
18.959999999999685,5.058196191757694,7.377403083919668,5.04989777524777,7.465694267322297,8.868030662559107,1.3603422925795707,290
18.979999999999684,5.038324659304701,7.37513985658472,5.029989393886346,7.463823094752073,8.907408928213568,1.6371063909322845,290
18.999999999999684,5.018453126851709,7.372876629249772,5.010081012524924,7.461951922181851,8.946787193868204,1.913870489285085,290
19.019999999999683,4.998581485917629,7.3706143581605765,4.990172612722087,7.460080747878335,8.986069239410817,2.1905392697287818,291
19.039999999999683,4.9787079585150655,7.3683687160297975,4.970263892226032,7.4582095434331235,9.023678032824426,2.465550487206521,291
19.059999999999683,4.958834431112502,7.366123073899018,4.950355171729978,7.456338338987913,9.061286826238112,2.74056170468426,291
19.079999999999682,4.938960903709938,7.363877431768239,4.930446451233923,7.4544671345427025,9.098895619651806,3.015572922161999,292
19.09999999999968,4.919087376307374,7.36163178963746,4.910537730737869,7.452595930097491,9.136504413065403,3.2905841396397357,292
19.11999999999968,4.89921384890481,7.359386147506681,4.890629010241815,7.450724725652281,9.174113206479092,3.5655953571174743,292
19.13999999999968,4.879340321502246,7.357140505375902,4.870720289745761,7.448853521207069,9.211721999892688,3.840606574595214,292
19.15999999999968,4.859466794099682,7.354894863245123,4.850811569249706,7.446982316761859,9.249330793306383,3.844635749221444,293
19.17999999999968,4.839514626408307,7.3536423530674755,4.83091742337753,7.44511248217369,9.187326280621583,3.760743404836606,293
19.19999999999968,4.819535342731918,7.35273228505993,4.811028302986422,7.4432431199264,9.090974069623613,3.711144101031236,293
19.21999999999968,4.799556059055529,7.3518222170523835,4.791139182595316,7.44137375767911,8.994621858625724,3.661519795774823,294
19.23999999999968,4.77957677537914,7.350912149044837,4.771250062204208,7.43950439543182,8.898269647627844,3.6117124303023433,294
19.25999999999968,4.759597491702751,7.3500020810372915,4.7513609418131,7.43763503318453,8.801917436629875,3.5619050648299533,294
19.279999999999678,4.739618208026362,7.349092013029745,4.731471821421992,7.43576567093724,8.705565225632,3.5120976993574735,295
19.299999999999677,4.7196438964292025,7.348910539282043,4.7116555099007735,7.433903151936406,8.536719818022664,3.5295749129133247,295
19.319999999999677,4.699678893939052,7.35009319543168,4.691975516714303,7.4320534453849705,8.23214710332162,3.677617252013368,295
19.339999999999677,4.679713891448901,7.351275851581318,4.672295523527833,7.430203738833535,7.927574388620467,3.8256595911134115,296
19.359999999999676,4.659748888958751,7.3524585077309546,4.652615530341362,7.4283540322821,7.623001673919422,3.972509850224166,296
19.379999999999676,4.639835674415131,7.354233271235886,4.6330420359829585,7.4265143354688865,7.259962651282879,4.167101122823102,296
19.399999999999675,4.619968505402289,7.3565344873089975,4.613563231516588,7.424683538481602,6.84494025487232,4.414296116085387,297
19.419999999999675,4.6001826322469155,7.359188934540015,4.594197920221936,7.42286340862521,6.3955104784904275,4.345463682017144,297
19.439999999999674,4.581308301836354,7.365804042366268,4.576105169184189,7.421162885672233,5.560282476251063,3.7321462301423836,298
19.459999999999674,4.562433971425792,7.3724191501925205,4.55801241814644,7.4194623627192575,4.725054474011804,3.1188287782676283,298
19.479999999999674,4.5449509791628895,7.381910664144318,4.5415668055613025,7.417916652969621,3.616467699639488,2.2144268098271294,299
19.499999999999673,4.528262303589604,7.392928419495678,4.526050748193155,7.416458311358709,2.363359448660974,1.1554308268857303,299
19.519999999999673,4.511709791605563,7.404154030704792,4.510689027214646,7.415014475699517,1.0908309925246216,0.07530983996372595,299
19.539999999999672,4.494835252880551,7.414810434854683,4.494955068522426,7.413535653720401,0.12803994409400188,0.12803994409400188,300
19.559999999999672,4.4766875138431805,7.4232163594220015,4.477749389898072,7.411918505981994,1.1347646148335806,1.1347646148335806,300
19.57999999999967,4.457341927010066,7.427713553588835,4.458992191164825,7.410155532130595,1.7635404427131594,1.7635404427131594,301
19.59999999999967,4.438847370503194,7.4234367733331466,4.440261133112882,7.408395015220568,1.51080512255506,1.51080512255506,302
19.61436884235207,4.436489304346697,7.411169389713449,4.4367808106034134,7.408067902538878,0.31151562708366237,0.31151562708366237,302
