robot_distance_meters,robot_x_meters,robot_y_meters,matched_gui_x_meters,matched_gui_y_meters,deviation_cm,nearest_curve_lower_bound_cm,gui_segment_index
0,4.42627,7.40708,4.431068448860526,7.40695798142392,0.47999999999997456,0,0
0.02,4.446266330583958,7.406699210170822,4.446263085635171,7.406571600741915,0.01276506797414639,0.01276506797414639,1
0.04,4.466261592682057,7.40626395956055,4.466256487449844,7.4060631934437815,0.020083101612629287,0.020083101612629287,2
0.06,4.486256577671633,7.405816116644105,4.486249932334802,7.405554785050422,0.026141607134634696,0.026141607134634696,3
0.08,4.506251420097152,7.405361942383067,4.506243395641995,7.40504637618861,0.0315668203917889,0.0315668203917889,4
0.1,4.526246177297655,7.404904030273762,4.526236868766648,7.404537967077151,0.03661815296580147,0.03661815296580147,4
0.12000000000000001,4.546240877919097,7.404443654317692,4.546230347960868,7.404029557811351,0.04142303665642904,0.04142303665642904,5
0.14,4.566235526731472,7.403981033095535,4.5662238324369255,7.40352114841124,0.04600333459369747,0.04600333459369747,6
0.16,4.586230131051086,7.403516492810823,4.58621732121681,7.4030127389016895,0.05039167518761875,0.05039167518761875,6
0.18,4.606224697461144,7.403050323741811,4.606210813502825,7.402504329302981,0.05461709361835468,0.05461709361835468,7
0.19999999999999998,4.626219220563577,7.4025823006092635,4.626204309625261,7.401995919606717,0.058657055520073546,0.058657055520073546,7
0.21999999999999997,4.6462137062166775,7.402112680902216,4.64619780889523,7.4014875098304165,0.06253731636746278,0.06253731636746278,8
0.23999999999999996,4.666208168332602,7.401642060036381,4.666191310085002,7.400979100005297,0.06631743385620606,0.06631743385620606,8
0.25999999999999995,4.68620259341865,7.4011698678314355,4.6861848142002005,7.400470690105787,0.06994037408046795,0.06994037408046795,8
0.27999999999999997,4.706196979570969,7.400696030196985,4.706178321221014,7.399962280132391,0.07339872555532119,0.07339872555532119,9
0.3,4.726191340187244,7.400221116706153,4.7261718300622935,7.399453870112704,0.07674946124470738,0.07674946124470738,9
0.32,4.74618566387626,7.399744651251006,4.746165341439195,7.398945460028538,0.07994495678389911,0.07994495678389911,10
0.34,4.766179959336186,7.399267001733891,4.76615885469501,7.398437049896594,0.08302201262993368,0.08302201262993368,10
0.36000000000000004,4.786174227873218,7.398788227408267,4.786152369629326,7.397928639721968,0.08598655553415027,0.08598655553415027,10
0.38000000000000006,4.806168462040205,7.398308019903188,4.806145886636224,7.397420229494639,0.08880773943617479,0.08880773943617479,11
0.4000000000000001,4.826162668200445,7.397826646844318,4.826139405273902,7.39691181922584,0.09151233442988842,0.09151233442988842,11
0.4200000000000001,4.846156852762953,7.3973443784825,4.84613292507953,7.396403408927343,0.09412737315820184,0.09412737315820184,11
0.4400000000000001,4.866151006609619,7.39686083780402,4.866126446521687,7.395894998587231,0.09661514325442805,0.09661514325442805,12
0.46000000000000013,4.886145126089844,7.396375877794887,4.886119969688097,7.395386588203272,0.09896093879037178,0.09896093879037178,12
0.48000000000000015,4.906139222387204,7.395889964011147,4.90611349392425,7.394878177792112,0.10121132875497822,0.10121132875497822,12
0.5000000000000001,4.926133292026128,7.395402953463146,4.926107019390521,7.394369767349672,0.10335200996866803,0.10335200996866803,12
0.5200000000000001,4.946127343507692,7.394915198997267,4.946100545615846,7.393861356887929,0.1054182772777302,0.1054182772777302,13
0.5400000000000001,4.966121364376662,7.3944261903151505,4.966094073120906,7.3933529463936445,0.10735908567467947,0.10735908567467947,13
0.5600000000000002,4.986115363004498,7.393936273730013,4.9860876014711275,7.3928445358778685,0.10920907657058868,0.10920907657058868,13
0.5800000000000002,5.0061093412061615,7.3934455238523435,5.006081130584273,7.392336125342692,0.11097571321709777,0.11097571321709777,14
0.6000000000000002,5.026103284721799,7.3929533626048975,5.026074660899992,7.3918277147769365,0.11260117032111047,0.11260117032111047,14
0.6200000000000002,5.046097218831421,7.392460819907729,5.0460681915092955,7.391319304203715,0.1141884708690353,0.1141884708690353,14
0.6400000000000002,5.066091119890514,7.391966936885949,5.066061723150188,7.390810893604261,0.1156416982527769,0.1156416982527769,14
0.6600000000000003,5.086085007730838,7.391472519708024,5.086055255155002,7.390302482995554,0.11704149368056085,0.11704149368056085,15
0.6800000000000003,5.1060788639616685,7.3909768252246,5.106048788030047,7.389794072364717,0.11831351948209803,0.11831351948209803,15
0.7000000000000003,5.126072720192498,7.390481130741176,5.126042320905092,7.38928566173388,0.11958554528372171,0.11958554528372171,15
0.7200000000000003,5.146066539281733,7.389983940591526,5.1460358546708935,7.388777251080393,0.12070795837978575,0.12070795837978575,15
0.7400000000000003,5.166060342803021,7.389486125175697,5.166029388768274,7.3882688404184735,0.1217678254891677,0.1217678254891677,16
0.7600000000000003,5.186054118447333,7.388987190826372,5.186022923441391,7.387760429741914,0.12271576454292149,0.12271576454292149,16
0.7800000000000004,5.206047894091645,7.388488256477046,5.206016458114508,7.387252019065356,0.12366370359658645,0.12366370359658645,16
0.8000000000000004,5.2260416346878555,7.3879879199974345,5.226009993393558,7.386743608373388,0.12447138583794007,0.12447138583794007,17
0.8200000000000004,5.246035368539134,7.387487313680824,5.24600352878922,7.386235197678455,0.1252520759533423,0.1252520759533423,17
0.8400000000000004,5.266029080094883,7.386985817979381,5.265997064505093,7.38572678697538,0.12594379964992447,0.12594379964992447,17
0.8600000000000004,5.286022782851435,7.386483971343749,5.2859906003455075,7.385218376269138,0.12660041890007284,0.12660041890007284,17
0.8800000000000004,5.306016453015861,7.385980827869031,5.305984136570549,7.384709965553115,0.1271273132986697,0.1271273132986697,18
0.9000000000000005,5.3260101231802865,7.3854776843943135,5.325977672795591,7.384201554837092,0.12765420769726654,0.12765420769726654,18
0.9200000000000005,5.346003779141921,7.38497397731355,5.345971209149558,7.383693144117791,0.1281247236001225,0.1281247236001225,18
0.9400000000000005,5.365997414344269,7.384469446446871,5.365964745691966,7.383184733393698,0.12851283476121927,0.12851283476121927,18
0.9600000000000005,5.385991028929496,7.383964099605502,5.385958282366387,7.3826763226662475,0.1288193224121206,0.1288193224121206,19
0.9800000000000005,5.4059846315286215,7.383458278383873,5.405951819117556,7.382167911936846,0.129078356897431,0.129078356897431,19
1.0000000000000004,5.425978234127746,7.3829524571622445,5.425945355868724,7.381659501207444,0.12933739138274142,0.12933739138274142,19
1.0200000000000005,5.44597180870647,7.382445529683347,5.445938892730164,7.381151090475239,0.1294857646609412,0.1294857646609412,20
1.0400000000000005,5.46596537839176,7.3819384092519345,5.465932429604705,7.3806426797427,0.1296148364836623,0.1296148364836623,20
1.0600000000000005,5.485958922370079,7.3814302762112565,5.485925966521639,7.380134269009083,0.1296426147542092,0.1296426147542092,20
1.0800000000000005,5.505952466348398,7.3809221431705785,5.505919503438571,7.379625858275467,0.12967039302475833,0.12967039302475833,20
1.1000000000000005,5.52594600193609,7.380413680335611,5.5259130403511385,7.379117447541961,0.12966518119435289,0.12966518119435289,21
1.1200000000000006,5.54593951831642,7.379904462553618,5.545906577253713,7.37860903680871,0.12958445023165255,0.12958445023165255,21
1.1400000000000006,5.565933022862953,7.3793947806478,5.5659001141246005,7.378100626076264,0.12945729180270144,0.12945729180270144,21
1.1600000000000006,5.585926510795265,7.378884447128921,5.5858936509510055,7.377592215344949,0.1292649508904826,0.1292649508904826,22
1.1800000000000006,5.605919998727577,7.378374113610041,5.60588718777741,7.377083804613634,0.1290726099782637,0.1290726099782637,22
1.2000000000000006,5.625913469823024,7.377863121251017,5.625880724520486,7.376575393884439,0.12881436354197906,0.12881436354197906,22
1.2200000000000006,5.645906926787422,7.37735157593261,5.645874261193628,7.3760669831570205,0.12850080311479928,0.12850080311479928,22
1.2400000000000007,5.665900380651713,7.376839909573879,5.665867797844582,7.375558572430168,0.1281751346858491,0.1281751346858491,23
1.2600000000000007,5.685893810455836,7.376327303811503,5.685861334323342,7.375050161707693,0.12775549508748715,0.12775549508748715,23
1.2800000000000007,5.705887240259958,7.375814698049127,5.705854870802103,7.374541750985219,0.1273358554891252,0.1273358554891252,23
1.3000000000000007,5.725880652729483,7.375301416858547,5.725848407121666,7.374033340266792,0.12684865083160524,0.12684865083160524,23
1.3200000000000007,5.745874055977053,7.374787776342179,5.745841943356536,7.37352492955052,0.12632550176434168,0.12632550176434168,24
1.3400000000000007,5.765867454709005,7.374273960243197,5.7658354795406686,7.373016518835537,0.12578478863070372,0.12578478863070372,24
1.3600000000000008,5.78586082978082,7.373759224157709,5.785829015458947,7.372508108127315,0.12515204643094166,0.12515204643094166,24
1.3800000000000008,5.805854204852635,7.373244488072222,5.805822551377226,7.371999697419092,0.12451930423135717,0.12451930423135717,25
1.4000000000000008,5.825847561689217,7.37272904445724,5.825816087052021,7.371491286717061,0.12381578559129895,0.12381578559129895,25
1.4200000000000008,5.845840908155242,7.372213198463249,5.845809622588346,7.3709828760185525,0.12307201569079568,0.12307201569079568,25
1.4400000000000008,5.865834252524383,7.371697271272673,5.865803158092537,7.37047446532086,0.12232012342543787,0.12232012342543787,25
1.4600000000000009,5.885827574344593,7.371180470930659,5.885796693251173,7.369966054631955,0.1214808869118412,0.1214808869118412,26
1.4800000000000009,5.905820895498673,7.370663644846917,5.905790228398265,7.369457643943343,0.12063907536401816,0.12063907536401816,26
1.5000000000000009,5.92581418751934,7.370145692941501,5.925783763040515,7.368949233267568,0.11968464397153827,0.11968464397153827,26
1.520000000000001,5.945807479540008,7.369627741036084,5.945777297682765,7.3684408225917934,0.11873021257896958,0.11873021257896958,26
1.540000000000001,5.965800771560675,7.369109789130668,5.965770832325014,7.367932411916019,0.11777578118640092,0.11777578118640092,27
1.560000000000001,5.985794035874206,7.368590768943712,5.985764366425546,7.36742400125402,0.11671448572874528,0.11671448572874528,27
1.580000000000001,6.0057872969167185,7.368071622638748,6.005757900462125,7.366915590593647,0.11564057423077882,0.11564057423077882,27
1.600000000000001,6.025780533773043,7.367551545940022,6.025751433971611,7.366407179946678,0.11447359194005449,0.11447359194005449,28
1.620000000000001,6.045773764085568,7.367031217514587,6.045744967338486,7.365898769303334,0.11328142847841019,0.11328142847841019,28
1.640000000000001,6.065766988770614,7.366510673205821,6.065738500567615,7.365390358663494,0.11206766935466378,0.11206766935466378,28
1.660000000000001,6.085760175341019,7.365988666729825,6.085732032863798,7.364881948047377,0.1107076438690286,0.1107076438690286,28
1.680000000000001,6.1057533619114235,7.365466660253829,6.10572556515998,7.36437353743126,0.10934761838339567,0.10934761838339567,29
1.700000000000001,6.125746548481828,7.364944653777833,6.125719097456162,7.363865126815143,0.10798759289776053,0.10798759289776053,29
1.720000000000001,6.145739694234329,7.364421086532722,6.145712628623585,7.363356716227729,0.10647143717619702,0.10647143717619702,29
1.740000000000001,6.165732835648152,7.363897353387969,6.165706159671028,7.362848305643367,0.10493868582226185,0.10493868582226185,29
1.7600000000000011,6.18572666439285,7.363400822154482,6.1856111172455295,7.36160129125523,0.18032367012169534,0.18032367012169534,30
1.7800000000000011,6.205720742722857,7.362914168547148,6.205554220545937,7.360320752701525,0.2598756507203771,0.2598756507203771,30
1.8000000000000012,6.225714821052865,7.362427514939814,6.225497323846347,7.35904021414782,0.3394276313190532,0.3394276313190532,30
1.8200000000000012,6.245712773451066,7.362141699991772,6.245190674444627,7.357333470909589,0.4836491939337446,0.4836491939337446,31
1.8400000000000012,6.26571074598181,7.361856928750952,6.2649861682157075,7.355183987710434,0.6712164708152277,0.6712164708152277,31
1.8600000000000012,6.285708718512554,7.361572157510131,6.284781661986787,7.353034504511278,0.8587837476966323,0.8587837476966323,31
1.8800000000000012,6.305708042218192,7.36150452220121,6.303990206799245,7.350740861660293,1.0899878291370035,1.0899878291370035,32
1.9000000000000012,6.325708010041913,7.361540397682097,6.323487828413531,7.347629122408863,1.4087327148564779,1.4087327148564779,32
1.9200000000000013,6.345707977865634,7.361576273162983,6.342985450027817,7.344517383157432,1.7274776005760255,1.7274776005760255,32
1.9400000000000013,6.365706242514359,7.3618319982720895,6.36127557068736,7.341559177938593,2.0751339646220375,2.0751339646220375,33
1.9600000000000013,6.385704365667179,7.3621059879884205,6.3803048758124055,7.337400279239846,2.528886188544652,2.253775802682637,33
1.9800000000000013,6.405702458189464,7.362382172105247,6.399333693975405,7.333241486967782,2.9828521382984303,1.2055247385681307,33
2.0000000000000013,6.425700437484934,7.362666467898335,6.417347580960421,7.329304510254809,3.4391720368826464,0.15658284645194576,33
2.0200000000000014,6.445698525790812,7.362908731738856,6.434625687234811,7.324343610940386,4.012326377412302,0.3960879042373079,34
2.0400000000000014,6.46569771070258,7.362728169104543,6.45314963437807,7.319025005114955,4.546889884466771,1.5402339488469625,34
2.0600000000000014,6.485696895614348,7.3625476064702315,6.470159415584649,7.314141147440617,5.083894728905205,2.6843799934566177,34
2.0800000000000014,6.505696080526117,7.362367043835919,6.485855715364036,7.3083734231207504,5.752348361928501,3.8285260380662725,35
2.1000000000000014,6.52566287610311,7.361216074518239,6.50381983657122,7.301772370628891,6.332986900409811,4.89170668489748,35
2.1200000000000014,6.5456295911475335,7.3600626923895485,6.519082468908655,7.296164000697437,6.919387616783357,6.035368550937742,35
2.1400000000000015,6.5655415411497655,7.358291126907306,6.533690171562296,7.289409310420979,7.588948798782148,7.1548988728751635,36
2.1600000000000015,6.5854000551763905,7.355916380467296,6.550955187876829,7.281425862195902,8.206878941245117,8.206878941245117,36
2.1800000000000015,6.605237716420607,7.353409058668229,6.564153580496443,7.275322845424105,8.823470362301856,8.823470362301856,36
2.2000000000000015,6.624866359971709,7.349572868847093,6.581053816745336,7.266418422794418,9.399042952497922,9.190757916161738,37
2.2200000000000015,6.6444950035228105,7.345736679025958,6.597999488785692,7.257490060884608,9.974617037287592,9.523747423329208,37
2.2400000000000015,6.663834820139298,7.340692082283176,6.615217436374196,7.248418242012615,10.429818599784047,9.76000937975123,38
2.2600000000000016,6.6830766807558915,7.335237652889408,6.632527726540103,7.2392977695405305,10.84419567755304,10.044471826996428,38
2.2800000000000016,6.702044414103231,7.328962455522038,6.649961936332459,7.230112006103884,11.17318031757921,10.242804101963992,39
2.3000000000000016,6.720702076460531,7.321758870625544,6.667536314161957,7.220852390714904,11.40557581568987,10.343712768316758,39
2.3200000000000016,6.739168005342041,7.314120626394092,6.68513987200535,7.211577400915043,11.590579055204454,10.400094096020984,39
2.3400000000000016,6.757067548459703,7.305198386979071,6.7028296283823625,7.202256994698388,11.635584308061802,10.421210254417216,40
2.3600000000000017,6.774901224148517,7.29615632846839,6.720517242500945,7.19293771719817,11.666918690209664,10.434293224917184,40
2.3800000000000017,6.7920260617501755,7.285824826297027,6.7381818025183655,7.18363058647845,11.551132803460993,10.300285843592897,41
2.4000000000000017,6.809150899351833,7.275493324125665,6.755846362535786,7.1743234557587305,11.435346916712277,10.166278462268732,41
2.4200000000000017,6.82570414924231,7.264271505873976,6.773430696924867,7.165058594442228,11.21414981706054,9.956705218038632,41
2.4400000000000017,6.842101000261423,7.252825731077826,6.7909849748209705,7.155809569337261,10.965848665607451,9.729821812976901,42
2.4600000000000017,6.858127674417309,7.240861379214852,6.808463369921488,7.14660052547707,10.654413023920744,9.43971506975043,42
2.4800000000000018,6.874154348573195,7.228897027351878,6.825941765022004,7.137391481616878,10.34297738223416,9.149608326523918,43
2.5000000000000018,6.889906662772011,7.216576823879271,6.843352166989253,7.128218262083969,9.987270157616198,8.815149674552115,43
2.520000000000002,6.905544971381209,7.204109318583222,6.860734082060553,7.119060051770885,9.613216728558779,8.462311152494854,43
2.540000000000002,6.920982930036463,7.191394389068723,6.878061217489834,7.109930703840363,9.20793430630386,8.07817866332878,44
2.560000000000002,6.936420888691718,7.178679459554224,6.895388352919114,7.100801355909843,8.802651884048903,7.694046174162632,44
2.580000000000002,6.95179510269531,7.165887870001836,6.912697208905594,7.091681639080434,8.387615874819405,7.300138378028896,45
2.600000000000002,6.967113008691255,7.153028563803623,6.929989917984402,7.082570429758729,7.9639641615953884,6.897595691827576,45
2.620000000000002,6.982429706096028,7.140167818100597,6.947282274729788,7.073459406075003,7.540128756606876,6.494868894961796,45
2.640000000000002,6.997746207568765,7.1273068390307275,6.964574574356268,7.064348412486173,7.116263572234017,6.092112250801164,46
2.660000000000002,7.013084021346651,7.114471360106497,6.981873039232647,7.0552341705409365,6.695647864207606,5.6926124109964364,46
2.680000000000002,7.028459449564811,7.101680886811571,6.999182385260664,7.046114195517685,6.280767210794551,5.298860559130478,47
2.700000000000002,7.04390560335721,7.088976121949136,7.016511743263736,7.036983676554045,5.876766074111099,4.9160119908936215,47
2.720000000000002,7.059382015379105,7.076308025370386,7.033849662907213,7.0278486466200585,5.477419476009339,4.537828129332572,47
2.740000000000002,7.0749648108465815,7.063771696203435,7.0512165098418915,7.018698375430117,5.094689437192244,4.1762951302931155,48
2.760000000000002,7.090610428871329,7.051313179573286,7.068600439193842,7.009539103829725,4.721771965938144,3.8245949558878207,48
2.780000000000002,7.1062560468960765,7.038854662943137,7.085984368545793,7.000379832229334,4.348854494683847,3.472894781482484,49
2.800000000000002,7.122015001998896,7.026540307369935,7.1033975567858265,6.991205144660708,3.993974198651218,3.1392664071866228,49
2.820000000000002,7.137891028274609,7.014377415041617,7.120839915237602,6.982015087845776,3.657951171532309,2.824529770858496,50
2.840000000000002,7.153843447028067,7.002314234038485,7.138300946468529,6.972815192688066,3.334310669744104,2.5221977064806094,50
2.860000000000002,7.16980202842316,6.990259337591042,7.155763384756634,6.963614556177893,3.0116903767655008,2.220887507129604,50
2.880000000000002,7.185942780192799,6.978449336223096,7.173267416268609,6.954392004965557,2.7192279011616702,1.9497840836613176,51
2.900000000000002,7.202083531962438,6.96663933485515,7.190771447780583,6.945169453753222,2.4267654255578384,1.6786806601929958,51
2.920000000000002,7.21836921786428,6.955030064087986,7.208306140497084,6.935930747717994,2.1588177595601716,1.4321280041369309,52
2.940000000000002,7.234709864408604,6.9434989165463605,7.225851633864428,6.926686351019135,1.9003436741311528,1.1950615463115786,52
2.960000000000002,7.25115165434015,6.93211175079509,7.2434169158637935,6.917431528055212,1.6593225093093662,0.9754711212311281,52
2.980000000000002,7.2675934442716965,6.9207245850438195,7.26098219786316,6.908176705091288,1.4183013444876165,0.7558806961505994,53
3.000000000000002,7.284171296639689,6.909536779880551,7.278571762048005,6.8989090882919,1.2012602388615525,0.5602985414756689,53
3.0200000000000022,7.300767428017636,6.89837575737874,7.296164588369863,6.889639752732713,0.9874406817551468,0.36794172529354763,54
3.0400000000000023,7.317462237629949,6.887363170521519,7.313773437050433,6.880361975288373,0.7913531727874007,0.19333546106619068,54
3.0600000000000023,7.334176499046902,6.876379843826672,7.331385444115355,6.871082533749598,0.598761068236567,0.022228248793752813,54
3.0800000000000023,7.350970734980486,6.865519460243451,7.349009346930248,6.861796824559667,0.42077380524221614,0.13426046758750074,55
3.1000000000000023,7.367795103098547,6.85470561969745,7.366637640398483,6.852508802015509,0.24830883652673333,0.24830883652673333,55
3.1200000000000023,7.3846983741406085,6.844015760508219,7.384276562694676,6.843215179338027,0.09049061310355926,0.09049061310355926,56
3.1400000000000023,7.401661153796031,6.833420284758562,7.401923139725344,6.8339175235221985,0.056203470997888846,0.056203470997888846,56
3.1600000000000024,7.418623933451453,6.822824809008904,7.419569716756013,6.824619867706369,0.20289755509933696,0.20289755509933696,56
3.1800000000000024,7.435577678702973,6.812215067866328,7.436518208868273,6.8136519794004595,0.1717356034362158,0.1717356034362158,57
3.2000000000000024,7.452407378085281,6.801409457346735,7.453251558408719,6.802699168712077,0.1541426554971366,0.1541426554971366,57
3.2200000000000024,7.469224126232213,6.790584704544884,7.469314863989741,6.79069692858249,0.014431761936022264,0.014431761936022264,58
3.2400000000000024,7.485514530853084,6.778982001528418,7.484838274931569,6.778145611341629,0.10755792002181404,0.10755792002181404,58
3.2600000000000025,7.501804935473955,6.767379298511953,7.499679684396236,6.7652516524739825,0.30072528670261606,0.30072528670261606,59
3.2800000000000025,7.517642906881312,6.75518334156473,7.5137055636378625,6.751241561301739,0.5571382544615261,0.5571382544615261,59
3.3000000000000025,7.533141706741225,6.742542645266568,7.527119912584086,6.737691998632173,0.7732449653422888,0.7732449653422888,60
3.3200000000000025,7.548213256204651,6.7294100948725255,7.53946649139518,6.722364442999053,1.1231522824371045,1.1231522824371045,60
3.3400000000000025,7.562897763995006,6.7158319789886844,7.551878434336466,6.706955741620438,1.4149671937576906,1.4149671937576906,60
3.3600000000000025,7.576649848091228,6.701318128637924,7.5619651897160445,6.691923208207159,1.743283458007484,1.743283458007484,61
3.3800000000000026,7.5902799266506324,6.686681839543195,7.572568193929534,6.6753502637343285,2.102641401418019,2.102641401418019,61
3.4000000000000026,7.603419925271598,6.671623154167856,7.5811190229451695,6.66054288009263,2.490186174074147,2.490186174074147,62
3.4200000000000026,7.615885056903439,6.65598280591723,7.5898193667070055,6.643031985044205,2.910573769382273,2.910573769382273,62
3.4400000000000026,7.627373131306809,6.639624331044645,7.59770979773323,6.627151174656789,3.217907688193305,3.217907688193305,62
3.4600000000000026,7.6385791576886035,6.623058553890206,7.604007124714266,6.610208596881183,3.6882880298485943,3.6882880298485943,63
3.4800000000000026,7.649386457500844,6.606244620873799,7.610809868882094,6.591906224700405,4.115510653959582,4.115510653959582,63
3.5000000000000027,7.659300856628941,6.588874972347453,7.615386884150784,6.577432617025961,4.5380221177465,4.5380221177465,64
3.5200000000000027,7.668398172530363,6.571075972589338,7.620308168088768,6.558545497954948,4.969568715447762,4.969568715447762,64
3.5400000000000027,7.677078826254246,6.55305803011729,7.6252483032868685,6.539586030692098,5.3552757908293085,5.3552757908293085,64
3.5600000000000027,7.685530591878371,6.534938866398741,7.627493650018263,6.525612895262221,5.878146270817706,5.878146270817706,65
3.5800000000000027,7.6930192191126014,6.516393773728529,7.630587153796325,6.5063615490717535,6.3232968546635515,6.3232968546635515,65
3.6000000000000028,7.699907206805529,6.497626484239761,7.633523695557147,6.487765417640569,6.711193038601772,6.711193038601772,66
3.6200000000000028,7.706290724960702,6.478672574459386,7.636416272382578,6.4682929392533355,7.064117743995474,7.064117743995474,66
3.640000000000003,7.712602769419141,6.459696704446932,7.639310497802661,6.4488093627257035,7.40964998394571,7.40964998394571,66
3.660000000000003,7.7179629970514325,6.440428389530209,7.642226677594781,6.42917799201289,7.656736595402541,7.656736595402541,67
3.680000000000003,7.722974284411438,6.421071026964417,7.645148266011609,6.4095102110907405,7.867999493921944,7.867999493921944,67
3.700000000000003,7.72750257333222,6.40159040583854,7.64807734097413,6.389792031645754,8.029675690044822,8.029675690044822,68
3.720000000000003,7.731701617943262,6.382041418650678,7.651009243934593,6.370054814459629,8.157780276023521,8.157780276023521,68
3.740000000000003,7.735303399103474,6.362368412462656,7.653946277005922,6.350283061985777,8.224984505848644,8.224984505848644,68
3.760000000000003,7.738905180263686,6.3426954062746335,7.65688331007725,6.330511309511923,8.292188735673852,8.292188735673852,69
3.780000000000003,7.74177926120419,6.322904916733651,7.65982170726776,6.310730373952236,8.285686537143052,8.285686537143052,69
3.800000000000003,7.744551312127937,6.303097954985918,7.6627602957198615,6.290948150842569,8.268850044466799,8.268850044466799,70
3.820000000000003,7.746792244381501,6.283225576458137,7.665696925097684,6.271179115984717,8.19851695106001,8.19851695106001,70
3.840000000000003,7.748909294463768,6.26333793962142,7.668633097526074,6.2514131572553495,8.115705902296853,8.115705902296853,71
3.860000000000003,7.75060873758756,6.243411788891649,7.671565851512618,6.231670211064272,7.991021517260832,7.991021517260832,71
3.880000000000003,7.752164742778695,6.223472409567178,7.674497431346718,6.2119351691258675,7.851954649685841,7.851954649685841,71
3.900000000000003,7.753393649021702,6.203511481977942,7.677425081005932,6.192226584650866,7.68021629516338,7.68021629516338,72
3.920000000000003,7.754466828186513,6.1835402955715155,7.680350859565729,6.172530596191521,7.492923518250369,7.492923518250369,72
3.940000000000003,7.75531149966493,6.16355897518566,7.683273177564509,6.1528579038116495,7.282879087006515,7.282879087006515,73
3.960000000000003,7.7560104419679465,6.143571191925452,7.686193288614755,6.133200068343183,7.05832494767832,7.05832494767832,73
3.980000000000003,7.756421750268757,6.123575514331675,7.689108337069773,6.113576313655312,6.805203605082892,6.805203605082892,73
4.000000000000003,7.7568201940956385,6.103579483662644,7.6920231590994605,6.09395408323547,6.550804590032699,6.550804590032699,74
4.020000000000002,7.756839543747741,6.083579933323362,7.6949303081156115,6.0743835066175,6.258855902408092,6.258855902408092,74
4.040000000000002,7.756812439772772,6.063579951689007,7.6973461976506785,6.057050966664809,5.982358730107762,5.982358730107762,75
4.060000000000001,7.7565101411048545,6.043584819418934,7.6995117767536625,6.0373267904268095,5.734087953264669,5.734087953264669,75
4.080000000000001,7.755832584653241,6.023596299782531,7.70167216880538,6.017649858047588,5.448587719877832,5.448587719877832,75
4.1000000000000005,7.754804471482464,6.003627353724359,7.702787102225294,6.000306979122773,5.212323466489415,5.212323466489415,76
4.12,7.753252607903389,5.9836876516345106,7.704048431576723,5.980546848866125,4.930431634264397,4.930431634264397,76
4.14,7.751206081151337,5.963800829276592,7.704324913947747,5.963428463575891,4.688264598533217,4.688264598533217,77
4.159999999999999,7.748507916773348,5.943983667295387,7.704482136703168,5.9436339812397145,4.402716878389241,4.402716878389241,77
4.179999999999999,7.74506775015693,5.924294426020488,7.7034973939460425,5.926876346050982,4.165046010002701,4.165046010002701,78
4.199999999999998,7.740974448331209,5.9047177848335135,7.70237336870906,5.9106357227045665,3.9052084920540566,3.9052084920540566,79
4.219999999999998,7.7358059440777245,5.885409834502971,7.6993625494238955,5.890996977336351,3.68691901041414,3.68691901041414,79
4.2399999999999975,7.729560311213402,5.866435466897516,7.6958557028446695,5.875807846788821,3.4983455091179443,3.4983455091179443,80
4.259999999999997,7.721987809507646,5.847924464279713,7.691779390010195,5.861845043855595,3.326155655200827,3.326155655200827,81
4.279999999999997,7.713600356659368,5.82980640299775,7.683960392158538,5.84487739061494,3.3251498663487826,3.3251498663487826,81
4.299999999999996,7.703486030105698,5.812581426442021,7.6755323130815025,5.833745501419127,3.5061779263257224,3.5061779263257224,82
4.319999999999996,7.691353840358258,5.7966814273246605,7.668334334826999,5.827221389899621,3.8243783141625083,3.8243783141625083,83
4.339999999999995,7.678113852361573,5.781790291222077,7.661205873463459,5.8218483101067235,4.348016360803863,4.348016360803863,83
4.359999999999995,7.663193910676486,5.7685137114691285,7.646828062441834,5.816878688428712,5.105890700691431,5.105890700691431,84
4.379999999999995,7.646364931426644,5.757706979428017,7.644247596593448,5.816786207358494,5.911715723592604,5.706707671488127,85
4.399999999999994,7.628210230832316,5.7493951149638205,7.630496325957977,5.81629337687751,6.693731155339385,3.7708787196852867,85
4.419999999999994,7.608783486515422,5.744763861196311,7.624016826933256,5.8176476480891,7.445872045717018,1.9664384937926105,86
4.439999999999993,7.588993548558176,5.742709544483947,7.612245843690573,5.820107885165587,8.08156690821482,0.2951012932990785,86
4.459999999999993,7.56910486795882,5.7440034724235245,7.601935635906552,5.824322242990782,8.676960429478504,1.1742052041454134,87
4.479999999999992,7.54960700581997,5.748206734181737,7.592112282751111,5.828337596134725,9.070641435048413,2.435352375076979,87
4.499999999999992,7.530816986682054,5.754950552864718,7.577826054022472,5.836566193976919,9.41858019362348,3.531024747884585,88
4.519999999999992,7.512900084986846,5.763796407552634,7.568998098894276,5.84181315408114,9.609162244052008,4.4305245530311845,89
4.539999999999991,7.495940801315373,5.774397478128311,7.552794118311763,5.853464641338961,9.738539906819499,5.147957988868368,89
4.559999999999991,7.4800305905343905,5.786512042891557,7.5428926819400735,5.86101445696983,9.747949650765987,5.714022080467309,90
4.57999999999999,7.465308347302476,5.800045931028719,7.527622435419947,5.873898866749182,9.66297143348922,6.1321962686771485,90
4.59999999999999,7.451129217377664,5.814123229360566,7.517063897342396,5.8832184794087,9.550673065949756,6.474634980261569,91
4.6199999999999894,7.4377404065042905,5.828979634404259,7.502636211365275,5.896986211009213,9.400191460858895,6.707539644728026,91
4.639999999999989,7.425295261091871,5.844635890523259,7.491669188537255,5.907632343375623,9.15098427301959,6.860623859003747,92
4.659999999999989,7.41361500869485,5.860866577868365,7.47802950242371,5.922003303889859,8.880836824856383,6.926444441856043,92
4.679999999999988,7.40241325550455,5.877425988825369,7.464505733189108,5.936252132789309,8.553356650270983,6.934215101360225,92
4.699999999999988,7.391793907633294,5.894373833844404,7.453767087639326,5.9485388165540725,8.230747470308373,6.876130313230642,93
4.719999999999987,7.38194078972923,5.911774114886967,7.440878149559844,5.963285770023399,7.827555811808697,6.772587745910698,93
4.739999999999987,7.372229233699241,5.929257984009,7.429873574345986,5.9762110911346396,7.434691841192658,6.652614684098662,94
4.7599999999999865,7.363298365541028,5.947151452510179,7.4175498292348845,5.9913409559022055,6.997094770659973,6.44478994544145,94
4.779999999999986,7.3546082039938,5.96516191119098,7.405264802968168,6.006423285535425,6.533446282355439,6.215067726185279,94
4.799999999999986,7.346400555975073,5.9834001817778715,7.394479898360655,6.020222781068835,6.056011049174901,5.96975379841826,95
4.819999999999985,7.338486387478585,6.001765541315268,7.382688573908115,6.035618737260126,5.567649558684422,5.567649558684422,95
4.839999999999985,7.330800347512135,6.0202296900807575,7.370933901746894,6.0509668364804945,5.055169971735115,5.055169971735115,95
4.859999999999984,7.323384287387533,6.038803377281733,7.360224987774695,6.065511907276873,4.550365677083443,4.550365677083443,96
4.879999999999984,7.316033120946033,6.057403384128676,7.348853502068695,6.081197289359969,4.053797408840957,4.053797408840957,96
4.8999999999999835,7.308809398455268,6.076053259017704,7.337502224862707,6.096854796629501,3.5439839929977177,3.5439839929977177,96
4.919999999999983,7.301580244618916,6.094701028446247,7.326765244031318,6.112073612256359,3.059560203104465,3.059560203104465,97
4.939999999999983,7.294346264833148,6.1133469270960585,7.31571783821887,6.128089013991426,2.5962921157139403,2.5962921157139403,97
4.959999999999982,7.287039744823631,6.1319644299075735,7.304660316791898,6.144119080312294,2.1406075841915095,2.1406075841915095,97
4.979999999999982,7.2796931269933,6.150566236444979,7.293864526081009,6.159904174732769,1.6971318262577302,1.6971318262577302,98
4.999999999999981,7.2722867643948375,6.169144102328686,7.28308682973844,6.176260572837948,1.293389206446648,1.293389206446648,98
5.019999999999981,7.264755041284992,6.187671734314361,7.272294261326477,6.192639541024887,0.9028784101254872,0.9028784101254872,98
5.0399999999999805,7.257155791445549,6.206171493420921,7.261494055850319,6.2090300993381735,0.5195398525218436,0.5195398525218436,98
5.05999999999998,7.249426026021738,6.224617379859172,7.250905780046272,6.225551600624855,0.17499829748196008,0.17499829748196008,99
5.07999999999998,7.241539768160229,6.242996606852953,7.240361695160343,6.242252847929688,0.13932097218289116,0.13932097218289116,99
5.099999999999979,7.233594273722849,6.261350601462998,7.229812118530269,6.258962793853516,0.4472842841041849,0.4472842841041849,99
5.119999999999979,7.225458737587051,6.279620568686824,7.219246312518448,6.275698446220446,0.7346922476403276,0.7346922476403276,99
5.139999999999978,7.217229231687697,6.297848986957549,7.208856942107193,6.292773306301455,0.9790697980351681,0.6857416421861305,100
5.159999999999978,7.208954773044225,6.316056658961707,7.198561404045957,6.3097557037129794,1.215418266197393,0.4477264451017528,100
5.1799999999999775,7.2004232996982696,6.334145715392246,7.188249375165102,6.326765302583112,1.4236394619863435,0.2378358406768743,100
5.199999999999977,7.191890090173347,6.352233936175158,7.177937250126501,6.3437750600645835,1.6316688709015592,0.028137007490623228,100
5.219999999999977,7.18307437233538,6.370186181689336,7.167709300387615,6.361149542450586,1.7825439256616245,0.1503571111275457,101
5.239999999999976,7.174258654497413,6.388138427203514,7.157598896179056,6.378340345799174,1.9327440245208838,0.32885122974563874,101
5.259999999999976,7.165212199698458,6.405975120133441,7.14747968664292,6.395546120918593,2.0571972289698612,0.4816257028699345,101
5.279999999999975,7.156117094072374,6.4237874488315745,7.137358620505794,6.412755052831928,2.176221707549784,0.628977195551834,101
5.299999999999975,7.146857952532286,6.441514443573321,7.127232686300567,6.429972261961456,2.2767806899811656,0.7578786830714396,102
5.3199999999999745,7.13749347305991,6.45918663993403,7.117103625998036,6.447194786419915,2.365481798515138,0.8749322444446678,102
5.339999999999974,7.128039324809661,6.476810496816086,7.106972644165605,6.46442057807145,2.444003109362425,0.9818124140262029,102
5.359999999999974,7.11842316346665,6.494347014173451,7.096838190522703,6.481652272870857,2.504131613415509,1.0703113509521887,102
5.379999999999973,7.108792332657003,6.51187537074509,7.086703532920455,6.498884314464015,2.5625819344936787,1.157132845065567,103
5.399999999999973,7.098962962949206,6.529293277942783,7.076566114899927,6.516121049619057,2.5983194598718153,1.221251560953596,103
5.419999999999972,7.089086566057481,6.546684253297238,7.066428379548547,6.533358324334353,2.628638047730194,1.2799527738031335,103
5.439999999999972,7.079037862705039,6.563976551031623,7.056289481504627,6.550597575985328,2.6391017800166097,1.318804386984584,103
5.4599999999999715,7.068989159352597,6.581268848766007,7.046150583460707,6.567836827636302,2.649565512302827,1.3576560001659121,104
5.479999999999971,7.058855479606684,6.598511050374207,7.036011737449426,6.585075990815754,2.6501648648460585,1.3866440817419592,104
5.499999999999971,7.048590644788291,6.6156759321434215,7.025872971746857,6.602315017445643,2.635539242695544,1.4004084976650972,104
5.51999999999997,7.038231783820533,6.632783861523826,7.0157349283343375,6.619552815959826,2.6099215955338773,1.403179973602182,104
5.53999999999997,7.027773704822557,6.649831693751769,7.005597647094858,6.636789318544925,2.572704972161198,1.3943515078307034,105
5.559999999999969,7.017315625824581,6.666879525979711,6.995460365855379,6.654025821130025,2.5354883487884736,1.3855230420591493,105
5.579999999999969,7.0067425647025114,6.683855910079248,6.985324755557929,6.671259482598663,2.4847384848860186,1.363158020581232,105
5.599999999999969,6.996089433920454,6.700782540120114,6.97519030884796,6.688491165609947,2.4245645302712022,1.3313665998140167,105
5.619999999999968,6.985414908071386,6.717695571015885,6.965056306149763,6.705722093664367,2.361856964531139,1.2970405799472422,106
5.639999999999968,6.974611089603269,6.734526420860974,6.954924986660971,6.722948459435788,2.2838385227898104,1.2473977136472345,106
5.659999999999967,6.963807271135152,6.751357270706064,6.944793667172179,6.74017482520721,2.2058200810484045,1.197754847347105,106
5.679999999999967,6.952917494168469,6.768132475228167,6.934664572200085,6.757397408614611,2.117571287067784,1.1378764308573197,106
5.699999999999966,6.9419845065647925,6.784879707299701,6.924536595474415,6.7746180906584295,2.0241797783549758,1.0728526866678354,107
5.719999999999966,6.9310329201103595,6.801614705413127,6.914409184829842,6.791837810189908,1.9285648935996824,1.005604205411243,107
5.739999999999966,6.919984048351368,6.8182857111672295,6.904284735194668,6.809052495092775,1.8213201604047449,0.9267187565815179,107
5.759999999999965,6.908935176592375,6.834956716921332,6.894160285559495,6.826267179995643,1.7140754272096852,0.8478333077518222,107
5.779999999999965,6.897826840570579,6.8515880680611465,6.884037881852213,6.8434783861905055,1.5996947289398784,0.7618068841884463,108
5.799999999999964,6.886683233414691,6.868195898128775,6.873916691683847,6.860687528995179,1.4810813441932473,0.6715448026768988,108
5.819999999999964,6.875535238419054,6.884800771574752,6.863795665822971,6.877896392426476,1.3619398524231845,0.5807542072871139,108
5.839999999999963,6.864326833431208,6.901364939456914,6.8536769020807675,6.895101409558808,1.2355275980469342,0.48268724787836936,108
5.859999999999963,6.853118395807249,6.917929085179552,6.843558139634335,6.912306424487929,1.1091114071402122,0.38461634870764466,109
5.879999999999963,6.8418573393889455,6.934457503384081,6.833441466341824,6.929507887211472,0.9763483978652808,0.2801934209709235,109
5.899999999999962,6.830596282970643,6.95098592158861,6.823324793049314,6.9467093499350145,0.8435853885904714,0.17577049323423202,109
5.919999999999962,6.819335226552341,6.967514339793138,6.813208119756803,6.963910812658557,0.7108223793156171,0.07134756549758675,109
5.939999999999961,6.807986584150449,6.9839826916870384,6.803230063695655,6.9808266990947505,0.5708307637071905,0.0003770537723504168,110
5.959999999999961,6.796624728973138,7.000441982283228,6.792174387976798,6.997489142418227,0.5340861190111427,0.007656738726469857,110
5.9799999999999605,6.7849717233651425,7.016695215152236,6.781124644537325,7.014142644970328,0.46168853181561326,0.05135520331819698,110
5.99999999999996,6.773227452360971,7.032883856187868,6.770076760658309,7.030793344905789,0.3781150040096552,0.10623328533427147,110
6.01999999999996,6.7614831813568,7.049072497223501,6.7591121386326565,7.047298869491447,0.2961013159650654,0.11559791929814085,111
6.039999999999959,6.749381316439683,7.064990916313877,6.747134858999457,7.063310482986256,0.2805428166844675,0.10218523079430405,111
6.059999999999959,6.737014586127431,7.080709185346567,6.735158548701378,7.079320800642631,0.23178625958054336,0.12196946034157723,111
6.079999999999958,6.72464785581518,7.096427454379257,6.723182238403298,7.095331118299007,0.18302970247661923,0.14175368988885045,111
6.099999999999958,6.711730639627017,7.111694617837075,6.711166266375815,7.111218455118167,0.07384091694650033,0.07384091694650033,112
6.1199999999999575,6.698749036391736,7.126909018168396,6.6982694766462645,7.126504412755585,0.06274417021149006,0.06274417021149006,112
6.139999999999957,6.685198181751802,7.141611491531058,6.685388285364022,7.141771882287841,0.024872590987009377,0.024872590987009377,112
6.159999999999957,6.671441800613677,7.156129135209789,6.672512725854009,7.157032676745638,0.1401166720053109,0.1401166720053109,112
6.179999999999956,6.657685419475552,7.170646778888521,6.659312811353371,7.172197883515856,0.2248183686652396,0.2248183686652396,113
6.199999999999956,6.6435580192858295,7.1847923908816735,6.645523326369833,7.186665570263775,0.27150014607669926,0.27150014607669926,113
6.219999999999955,6.629002935045384,7.198509151532552,6.631744437090528,7.2011221401839185,0.378728704426991,0.378728704426991,113
6.239999999999955,6.614243915309278,7.211996492420972,6.617983049711252,7.215560347416301,0.5165480471723419,0.513190575262545,113
6.2599999999999545,6.5989157213917515,7.224843533762335,6.603530106469058,7.2298262599029135,0.6791178795590149,0.597251889423778,114
6.279999999999954,6.583587527474225,7.237690575103698,6.5888739483741805,7.243398982002345,0.7780241336360617,0.6669391525164295,114
6.299999999999954,6.568259333556699,7.250537616445061,6.574217790279303,7.256971704101776,0.8769303877129832,0.7366264156090745,114
6.319999999999953,6.552184728655821,7.2624328842222825,6.559634308099216,7.270477122751806,1.0963850026488409,0.904170779423016,114
6.339999999999953,6.536054165064146,7.274256797204664,6.54378087265437,7.283750291291651,1.224044280916608,0.9176199314226393,115
6.359999999999952,6.519840416154819,7.285959794768345,6.528298214069166,7.2963515500601295,1.3398616480974959,0.27858885375814507,115
6.379999999999952,6.503031193499451,7.29679723144508,6.5128811235216135,7.308899443329083,1.5603994806677117,0.2601570614265388,115
6.3999999999999515,6.486221970844083,7.307634668121815,6.496423985097212,7.321983829554731,1.7606235504756054,0.05670973434631073,116
6.419999999999951,6.469233751834912,7.318175255654491,6.480161982242067,7.333545842128654,1.8859510820580925,0.36219921226317725,116
6.439999999999951,6.4518039535275085,7.327983524154243,6.463952511737362,7.3450705050783185,2.096550461300429,0.8239256506660353,116
6.45999999999995,6.434374155220106,7.337791792653996,6.447743041232657,7.356595168027982,2.3071498405426945,1.2856520890689176,116
6.47999999999995,6.41670259496416,7.347138073996869,6.429784112567845,7.368374903159156,2.4942514221378738,1.7284614799875908,117
6.499999999999949,6.398708262871605,7.355867564963866,6.412841267254785,7.378811401354137,2.6947382826510426,2.1233207877502496,117
6.519999999999949,6.380713930779052,7.3645970559308624,6.395898421941724,7.389247899549118,2.8952251431640894,2.295510999856434,117
6.5399999999999485,6.362427460268349,7.372669810335479,6.377189939280839,7.400641462945774,3.162821740701284,2.4929005852315114,118
6.559999999999948,6.343894661365434,7.380188810589775,6.359590858691925,7.40992965415323,3.3628683982250234,2.6652035908332117,118
6.579999999999948,6.32536186246252,7.387707810844073,6.341991778103012,7.419217845360687,3.5629150557487623,2.8375065964348316,118
6.599999999999947,6.306811327150609,7.395179484717107,6.324398360888797,7.428503047633193,3.7679750544960386,3.0148313783354888,118
6.619999999999947,6.287901606965121,7.401692739088501,6.304196996515122,7.438279704886325,4.005178880995732,3.1875080117376213,119
6.639999999999946,6.268912200079176,7.4079561500984585,6.286023103595952,7.44637413573895,4.205620810098642,3.360903473686566,119
6.659999999999946,6.249723368508942,7.413594300767712,6.267915182492512,7.454439183547282,4.471293487671828,3.5996217767011047,119
6.6799999999999455,6.230534536938708,7.419232451436964,6.246878312194963,7.463638905226446,4.731862347727752,3.801921328111345,120
6.699999999999945,6.211238492035138,7.424456556931923,6.2281909381011005,7.470516784819525,4.908085187399657,3.9518946914530453,120
6.719999999999945,6.191724787183376,7.428840085528647,6.209584336523669,7.47736493612442,5.1707104231241185,4.188376344349342,120
6.739999999999944,6.172211082331613,7.433223614125372,6.190977734946236,7.484213087429317,5.433335658848635,4.424857997245639,120
6.759999999999944,6.152697377479852,7.437607142722097,6.168608482295751,7.491530667632926,5.62219689736254,4.56345785731595,121
6.779999999999943,6.133011906840965,7.441101295454117,6.149551221519559,7.49715385480801,5.844175168626689,4.7601713865345445,121
6.799999999999943,6.11326925530463,7.444299374614307,6.130521724424729,7.5027688498101055,6.096168649579924,4.98693448335285,121
6.8199999999999426,6.093472128615994,7.447080821148694,6.107523891826581,7.509296841679983,6.378311108809435,5.226941667676545,122
6.839999999999942,6.073570917668004,7.449066218540552,6.088161928109981,7.513669826758654,6.6230837081497445,5.447501054655522,122
6.859999999999942,6.053669706720014,7.451051615932411,6.068799964393381,7.518042811837325,6.867856307489969,5.6680604416343945,122
6.879999999999941,6.033768495772025,7.45303701332427,6.049438000676782,7.522415796915997,7.112628906830366,5.888619828613285,122
6.899999999999941,6.0138084072856515,7.454172618235062,6.025439143468729,7.526911626930448,7.3662998921763965,6.10963822503691,123
6.91999999999994,5.993823548745727,7.454950711506594,6.0058311867815,7.53004687685217,7.605009809860995,6.32523367827163,123
6.93999999999994,5.973835295612131,7.455455332548073,5.986262557360608,7.533175838469064,7.8707775188858715,6.567931419983944,123
6.95999999999994,5.953837280827763,7.455173544180304,5.961737920392904,7.536837557519424,8.204529956182894,6.877824619244807,124
6.979999999999939,5.933839266043395,7.454891755812533,5.941952354852696,7.538751725284809,8.425150853200519,7.076476600121239,124
6.999999999999939,5.9138499717324065,7.454404229481539,5.922195148607476,7.54066314941124,8.666165959935688,7.29555301615438,124
7.019999999999938,5.893899839825202,7.452992763263343,5.902565299916501,7.542562252245944,8.99876855752952,7.606352661187627,124
7.039999999999938,5.873949707917997,7.4515812970451485,5.8772843804255555,7.544203633734297,9.268234618572503,7.861753277433321,125
7.059999999999937,5.854006997952582,7.450090796541912,5.857421079779095,7.544918770114384,9.48894120889131,7.92907381590625,125
7.079999999999937,5.834142879947978,7.447763391141213,5.837666361349601,7.545629997220028,9.793001330834999,7.645912832844383,125
7.099999999999937,5.814278761943376,7.445435985740515,5.817911642920109,7.546341224325672,10.09706145277851,7.362751849782606,125
7.119999999999936,5.794414643938773,7.443108580339816,5.7920801324521225,7.546009349791226,10.292724759544267,7.07959086672065,126
7.139999999999936,5.774618325638997,7.440262934897358,5.772229472095762,7.545558997525965,10.532315712291584,6.7447949771085005,126
7.159999999999935,5.754824013706971,7.437401953398351,5.752380469324619,7.545108682866368,10.773444426851201,6.40847107772667,126
7.179999999999935,5.735029701774946,7.434540971899344,5.726310652314637,7.5440162071659165,10.982189654236832,6.072147178345019,127
7.1999999999999345,5.7152648405978566,7.431484383487077,5.706428468222668,7.542432709801835,11.129965224024291,5.716343774153619,127
7.219999999999934,5.695505646822017,7.428390153158093,5.686548936751786,7.5408494237032,11.281538098512929,5.356791801542507,127
7.239999999999934,5.675746453046178,7.425295922829109,5.666669405280905,7.539266137604565,11.433110973001382,4.997239828931396,127
7.259999999999933,5.655987418142435,7.422200678218503,5.6437113450065635,7.537125267640812,11.557838563297059,4.63758686479637,128
7.279999999999933,5.636228454562472,7.419104978257967,5.623848344062482,7.535003531522257,11.65578902723768,4.2778885616920626,128
7.299999999999932,5.616469490982508,7.41600927829743,5.6039853431184,7.532881795403702,11.753739491178383,3.918190258587667,128
7.319999999999932,5.5967105274025455,7.4129135783368945,5.58412234217432,7.5307600592851465,11.851689955118994,3.5584919554833596,128
7.3399999999999315,5.57692443610299,7.4099969672447745,5.564251433742277,7.528637478500528,11.931544702954927,3.2166277917721664,129
7.359999999999931,5.557135061550682,7.4071020311784,5.544379568271385,7.526514795486448,12.009209336374942,2.8769220839935548,129
7.379999999999931,5.537345686998372,7.404207095112025,5.524507702800491,7.524392112472367,12.08687396979496,2.5372163762148516,129
7.39999999999993,5.517529507123816,7.401504567110519,5.504629655287994,7.522268769101829,12.145121926100266,2.2166771166105703,129
7.41999999999993,5.497702419152883,7.398880337205796,5.484749092069661,7.520145157007347,12.195468504337013,1.9039374074834983,130
7.439999999999929,5.477868349263055,7.396312882881922,5.464867621963022,7.518021448040409,12.24009548298848,1.596855673302889,130
7.459999999999929,5.4579961930609056,7.394055138902338,5.444981204787857,7.515897210634995,12.25352209115948,1.3206381476859086,130
7.4799999999999285,5.438124036858756,7.391797394922754,5.425094787612692,7.51377297322958,12.266948699330571,1.044420622068753,130
7.499999999999928,5.418251880656606,7.38953965094317,5.405208370437526,7.511648735824165,12.28037530750157,0.7682030964517726,131
7.519999999999928,5.398367589799094,7.387398937106892,5.3853223154595184,7.509524537108111,12.28203621483528,0.5036539563435771,131
7.539999999999927,5.378454966932327,7.385531465402731,5.365437106139912,7.507400428724025,12.256226548419205,0.2663481780286779,131
7.559999999999927,5.358542344065558,7.38366399369857,5.345551896820305,7.505276320339938,12.230416882003041,0.029042399713778602,131
7.579999999999926,5.338605734616855,7.382083327990808,5.32567326208995,7.503152914243664,12.175834082762863,0.17965302239189745,132
7.599999999999926,5.318659540266377,7.380617268328672,5.305797254528083,7.501029788777608,12.109753703225683,0.3769159088104985,132
7.6199999999999255,5.298713345915899,7.379151208666537,5.2859212469662165,7.49890666331155,12.043673323688415,0.5741787952291862,132
7.639999999999925,5.278767151565421,7.377685149004401,5.26604523940435,7.496783537845494,11.977592944151235,0.7714416816477874,132
7.659999999999925,5.258798886296523,7.376571972447197,5.246184679114349,7.4946620624339655,11.876189446079891,0.9334837665931822,133
7.679999999999924,5.238825462273214,7.375541277155133,5.226327729398243,7.492540972698552,11.766529685623928,1.0872935042706058,133
7.699999999999924,5.218852038249905,7.374510581863068,5.206470779682136,7.490419882963139,11.656869925168138,1.2411032419482069,133
7.719999999999923,5.198870879365718,7.3736590919562,5.186625108862572,7.488299998022622,11.529308842660962,1.3770178946322174,133
7.739999999999923,5.178882927960639,7.372964974798827,5.166789342828837,7.486181171096547,11.386027360525693,1.497217624883554,134
7.7599999999999225,5.158894976555558,7.372270857641455,5.146953576795102,7.4840623441704714,11.242745878390329,1.6174173551348887,134
7.779999999999922,5.1388995112392415,7.371856094412649,5.127139885146879,7.481945875197313,11.071607218036382,1.7097098207307033,134
7.799999999999922,5.1189031474441755,7.37147473503444,5.107328833051567,7.479829688177259,10.897137525167553,1.7986652647072,134
7.819999999999921,5.098906783649109,7.37109337565623,5.087517780956255,7.477713501157204,10.722667832298715,1.8876207086836985,135
7.839999999999921,5.078908339689835,7.370915857240499,5.067726200508876,7.475599394069523,10.527907256285966,1.9562039315046835,135
7.85999999999992,5.05890835764168,7.3708890603478885,5.04794901754274,7.473486824899303,10.318143450423484,2.009723782545283,135
7.87999999999992,5.038908375593524,7.370862263455278,5.028171834576603,7.471374255729082,10.108379644560918,2.063243633585883,135
7.8999999999999195,5.018908393545368,7.370835466562667,5.008394651610467,7.469261686558862,9.898615838698351,2.116763484626571,136
7.919999999999919,4.9989094069843265,7.370975152691835,4.9886360357451665,7.467151100698644,9.672308479171944,2.1536378828740417,136
7.939999999999919,4.9789111755191655,7.371241119354841,4.968891503378474,7.465042019216731,9.433452519998827,2.1778863890502014,136
7.959999999999918,4.9589129440540045,7.371507086017848,4.949146971011781,7.462932937734817,9.194596560825628,2.2021348952261834,136
7.979999999999918,4.93891862883226,7.371978145559517,4.929427971271526,7.460826583609957,8.935388925468208,2.2058707858947217,137
7.999999999999917,4.918924821933518,7.3724758258743694,4.909712285631017,7.458720583492285,8.6735396705716,2.206944167321535,137
8.019999999999918,4.898931015034775,7.372973506189222,4.889996599990508,7.456614583374614,8.41169041567499,2.2080175487483507,137
8.039999999999917,4.878940867414853,7.373590546479933,4.870297138364172,7.454510316281924,8.13801154871923,2.1971494876721915,137
8.059999999999917,4.858954122265449,7.374318570059741,4.850612762150197,7.45240766059047,7.85333327224097,2.175178034893702,137
8.079999999999917,4.838967377116044,7.37504659363955,4.830571218255472,7.4501718457319805,7.559298238304385,2.153206582115122,138
8.099999999999916,4.818981775457766,7.375802235789083,4.810915582912305,7.447975089884244,7.262220273732995,2.1284712580536764,138
8.119999999999916,4.799003254348615,7.376728893380193,4.791285818027708,7.445781225374292,6.948225224609892,2.0866219171319633,138
8.139999999999915,4.7790247332394635,7.377655550971304,4.771307757072735,7.443533711012297,6.632860387151681,2.044772576210164,139
8.159999999999915,4.759046212130312,7.378582208562414,4.751706746098361,7.441237646057858,6.308384586706506,2.002923235288451,139
8.179999999999914,4.739074070450355,7.379635046903263,4.732126608955737,7.438944026266764,5.97145062305585,1.9484436801236733,139
8.199999999999914,4.719103962280364,7.380728106681523,4.712553125565915,7.436651185897131,5.630545489217342,1.8899381116983212,139
8.219999999999914,4.699133854110373,7.3818211664597815,4.692680216880544,7.434261526818252,5.283598043020044,1.8314325432730552,140
8.239999999999913,4.679167694166481,7.382981313164818,4.673152583598047,7.431858334691026,4.92457590907474,1.7662104135086096,140
8.259999999999913,4.659207231318144,7.384238262996794,4.653642297872699,7.429457277462186,4.556015532758371,1.6912966169599146,140
8.279999999999912,4.639246768469806,7.385495212828769,4.633863806809807,7.427002782999347,4.18551628559541,1.6163828204113075,141
8.299999999999912,4.6192863056214675,7.386752162660746,4.61439380975518,7.424477791841478,3.8041551136668565,1.5414690238626119,141
8.319999999999911,4.5993306164918595,7.388080599874339,4.594937625047328,7.421954591955245,3.415765965825257,1.4593966642466993,141
8.339999999999911,4.579380252268126,7.389488778606026,4.575276330568014,7.419402384372098,3.0193807034699214,1.3693391935044898,142
8.35999999999991,4.559429888044393,7.390896957337714,4.555884153094696,7.416741923491269,2.608705640374053,1.279281722762103,142
8.37999999999991,4.539481981318364,7.392338534201257,4.536498885043946,7.414082410531244,2.194755160003549,1.185879271017353,142
8.39999999999991,4.5195403710924245,7.393865682392067,4.516984898026015,7.411387453393467,1.7707142672341112,1.08390644577685,143
8.41999999999991,4.499598760866485,7.395392830582877,4.497676718693272,7.408571440546234,1.3318033138639622,0.9819336205364357,143
8.439999999999909,4.4796645746042465,7.397013327955784,4.478389139702396,7.405758432168058,0.8837623089519063,0.8706100215889492,143
8.459999999999908,4.45973225621111,7.39865731198083,4.459076835877544,7.402858448256224,0.42519550583336235,0.42519550583336235,144
8.479999999999908,4.439799937817972,7.4003012960058765,4.439868511089001,7.399861752644639,0.04448602700936981,0.04448602700936981,144
8.499999999999908,4.4198779807173825,7.402065411688412,4.420688597848958,7.396869489525925,0.5258774310865749,0.5258774310865749,144
8.519999999999907,4.399958532980729,7.403858621622214,4.401671542480722,7.393675139428057,1.0326553691613771,1.0326553691613771,145
8.539999999999907,4.380039085244074,7.405651831556015,4.382593571289121,7.390465947791177,1.5399235847064257,1.5399235847064257,145
8.559999999999906,4.360125555967248,7.407507920225452,4.363865247727407,7.387100875995016,2.0746873226680793,2.0746873226680793,146
8.579999999999906,4.34022135462945,7.409463110524211,4.34495441533914,7.3836353724531225,2.6257835355382197,2.6257835355382197,146
8.599999999999905,4.320317153291651,7.4114183008229695,4.326672894256213,7.38001554836783,3.203948041038456,3.203948041038456,147
8.619999999999905,4.300423185682602,7.413473920541932,4.3081760699545395,7.376271894874512,3.8001288508331204,3.8001288508331204,147
8.639999999999905,4.280533717289148,7.415573693631046,4.290407053037772,7.372224749685411,4.445912392306985,4.445912392306985,148
8.659999999999904,4.260651232574396,7.41773806681634,4.273697891750535,7.368181632409775,5.12450534856828,5.12450534856828,149
8.679999999999904,4.240772536302998,7.419937483682122,4.257383032318201,7.363886440209828,5.846048282561565,5.846048282561565,149
8.699999999999903,4.220893840031601,7.422136900547905,4.240999950634233,7.358694341159516,6.655234049464048,6.655234049464048,150
8.719999999999903,4.201015228391769,7.424337082153809,4.229633405994185,7.354221585195308,7.573099103419205,7.573099103419205,151
8.739999999999903,4.181136641597453,7.42653748826651,4.225528402937085,7.352502482731299,8.632386992850568,8.632386992850568,152
8.759999999999902,4.1612505029670155,7.428667649328851,4.2171286908905605,7.347465973180237,9.857019881771235,9.857019881771235,152
8.779999999999902,4.1413584573683115,7.430742865437855,4.2171286908905605,7.347465973180237,11.258849440374895,11.258849440374895,152
8.799999999999901,4.121437671571486,7.4325188495777335,4.2171286908905605,7.347465973180237,12.802641509396128,12.802641509396128,152
8.8199999999999,4.101512952119673,7.434248788637115,4.214935710780292,7.344688688936192,14.45189732894064,14.45189732894064,153
8.8399999999999,4.081540818574042,7.4353041945473795,4.213290961298683,7.342605707517762,16.10934809529654,16.10934809529654,153
8.8599999999999,4.061561628297081,7.435862051005844,4.213290961298683,7.342605707517762,17.809698507801325,17.809698507801325,153
8.8799999999999,4.04156759662548,7.435373484209022,4.213290961298683,7.342605707517762,19.51788266357939,19.51788266357939,153
8.899999999999899,4.021724088734118,7.433352165697359,4.213290961298683,7.342605707517762,21.197355103009837,21.197355103009837,153
8.919999999999899,4.002360926135744,7.428822566861333,4.213290961298683,7.342605707517762,22.78701967544417,22.78701967544417,153
8.939999999999898,3.984625230298687,7.419848252983784,4.213290961298683,7.342605707517762,24.135953961638425,24.135953961638425,153
8.959999999999898,3.972669275932053,7.404303937916433,4.213290961298683,7.342605707517762,24.8405851587689,24.8405851587689,153
8.979999999999897,3.9715779296359126,7.385415521352864,4.213290961298683,7.342605707517762,24.54747845221654,24.54747845221654,153
8.999999999999897,3.9883633461734807,7.377029796353072,4.213290961298683,7.342605707517762,22.75465885001409,22.75465885001409,153
9.019999999999897,4.008136065244899,7.379386522790204,4.213290961298683,7.342605707517762,20.84259094905059,20.84259094905059,153
9.039999999999896,4.027316005103909,7.38499132433685,4.213290961298683,7.342605707517762,19.07438723649664,19.07438723649664,153
9.059999999999896,4.045966241506779,7.392206680525158,4.213290961298683,7.342605707517762,17.452168454584545,17.452168454584545,153
9.079999999999895,4.064327737236263,7.400132516198985,4.213290961298683,7.342605707517762,15.96852398943523,15.96852398943523,153
9.099999999999895,4.0825281536489415,7.408423399143907,4.213290961298683,7.342605707517762,14.639289735310799,14.639289735310799,153
9.119999999999894,4.100671859375749,7.416837937973121,4.213290961298683,7.342605707517762,13.488323156087837,13.488323156087837,153
9.139999999999894,4.118873403557561,7.425126712876417,4.2171286908905605,7.347465973180237,12.524093571611484,12.524093571611484,152
9.159999999999894,4.137256282920348,7.433002309165273,4.2171286908905605,7.347465973180237,11.703019408983701,11.703019408983701,152
9.179999999999893,4.155890963859335,7.44025569697075,4.2171286908905605,7.347465973180237,11.117550113703349,11.117550113703349,152
9.199999999999893,4.1747731617880115,7.4468324910391965,4.225756214889173,7.352639079922509,10.710588406484987,10.710588406484987,151
9.219999999999892,4.193959795557944,7.452453337826535,4.2334225884034264,7.355768169044237,10.442860662494226,10.442860662494226,151
9.239999999999892,4.213362255379137,7.457268203800187,4.239174133022801,7.358115706073075,10.245716584513,10.231743379292459,151
9.259999999999891,4.232999039305389,7.461062504398936,4.2171286908905605,7.347465973180237,11.46997814458633,10.018194045795118,153
9.279999999999891,4.252763799025963,7.464054184390264,4.2199824102702985,7.333860767237494,13.425701217688873,9.804305908186805,156
9.29999999999989,4.27266416634691,7.465947666689641,4.2506434256508685,7.325721873646598,14.19443061744732,9.53228624212137,158
9.31999999999989,4.292625430020889,7.4671723838003,4.276381207202066,7.322150771590913,14.592855369254304,9.2178816672755,159
9.33999999999989,4.312623505218312,7.466894915967512,4.300676390602731,7.319733438410919,14.764563665844468,8.793980163030348,160
9.35999999999989,4.332610822686792,7.466381889739363,4.32390700994323,7.317924630512753,14.871218569220215,8.36161213766239,161
9.379999999999889,4.352550943675052,7.464835417957027,4.343869182330209,7.316754280128298,14.83354184296519,7.850070841487093,161
9.399999999999888,4.372419911818187,7.46256032488542,4.366350106552664,7.315633779691236,14.705186914371362,7.278317657631071,162
9.419999999999888,4.392282499997325,7.460219899533923,4.386275376183786,7.3148106302299585,14.553329906253124,6.307930785057253,162
9.439999999999888,4.412094990288624,7.457489077568023,4.408149257518601,7.314099623597726,14.344373223320819,5.2364167152515435,163
9.459999999999887,4.431904792116959,7.454737396637758,4.428019732704424,7.313552835930113,14.123800433611894,4.692099354900119,163
9.479999999999887,4.451714151280285,7.4519825301186104,4.44946394044865,7.313090139646815,13.891061723193276,4.232451938541101,164
9.499999999999886,4.471537001768421,7.449326773140524,4.4693246041998975,7.3127683748579395,13.657631875441007,3.7825457402303093,164
9.519999999999886,4.491363675486534,7.4466998009297685,4.49046567105901,7.312458731250885,13.424407324155013,3.335469611539585,165
9.539999999999885,4.511209545554538,7.444221607788806,4.510327230187062,7.31232586752984,13.189869134630614,2.9030264733339655,165
9.559999999999885,4.53105541562254,7.441743414647843,4.530188789315112,7.312193003808796,12.955330945106214,2.470583335128443,165
9.579999999999885,4.550918185874406,7.439405110700838,4.551105398531532,7.312138852672609,12.726639572599934,2.0519095874219055,166
9.599999999999884,4.570783248037104,7.437085777763951,4.570967005903544,7.3121680697199904,12.491784320067962,1.6351031694145917,166
9.619999999999884,4.590663809091653,7.43490330339471,4.590844313456677,7.312197309862831,12.270612629559814,1.2317775219312692,166
9.639999999999883,4.610545347622404,7.432729969999167,4.611580696038274,7.312317772917019,12.041664815336992,0.8293528139136395,167
9.659999999999883,4.630439952623309,7.430679435469351,4.631456200353588,7.312488669822865,11.819513460186029,0.4086458504425749,167
9.679999999999882,4.650335681309954,7.428640149769124,4.651332924986001,7.312659577221447,11.598485980263302,0.04071234555280594,167
9.699999999999882,4.670242786409352,7.426714749405171,4.671941226443512,7.312899007000425,11.382841436870326,0.32815914715280337,168
9.719999999999882,4.6901507036719305,7.424798016540535,4.691816114956858,7.313195594323165,11.161484775571783,0.7052832403151726,168
9.739999999999881,4.710068966704792,7.422991694931934,4.71170299420615,7.313492360580256,10.951152573741107,1.071511467965871,168
9.75999999999988,4.7299873686516545,7.42118695495635,4.732201014701569,7.3138106622116,10.739910834099362,1.437583526237005,169
9.77999999999988,4.749915552083343,7.41949358402447,4.752085836714305,7.31422060333153,10.529534937192341,1.7926590800994173,169
9.79999999999988,4.769843735515033,7.4178002130925895,4.771970658727043,7.314630544451461,10.319159040285234,1.9450577559312863,169
9.81999999999988,4.789779965457783,7.416204645495596,4.791865539267917,7.3150406929357965,10.118544814171107,1.8362315241047784,169
9.839999999999879,4.8097169471526104,7.414618215257572,4.811771659656646,7.3154520160377325,9.918748364175325,1.7283206438918206,170
9.859999999999879,4.8296599491400665,7.413109940628557,4.831674865643417,7.315864408229157,9.72664045812235,1.6282381028565247,170
9.879999999999878,4.849604694518126,7.411624298745606,4.851580283019367,7.316276846240315,9.536791729494176,1.530422536833825,170
9.899999999999878,4.869553520351315,7.410195250002833,4.871490951199709,7.316689393047551,9.352592647621307,1.438274828734527,170
9.919999999999877,4.889505093457611,7.408804304071437,4.891405154621401,7.31710201310459,9.172197338148877,1.349943154180826,171
9.939999999999877,4.909458738605503,7.407443964670522,4.911322063087248,7.31751468920984,8.994857732620016,1.2646764108536195,171
9.959999999999877,4.929415735001011,7.406133127201697,4.931243346596914,7.317927455965506,8.822460315791965,1.1843667801117095,171
9.979999999999876,4.949375782677785,7.4048702555608115,4.951168673498527,7.3183403064998,8.65485213160593,1.1088599386493545,172
9.999999999999876,4.969338012400318,7.40364168545505,4.971096891928481,7.318753216946235,8.49066884465923,1.0367876891088144,172
10.019999999999875,4.989300242122852,7.402413115349289,4.991025110358434,7.319166127392671,8.326485557712532,0.9647154395683607,172
10.039999999999875,5.009266596190522,7.4012538935846734,5.010958887636869,7.3195791530178225,8.169227072986644,0.8995862674292662,172
10.059999999999874,5.029233728043904,7.4001077498111325,5.030893713225469,7.319992200363842,8.013274495513219,0.8357664489500536,173
10.079999999999874,5.0492029266978085,7.398998779530878,5.050831374627739,7.320405306467603,7.861034188202049,0.7756680324408233,173
10.099999999999874,5.069174048859805,7.397924405484953,5.070771675235143,7.320818467255397,7.712248777299167,0.7190330110339798,173
10.119999999999873,5.089145729008976,7.396860737136865,5.090712755315939,7.3212316441937935,7.564532550553546,0.6634696318852517,173
10.139999999999873,5.109120330419653,7.395853116928383,5.110657916217442,7.321644905686335,7.4224138835220135,0.6135166814823475,174
10.159999999999872,5.129094931830331,7.394845496719902,5.130603077118947,7.322058167178877,7.2802952164903925,0.5635637310795322,174
10.179999999999872,5.149071836159323,7.393884961713578,5.150551515131953,7.322471496572802,7.14287928868668,0.5183236334569433,174
10.199999999999871,5.169049430572127,7.392938536081261,5.170500935151827,7.322884846313798,7.006872565974695,0.47449577151492184,175
10.219999999999871,5.1890279121198075,7.392011406304645,5.190451641562274,7.323298222708662,6.872793177028309,0.4325991267340728,175
10.23999999999987,5.209008070911248,7.391120757850544,5.210404780061254,7.323711649496127,6.742357663004232,0.3943536989396564,175
10.25999999999987,5.228988229702689,7.390230109396443,5.230357918560236,7.324125076283592,6.611922148980246,0.3561082711452377,175
10.27999999999987,5.248970159772833,7.38938024695875,5.250313672296839,7.324538557258487,6.485560692097035,0.32194462966061693,176
10.29999999999987,5.268952307192245,7.3885353892731604,5.27026974694284,7.324952044882589,6.359699152779537,0.2882818541690684,176
10.319999999999869,5.288936162944465,7.387732067347696,5.29022838943552,7.325365585712185,6.2379867592811635,0.2587756551188917,176
10.339999999999868,5.308920199756166,7.38693314763424,5.310187304084179,7.3257791321808226,6.116714117444823,0.22970999527311997,176
10.359999999999868,5.328904236567867,7.386134227920784,5.330146218732838,7.32619267864946,5.995441475608483,0.20064433542734597,177
10.379999999999868,5.34888986693251,7.385376358427254,5.350107576441544,7.326606275738028,5.878269673761887,0.17568642191676254,177
10.399999999999867,5.368875698192003,7.38462366402244,5.370069242140132,7.327019879208111,5.761614853573327,0.1512463607282116,177
10.419999999999867,5.388861995855632,7.383883667229964,5.390031637022908,7.327433497786807,5.6462285559665775,0.1280768360693299,178
10.439999999999866,5.408849190372653,7.3831680868090706,5.409995434061585,7.327847145418018,5.53328151370112,0.10735043939325152,178
10.459999999999866,5.4288363848896735,7.3824525063881765,5.429959231100264,7.328260793049228,5.420334471435666,0.08662404271708209,178
10.479999999999865,5.448824466145535,7.3817622798492755,5.449924439601408,7.328674469925782,5.309920436387514,0.06843446905688776,178
10.499999999999865,5.468812816112949,7.381079736385337,5.469890075822928,7.329088155664654,5.200273987318422,0.05101363769053387,179
10.519999999999865,5.488801312955118,7.380401579860522,5.489855949714055,7.3295018463280135,5.091065833765753,0.03403173183422683,179
10.539999999999864,5.508790554724354,7.379745673242904,5.509823029030319,7.329915561967646,4.984080650327624,0.019275991327445993,179
10.559999999999864,5.52877984895541,7.379091397792132,5.529790194568982,7.330329279393797,4.877258439894443,0.00468344815424509,179
10.579999999999863,5.54876992670391,7.378461483822653,5.549758647839401,7.330743023501606,4.772870231731721,0.007471742397501572,180
10.599999999999863,5.568760004452409,7.377831569853173,5.5697271011098195,7.331156767609414,4.668482023569087,0.01962693294924598,180
10.619999999999862,5.588750082200908,7.3772016558836935,5.5896955543802385,7.3315705117172225,4.564093815406454,0.03178212350099263,180
10.639999999999862,5.608740799930261,7.376592439221293,5.6096650760187226,7.331984277961498,4.461773568064142,0.04186662532099331,181
10.659999999999862,5.6287316067990885,7.375986105374975,5.629634746464422,7.3323980472890415,4.359741355812039,0.051662712094858045,181
10.679999999999861,5.648722853992342,7.375394534245777,5.649605162796168,7.332811832071259,4.259184186330767,0.059981884891397816,181
10.69999999999986,5.66871426117578,7.374808327093018,5.669575850142737,7.333225622468875,4.159162967962074,0.06776442667963398,181
10.71999999999986,5.688705668359218,7.37422211994026,5.6895465374893055,7.33363941286649,4.059141749593558,0.07554696846778361,182
10.73999999999986,5.708697350146353,7.373645436731387,5.709517696572095,7.334053213038427,3.9600721523876454,0.08237672558029516,182
10.75999999999986,5.72868932171506,7.373078803873189,5.729489353464878,7.334467023524931,3.862006774285621,0.08820103576600076,182
10.779999999999859,5.748681293283767,7.372512171014991,5.749461010357661,7.334880834011435,3.763941396183684,0.09402534595170414,183
10.799999999999859,5.768673584017424,7.371956951634825,5.769433222662928,7.335294656006023,3.667016459801378,0.09870786583103294,183
10.819999999999858,5.788665979191495,7.371405467089471,5.789405616715941,7.335708481766404,3.570464710402347,0.10301675742863682,183
10.839999999999858,5.8086583743655655,7.370853982544117,5.809378010768953,7.336122307526785,3.4739129610032267,0.10732564902633177,183
10.859999999999857,5.828651124530074,7.370315521586006,5.829351029391532,7.336536146228178,3.378662555479838,0.11033170035745808,184
10.879999999999857,5.848643876066791,7.369777110970315,5.849324050428371,7.336949984979593,3.2834171802755865,0.11333271558519803,184
10.899999999999856,5.868636685781812,7.369240881218899,5.86929717478642,7.337363825871813,3.1883897241812087,0.11611556696849107,184
10.919999999999856,5.888629707606236,7.368712602572651,5.889270675838158,7.337777674569082,3.094156768588652,0.11810302558483898,184
10.939999999999856,5.90862272943066,7.3681843239264015,5.909244176889896,7.338191523266353,2.999923812995917,0.12009048420118464,185
10.959999999999855,5.928615975470851,7.367664602064273,5.929218079280706,7.338605380279323,2.9065458877243553,0.12122197095298698,185
10.979999999999855,5.94860922751626,7.367145109380276,5.949191992420664,7.339019237515015,2.813190862907968,0.12233053203191042,185
10.999999999999854,5.968602515127975,7.366626997590156,5.969165969711353,7.339433096079903,2.7199738241698257,0.1233009579359093,186
11.019999999999854,5.988596001214356,7.366116591757851,5.9891403049896,7.339846962062253,2.6275268047035945,0.12350053254639223,186
11.039999999999853,6.008589487300737,7.365606185925545,6.009114640267846,7.3402608280446024,2.5350797852373637,0.12370010715687513,186
11.059999999999853,6.028582973387119,7.365095780093239,6.029088975546093,7.340674694026952,2.4426327657711324,0.12389968176735804,186
11.079999999999853,6.048576606461647,7.36459117725057,6.049063577935105,7.3410885655438065,2.3507656162511035,0.12351877128834779,187
11.099999999999852,6.068570293854929,7.364088718874491,6.0690382790336015,7.341502439105911,2.259112754848763,0.12292334536844979,187
11.119999999999852,6.08856398124821,7.363586260498413,6.089012980132097,7.341916312668015,2.1674598934464226,0.12232791944846297,187
11.139999999999851,6.108557787222955,7.363088547134481,6.108987898035095,7.342330190722285,2.0762811857898695,0.12125784421041381,187
11.159999999999851,6.1285516145234045,7.362591687114198,6.128962854928246,7.342744069584425,1.9851877500093305,0.1201024079726095,188
11.17999999999985,6.1485463611353355,7.362134913439439,6.14893956096652,7.3431579846886565,1.8981001841828962,0.11493729564975305,188
11.19999999999985,6.168541945849067,7.36171468498257,6.168917861634806,7.3435719328334415,1.8146646197650063,0.09805914801186942,188
11.21999999999985,6.188537530562799,7.361294456525703,6.187749749745378,7.343821835100339,1.7490371582398194,0.011868650738598408,189
11.23999999999985,6.208535210162954,7.361011427735761,6.207719595443044,7.342921462970451,1.810834207158388,0.08802704108762796,189
11.259999999999849,6.228534303402108,7.360820981912376,6.227686686130376,7.342021215054569,1.8818865240689677,0.19717106126164557,189
11.279999999999848,6.24853339664126,7.3606305360889905,6.247653776817707,7.341120967138686,1.9529388409796355,0.3638644877287501,189
11.299999999999848,6.268532855975376,7.360487698606623,6.266239208468885,7.339779211591546,2.08351206701005,0.5655582491009115,190
11.319999999999848,6.288532512966056,7.360370565113859,6.286009309014453,7.337589498659529,2.292037405842223,0.7698095225744461,190
11.339999999999847,6.308532169956737,7.3602534316210955,6.305779409560021,7.335399785727513,2.500562744674318,1.0109509130990617,190
11.359999999999847,6.328531540724107,7.360113431229195,6.325551729368119,7.333209826992606,2.7068121409441575,1.3123185971109732,190
11.379999999999846,6.348527863708841,7.359729937956497,6.343361743261397,7.330463430815584,2.9718971057333294,1.5895932570378821,191
11.399999999999846,6.368524186693575,7.3593464446837995,6.362819471826539,7.327028754825135,3.2817325447315207,1.8924768635096445,191
11.419999999999845,6.388505552143556,7.358531559789973,6.3823365429840475,7.323583603687162,3.5488255941566136,2.2394947387256794,191
11.439999999999845,6.408480415313044,7.357529142032651,6.401879411319177,7.320133898834386,3.7973378406252554,1.4799828465425628,191
11.459999999999845,6.428455278482533,7.356526724275329,6.418681187294643,7.316238142054649,4.145723960783773,0.542727874812159,192
11.479999999999844,6.448378478600054,7.354832377159292,6.437885174604688,7.311579216056426,4.450781250667863,0.10684754082193203,192
11.499999999999844,6.468280722599098,7.352857362272635,6.457133676428168,7.306909490747592,4.728068882766738,0.8854325491453305,192
11.519999999999843,6.488182966598141,7.350882347385977,6.476382178251648,7.302239765438758,5.005356514865528,1.8777126391125931,192
11.539999999999843,6.5079748869483645,7.348052047872262,6.492307771781474,7.297390312499502,5.302895368223068,2.7938938911490743,193
11.559999999999842,6.5277268582356935,7.344912043053073,6.511221928060404,7.291541119562738,5.586473122017496,3.7302086268686176,193
11.579999999999842,6.547478829523022,7.341772038233884,6.5301360843393335,7.285691926625973,5.870050875811982,4.7335063931197014,193
11.599999999999842,6.567039830509607,7.337641244862225,6.549155595518138,7.2798101527415255,6.053330551938291,5.647905276330087,193
11.619999999999841,6.586543850450624,7.333214823492724,6.564302486687598,7.274175584638331,6.308969794304982,6.194356422040048,194
11.63999999999984,6.6060478703916425,7.328788402123221,6.5828428072117955,7.267191043152646,6.582332101414029,6.582332101414029,194
11.65999999999984,6.62525440839121,7.323237100938841,6.60149371762179,7.26016484005468,6.739941037486679,6.739941037486679,194
11.67999999999984,6.644396795408416,7.317443223197338,6.620168476369532,7.253129652769836,6.87258814754908,6.87258814754908,194
11.69999999999984,6.663539182425621,7.311649345455836,6.634678090359628,7.246836174073575,7.0948642128429675,7.0948642128429675,195
11.719999999999839,6.6822094711927935,7.3044964299278545,6.652916975628313,7.238714458445497,7.200915267173177,7.200915267173177,195
11.739999999999839,6.700821344286426,7.297175352142002,6.671169602510783,7.230586623721993,7.289228040693428,7.289228040693428,195
11.759999999999838,6.719433217380059,7.28985427435615,6.689422229393254,7.2224587889984875,7.377540814213844,7.377540814213844,195
11.779999999999838,6.737819008281527,7.282016889270651,6.703562571604319,7.21553494871036,7.478871488721839,7.478871488721839,196
11.799999999999837,6.755821867748914,7.273304997914723,6.721335576622564,7.206376975645193,7.529053353883261,7.529053353883261,196
11.819999999999837,6.773811371389293,7.264567950654168,6.739108270591421,7.197219162855788,7.576387280820921,7.576387280820921,196
11.839999999999836,6.791113259686201,7.2545357693678625,6.756864950401706,7.1880696017510415,7.477097114866005,7.477097114866005,196
11.859999999999836,6.808415147983109,7.244503588081557,6.773238130361309,7.179450424813317,7.395496345728711,7.395496345728711,197
11.879999999999836,6.825717036280017,7.234471406795251,6.7908229887229705,7.169941542517857,7.336005683321353,7.336005683321353,197
11.899999999999835,6.84263960995139,7.223838808897241,6.808365566314043,7.160455523236852,7.205658171438127,7.205658171438127,197
11.919999999999835,6.859130239167347,7.212522486700441,6.8258599966858995,7.15099553920907,6.994622436114872,6.994622436114872,197
11.939999999999834,6.8756208683833036,7.20120616450364,6.843354427057757,7.14153555518129,6.783586700791496,6.783586700791496,198
11.959999999999834,6.891837117740943,7.189510109920913,6.860795435704652,7.132104458556764,6.5260974802590415,6.5260974802590415,198
11.979999999999833,6.907758881421738,7.17740649718368,6.8781791080261705,7.122704366126759,6.218750787981238,6.218750787981238,198
11.999999999999833,6.923680645102532,7.165302884446447,6.8955627803476895,7.113304273696754,5.911404095703235,5.911404095703235,198
12.019999999999833,6.9394397124207154,7.152991349607327,6.912907560746166,7.103925211786919,5.578029179820246,5.578029179820246,199
12.039999999999832,6.955016930353613,7.140447415556521,6.930208870767158,7.09456965616268,5.215561932758807,5.215561932758807,199
12.059999999999832,6.97058624174891,7.127893794635264,6.947508116080147,7.0852152170140466,4.851866519344326,4.851866519344326,199
12.079999999999831,6.985996539152898,7.1151453541847385,6.964765836584536,7.075883232099004,4.463470580413171,4.463470580413171,199
12.099999999999831,7.001406836556888,7.102396913734214,6.982023557088924,7.066551247183963,4.075074641482057,4.075074641482057,200
12.11999999999983,7.016817133960878,7.089648473283689,6.999281277593313,7.05721926226892,3.6866787025509433,3.6866787025509433,200
12.13999999999983,7.032194189401706,7.076859956725914,7.016530044924484,7.0478921187161765,3.293176371167666,3.293176371167666,200
12.15999999999983,7.047571119517247,7.064071289077493,7.033778778501362,7.038564993415817,2.899654788210633,2.899654788210633,200
12.17999999999983,7.062948049632788,7.051282621429072,7.05102751207824,7.029237868115459,2.5061332052536005,2.5061332052536005,200
12.199999999999829,7.078357167339776,7.038532982668028,7.068284821163271,7.019906105672396,2.117575746247966,2.117575746247966,201
12.219999999999828,7.093839267309381,7.025871838149023,7.0855615743868645,7.010563828955,1.7402739600527142,1.7402739600527142,201
12.239999999999828,7.1093213672789854,7.0132106936300165,7.102838327610458,7.001221552237603,1.3629721738574618,1.3629721738574618,201
12.259999999999827,7.124839661875036,7.000594441380301,7.120124303551168,6.991874288404036,0.9913408699934404,0.9913408699934404,201
12.279999999999827,7.140496318996948,6.9881498004547105,7.137445535510815,6.982507960138593,0.6413863268875727,0.6413863268875727,202
12.299999999999827,7.156152976118859,6.97570515952912,7.154766767470462,6.973141631873149,0.2914317837817051,0.2914317837817051,202
12.319999999999826,7.171967894317678,6.9634633609430105,7.172125584916806,6.963754979533342,0.03315233434923206,0.03315233434923206,202
12.339999999999826,7.1878467221182065,6.9513034749369185,7.189499580280121,6.9543601198470215,0.34749126909704353,0.34749126909704353,202
12.359999999999825,7.203725549918736,6.939143588930826,7.206873575643437,6.944965260160701,0.6618302038448127,0.07072497585976634,203
12.379999999999825,7.219780260482424,6.927219554680828,7.2242849801459155,6.935550171758643,0.9470569156276779,0.23583683438983968,203
12.399999999999824,7.235964354061297,6.915469017883292,7.241723903588473,6.926120202692964,1.2108680712851267,0.5210180811097316,203
12.419999999999824,7.25214844764017,6.903718481085756,7.25916282703103,6.916690233627285,1.4746792269425333,0.8061993278295037,203
12.439999999999824,7.268332541219044,6.891967944288219,7.2766017504735885,6.9072602645616055,1.738490382599982,1.091380574549354,204
12.459999999999823,7.284746290860289,6.880542236720686,7.294082462021583,6.897807698886514,1.9628048190093512,1.337118644948077,204
12.479999999999823,7.301221032100512,6.869202796652162,7.31157427157127,6.888349132048967,2.1766297954999505,1.5723814752517753,204
12.499999999999822,7.317768930143472,6.857972649939597,7.3290769579389785,6.8788846836524,2.3773612401764668,1.7945648738341342,204
12.519999999999822,7.33453200276373,6.847063965494262,7.346611636064567,6.869402935949017,2.539580952954849,1.97827801282723,205
12.539999999999822,7.351295075383988,6.836155281048925,7.364146314190155,6.859921188245634,2.7018006657333102,2.1619911518204047,205
12.559999999999821,7.368058148004247,6.825246596603589,7.381680992315744,6.850439440542251,2.8640203785118126,2.345704290813579,205
12.57999999999982,7.384953202036337,6.814547217812854,7.39923021770793,6.840949826511886,3.001551136664322,2.5047477509976215,205
12.59999999999982,7.402021656403535,6.804122829796528,7.416798555646864,6.8314498775130135,3.1066449558109714,2.6313795972048135,206
12.61999999999982,7.419090110770731,6.793698441780203,7.434366893585795,6.821949928514141,3.2117387749575004,2.6239824146052637,206
12.63999999999982,7.436202937224572,6.783348260849959,7.451938516223276,6.812448203338787,3.3081945216047655,2.5527778938247065,206
12.659999999999819,7.453463711547591,6.773245505296654,7.4695210908846,6.80294055593742,3.3758487284389496,2.353674641392386,206
12.679999999999819,7.470724485870608,6.763142749743349,7.488447775045811,6.791976079864482,3.384488004206975,2.054035596594914,207
12.699999999999818,7.487984998303829,6.753039547853921,7.505482326681911,6.781505271139019,3.3413379094521503,1.6904857183459603,207
12.719999999999818,7.50522387509755,6.742899472563723,7.522517625669701,6.771034003030956,3.302462132202946,1.1896149524130557,207
12.739999999999817,7.522462751891271,6.732759397273526,7.53955292465749,6.760562734922895,3.2635863549537714,0.6721126105875095,207
12.759999999999817,7.539701628684993,6.722619321983329,7.557698523867238,6.748451715136255,3.1483341185586933,0.03430059507734533,208
12.779999999999816,7.5567702747694625,6.712196726834877,7.57407826889672,6.7370402848184225,3.0278194034502146,0.7097339897210794,208
12.799999999999816,7.573790679914663,6.7016940696142875,7.590463087876794,6.725625319583929,2.9166314686041224,1.5226998680363286,208
12.819999999999816,7.5908110850598645,6.691191412393697,7.606847906856867,6.714210354349435,2.805443533757979,2.3904142111664393,208
12.839999999999815,7.607632716422952,6.6803788088127485,7.623903666531084,6.7010144882752405,2.6278795335784344,2.6278795335784344,209
12.859999999999815,7.624277940714953,6.669291135104123,7.639558557539763,6.6886708215201205,2.4679333380969966,2.4679333380969966,209
12.879999999999814,7.640923165006955,6.658203461395496,7.6552134485484435,6.6763271547650005,2.3079871426157386,2.3079871426157386,209
12.899999999999814,7.657447586285019,6.64694198636772,7.671777812009847,6.662999622500911,2.152215248320919,2.152215248320919,210
12.919999999999813,7.673641199043524,6.635204571583042,7.686623087158816,6.6497513372572215,1.9497123136951529,1.9497123136951529,210
12.939999999999813,7.6898348118020285,6.623467156798364,7.701468362307786,6.6365030520135315,1.7472093790694458,1.7472093790694458,210
12.959999999999813,7.705681526065259,6.611272563486255,7.716347648834508,6.623224414187657,1.6019141990671615,1.6019141990671615,210
12.979999999999812,7.721345453096836,6.598837074354361,7.731513340375683,6.608887895465587,1.4297025450253569,1.4297025450253569,211
12.999999999999812,7.737009380128413,6.586401585222469,7.745471940605995,6.594766713510237,1.1899172286656994,1.1899172286656994,211
13.019999999999811,7.752378127018974,6.573615742766243,7.759459824716587,6.580615906592858,0.9957546679771376,0.9957546679771376,211
13.03999999999981,7.767291398631409,6.560289290507156,7.773492895076729,6.566419387122556,0.8719899235395866,0.8719899235395866,211
13.05999999999981,7.782204670243844,6.546962838248068,7.787063457179569,6.551185868420886,0.6437530141855717,0.6437530141855717,212
13.07999999999981,7.7971179418562775,6.533636385988981,7.80007944534788,6.536210386200842,0.3923771147943199,0.3923771147943199,212
13.09999999999981,7.8116115296888475,6.519868280301936,7.813133500552808,6.521191106135972,0.2016497829886387,0.2016497829886387,212
13.11999999999981,7.825680927807666,6.505653779375974,7.8260347849068665,6.505922787948382,0.04445002347392935,0.04445002347392935,213
13.139999999999809,7.8397503259264845,6.491439278450012,7.838036110317294,6.490136100712812,0.21533247245891954,0.21533247245891954,213
13.159999999999808,7.853592926943167,6.477012732979509,7.850056528379288,6.474324298774616,0.44422734356004584,0.44422734356004584,213
13.179999999999808,7.866830461110221,6.4620204786735,7.862127883293768,6.458445493890375,0.5907178202777771,0.5907178202777771,213
13.199999999999807,7.880067995277275,6.4470282243674895,7.8732090802275545,6.44250269219428,0.8217369232913921,0.8217369232913921,214
13.219999999999807,7.893237428791995,6.4319793031167105,7.884121131112536,6.425964343294366,1.0921841650789572,1.0921841650789572,214
13.239999999999807,7.905574002105551,6.416237354098903,7.895099148584281,6.409326015166065,1.2549468599770395,1.2549468599770395,214
13.259999999999806,7.917910575419108,6.400495405081096,7.9054785865215775,6.3934544123260455,1.4287404485244797,1.4287404485244797,215
13.279999999999806,7.930247148732664,6.384753456063289,7.915225032707937,6.376245516507725,1.7264095844888072,1.7264095844888072,215
13.299999999999805,7.9417994046796485,6.368430040535199,7.92503033766554,6.358932696198064,1.927177101311045,1.927177101311045,215
13.319999999999805,7.953276386434792,6.352050819253584,7.934841291543627,6.34160990182378,2.1186445676947763,2.1186445676947763,215
13.339999999999804,7.964337189558843,6.335398454464986,7.9432779368710875,6.325319638478145,2.334683394945292,2.334683394945292,216
13.359999999999804,7.974797802212265,6.3183521767799595,7.951865251785363,6.307376813157674,2.542362042911667,2.542362042911667,216
13.379999999999804,7.9852584148656875,6.301305899094933,7.960452566699638,6.289433987837204,2.750040690878003,2.750040690878003,216
13.399999999999803,7.995719027519109,6.284259621409905,7.968469194325392,6.272683589070643,2.960672109175642,2.960672109175642,216
13.419999999999803,8.005321991752957,6.266727234738016,7.975488164621504,6.254931370964594,3.2081141554978285,3.2081141554978285,217
13.439999999999802,8.014573292089839,6.2489955274858415,7.9828019209423395,6.236433586830377,3.416463636018343,3.416463636018343,217
13.459999999999802,8.023824592426719,6.231263820233668,7.990115677263176,6.21793580269616,3.6248131165386424,3.6248131165386424,217
13.479999999999801,8.032388632654305,6.21319784039585,7.995897465493121,6.20167542558427,3.826710498425001,3.826710498425001,218
13.499999999999801,8.04062603984264,6.194972991348093,8.001877222025188,6.182737703000672,4.063463009791883,4.063463009791883,218
13.5199999999998,8.048513600565485,6.176603600344438,8.007866762482712,6.163768994997338,4.2625022469707,4.2625022469707,218
13.5399999999998,8.055542055031983,6.157879262497338,8.013489952399548,6.145960508964695,4.370853488256967,4.370853488256967,218
13.5599999999998,8.062570509498482,6.139154924650238,8.017676129503798,6.128432745299227,4.615701989017834,4.615701989017834,219
13.5799999999998,8.06959896396498,6.120430586803138,8.022286040442774,6.109130783761292,4.864358417101523,4.864358417101523,219
13.599999999999799,8.075627383137554,6.10136922203689,8.026918136141365,6.089735933362279,5.007917879041768,5.007917879041768,219
13.619999999999798,8.081366173906646,6.0822102481471285,8.030145645334125,6.073821144745643,5.190298260340459,5.190298260340459,220
13.639999999999798,8.086534870818411,6.06289948007761,8.03336084330502,6.054190424792254,5.388250964792056,5.388250964792056,220
13.659999999999798,8.091083089312177,6.043423502347777,8.036586183451929,6.034497780746226,5.522301381171702,5.522301381171702,220
13.679999999999797,8.09563130780594,6.0239475246179435,8.039508181298926,6.016657224127925,5.659464471270299,5.659464471270299,220
13.699999999999797,8.099183844484335,6.004278851700011,8.041089081838216,5.99905979231755,5.832872386523286,5.832872386523286,221
13.719999999999796,8.10223028066945,5.984512232703076,8.042875028669146,5.979179934734367,5.959428950534462,5.959428950534462,221
13.739999999999796,8.105276716854567,5.964745613706141,8.044660975500078,5.959300077151184,6.08598551454545,6.08598551454545,221
13.759999999999796,8.107765834640404,5.944914949343659,8.045947565547392,5.941287219389514,6.192462206809333,6.192462206809333,222
13.779999999999795,8.109282640245164,5.924972549769953,8.047119050229062,5.921324555077327,6.227053708590772,6.227053708590772,222
13.799999999999795,8.110799445849924,5.9050301501962466,8.048290534910734,5.90136189076514,6.261645210372029,6.261645210372029,222
13.819999999999794,8.111325255336158,5.8850484592406875,8.049059588228403,5.883570535763853,6.228320446297888,6.228320446297888,223
13.839999999999794,8.111392096383325,5.86504857093414,8.049534071292591,5.863580323153962,6.187544763207667,6.187544763207667,223
13.859999999999793,8.111370828129022,5.845051175160192,8.050008445616255,5.843594691837638,6.137966545454634,6.137966545454634,223
13.879999999999793,8.110173441237992,5.825087050720758,8.05006085228978,5.826050472556899,6.012030881233864,6.012030881233864,224
13.899999999999793,8.10893511442088,5.805126675409069,8.049740712378387,5.806075381503796,5.920200398992001,5.920200398992001,224
13.919999999999792,8.106486512212024,5.785277132663133,8.049422037523998,5.786191702505229,5.707180310290237,5.707180310290237,224
13.939999999999792,8.10403791000317,5.765427589917196,8.04848334447402,5.768871678459963,5.566122076475683,5.566122076475683,225
13.959999999999791,8.10070849146988,5.745722187636866,8.047253644063737,5.749036104787567,5.355747154315478,5.355747154315478,225
13.97999999999979,8.096702281202752,5.7261275383852075,8.046003912936053,5.732014555862138,5.103901957992109,5.103901957992109,226
13.99999999999979,8.092696070935624,5.706532889133548,8.043705583824824,5.712221590046119,4.931966286813102,4.931966286813102,226
14.01999999999979,8.087569913674164,5.687213498659506,8.041423892205946,5.692571904544389,4.645608475724518,4.645608475724518,226
14.03999999999979,8.082036495059954,5.667994204228131,8.03842057104837,5.675898725430417,4.432640615729764,4.432640615729764,227
14.059999999999789,8.075902943396542,5.64896902731435,8.034887232678189,5.6564023114266835,4.168383665674636,4.168383665674636,227
14.079999999999789,8.069132533230304,5.630149847040467,8.030884725949726,5.640155824347018,3.9534976206284558,3.9534976206284558,228
14.099999999999788,8.061264372212264,5.6117743828596165,8.0258814640618,5.621030876268406,3.6573663467187614,3.6573663467187614,228
14.119999999999788,8.053056098976858,5.59353639364773,8.020432589751794,5.605412989509244,3.4718105988311354,3.4718105988311354,229
14.139999999999787,8.044383139413815,5.575531026798535,8.01427724224562,5.588505027118959,3.2782460685804,3.2782460685804,229
14.159999999999787,8.034700888126162,5.558030912227403,8.006172265439243,5.572296324465018,3.18964621662286,3.18964621662286,230
14.179999999999787,8.023914550606504,5.541203472660249,7.998601944450072,5.558685710934247,3.076291087493982,3.076291087493982,231
14.199999999999786,8.012803096453998,5.524574113483879,7.987237498245356,5.542231081586597,3.107037711947162,3.107037711947162,231
14.219999999999786,8.000908356679528,5.50851596287319,7.977211341772755,5.531721175773308,3.316670651770568,3.316670651770568,232
14.239999999999785,7.98817553550878,5.493110856358054,7.967905917516652,5.522936495974115,3.6061422490715596,3.6061422490715596,233
14.259999999999785,7.9743691267841275,5.478640781094676,7.951734529394397,5.511946359170341,4.026892759870095,4.026892759870095,233
14.279999999999784,7.960191529197894,5.464568228651909,7.942751529661512,5.508337809403414,4.711613081516256,4.711613081516256,234
14.299999999999784,7.944810546369394,5.451784435504749,7.931510555414813,5.5038588406245275,5.3746008484079715,5.3746008484079715,234
14.319999999999784,7.928609595346763,5.440104154509758,7.918637119261394,5.501777218169634,6.2474131130159885,6.2474131130159885,235
14.339999999999783,7.911482767861998,5.429844569077156,7.9096890244591735,5.500330319700038,7.05085708000542,7.05085708000542,235
14.359999999999783,7.893570725357409,5.420947449694246,7.896889277585754,5.500861846312346,7.998327059908969,7.998327059908969,236
14.379999999999782,7.875172576412169,5.413221115992492,7.886207011525663,5.501305441701133,8.87727840828473,8.87727840828473,236
14.399999999999782,7.856226358512345,5.406814804472405,7.877332960259532,5.503247735317198,9.87157474197054,9.87157474197054,237
14.419999999999781,7.836712440796397,5.402493484233407,7.861106172993128,5.50679934713142,10.712033983042081,10.712033983042081,237
14.439999999999781,7.817017240248074,5.399196448107368,7.85791447657258,5.507999056992468,11.623507060774134,11.623507060774134,238
14.45999999999978,7.797095525326968,5.39742860348688,7.84104127097663,5.514341436866265,12.489931612903517,12.489931612903517,238
14.47999999999978,7.77711855782758,5.39753857814,7.834428799432868,5.516826963768473,13.234116041014532,13.234116041014532,238
14.49999999999978,7.757173407970697,5.398687265923159,7.8216309161153035,5.523439431491327,14.042034457356811,14.042034457356811,239
14.51999999999978,7.737375559495656,5.401486278752561,7.806217991621584,5.53140305041178,14.70294120894409,14.70294120894409,239
14.539999999999779,7.7180153013228665,5.406504286672333,7.8007659033260195,5.534916452629319,15.27656587641631,15.27656587641631,240
14.559999999999778,7.698816546341876,5.412012301154829,7.784692499888228,5.545274379394313,15.85353616522251,15.85353616522251,240
14.579999999999778,7.680266731435377,5.41948922344509,7.776517851141773,5.550542237777452,16.260126263449873,16.260126263449873,240
14.599999999999778,7.6622644691666,5.428149480877909,7.763194846703589,5.560687940901185,16.65934707457067,16.65934707457067,241
14.619999999999777,7.644976400221189,5.4381530369689495,7.747430678448025,5.572692633375439,16.91087878503157,16.91087878503157,241
14.639999999999777,7.628344326119072,5.449260426899155,7.740655672139594,5.578363439480097,17.111816473541396,17.111816473541396,242
14.659999999999776,7.612310317344814,5.4611651885233545,7.725633722327549,5.591431572976871,17.26601431583802,17.26601431583802,242
14.679999999999776,7.596990996764371,5.474022809491231,7.712832260507326,5.602568024244096,17.30406617573595,17.30406617573595,242
14.699999999999775,7.582531880746313,5.487825515146335,7.703128245933389,5.611992950228624,17.30925626110172,17.30925626110172,243
14.719999999999775,7.568794049203936,5.5023393479075065,7.6888051121966345,5.62590414897084,17.225247546104768,17.225247546104768,243
14.739999999999775,7.555717162154732,5.51747192948179,7.678942021468465,5.635483576060876,17.06197956897048,17.06197956897048,243
14.759999999999774,7.543045843862778,5.53292688597796,7.666548503025178,5.648704077166578,16.928456757693453,16.928456757693453,244
14.779999999999774,7.531253943814844,5.549080866702831,7.652972704842787,5.663185748025616,16.68393860210003,16.68393860210003,244
14.799999999999773,7.5199607365525525,5.565575974279556,7.643753430418326,5.673020197240348,16.391733313531418,16.391733313531418,244
14.819999999999773,7.509179655450818,5.582421397701892,7.631057201999372,5.687715970523412,16.106235878802153,16.106235878802153,245
14.839999999999772,7.499454445396569,5.599897589710833,7.618255283582052,5.702534079054632,15.699645887214478,15.699645887214478,245
14.859999999999772,7.489731330892428,5.617375033583991,7.607319287880683,5.715192398371883,15.295477920849471,15.295477920849471,245
14.879999999999772,7.480789611363824,5.635255404108061,7.5967061091424215,5.728400242526498,14.870304429046632,14.870304429046632,246
14.899999999999771,7.47218959624425,5.653311974655733,7.584515291818327,5.743571419730323,14.409659715403823,14.409659715403823,246
14.91999999999977,7.464249488527178,5.6716628890779015,7.572439670972833,5.7585992377037,13.879136965247637,13.879136965247637,246
14.93999999999977,7.456560430249078,5.690125781126438,7.563319192791865,5.770485278350521,13.36229103626119,13.36229103626119,247
14.95999999999977,7.44941661765244,5.708802600517887,7.551761577570473,5.78583973851521,12.809844437557558,12.809844437557558,247
14.97999999999977,7.442499066171402,5.727568193540948,7.540243139916745,5.8011421507106125,12.233981823567735,12.233981823567735,247
14.999999999999769,7.435924213915622,5.746454656414977,7.530787698875628,5.813716284694973,11.628932632719774,11.628932632719774,248
15.019999999999769,7.429538389063672,5.765407789162896,7.519708669477945,5.829341766347951,11.05361158567087,11.05361158567087,248
15.039999999999768,7.423306634586715,5.784411546515005,7.5086572973407275,5.844928241152905,10.46279406394201,10.46279406394201,248
15.059999999999768,7.4172063506921,5.803458502607911,7.4976295255623695,5.860481430824197,9.858753165879333,9.858753165879333,248
15.079999999999767,7.411141788592965,5.822516805873285,7.48811061322828,5.87414809644133,9.268219964731042,9.268219964731042,249
15.099999999999767,7.405132232746322,5.841592582096706,7.477420572447909,5.89008416670253,8.704618219310838,8.704618219310838,249
15.119999999999767,7.39911095214259,5.860664645578888,7.466728610674715,5.906023100664366,8.142196996578006,8.142196996578006,249
15.139999999999766,7.393045144118951,5.879722609085526,7.456029353496304,5.921972910177803,7.584259076058954,7.584259076058954,249
15.159999999999766,7.3869793360953135,5.898780572592164,7.446407753654841,5.936625158631717,7.0455301476430465,7.0455301476430465,250
15.179999999999765,7.380757345294029,5.917788108408,7.4360007187154755,5.9529676182185876,6.549372655067533,6.549372655067533,250
15.199999999999765,7.374532961663905,5.93679487163652,7.425593343430771,5.969310612259312,6.053458494469703,6.053458494469703,250
15.219999999999764,7.368165887833397,5.955754084589069,7.415166342632214,5.985684424796264,5.572134255573961,5.572134255573961,250
15.239999999999764,7.361744472647225,5.974695188754528,7.405421174950467,6.001224242302121,5.110229942201299,5.110229942201299,251
15.259999999999764,7.35509325995254,5.993556631509321,7.395259810316099,6.0179536328675916,4.69953768298946,4.69953768298946,251
15.279999999999763,7.348413505958277,6.012408180161252,7.385095143759571,6.034688459626667,4.291798463164729,4.132416123914077,251
15.299999999999763,7.341703967304568,6.031248894804602,7.37492725722982,6.051428587660874,3.887167345549796,3.519514534943084,251
15.319999999999762,7.3347108808799755,6.049986470481785,7.364728716791434,6.068219183445072,3.512125132749175,2.9769457186831616,252
15.339999999999762,7.327717794455383,6.068724046158968,7.354530176353047,6.08500977922927,3.137082919948601,2.443311902211544,252
15.359999999999761,7.320503709232842,6.087377091134284,7.344309582592725,6.10183668299465,2.785317581883898,1.9325321639074546,252
15.379999999999761,7.31320717248365,6.1059985988999745,7.334080761049817,6.1186771327544225,2.44223651665438,1.4609900540251723,252
15.39999999999976,7.305808323639919,6.12457902142705,7.323842595726708,6.135532965856293,2.110032862917714,1.015011106924643,252
15.41999999999976,7.2981996071366435,6.143075167868208,7.313585263976685,6.152420354034978,1.8001414969137608,0.5910928803200479,253
15.43999999999976,7.290590890633368,6.1615713143093656,7.303327932226662,6.169307742213662,1.490250130909883,0.18162612612583234,253
15.45999999999976,7.282730810617235,6.179961810369214,7.293049734620797,6.186229483362093,1.2073272851094117,0.17392071817458854,253
15.479999999999759,7.2748409884620395,6.198339805536244,7.282769068099777,6.203155289264362,0.9275954413325352,0.5262962101985329,253
15.499999999999758,7.2666677307235,6.216593298118029,7.272467256970735,6.220115907066282,0.6785519765992656,0.6785519765992656,254
15.519999999999758,7.258471207894252,6.234836571221001,7.262163710240193,6.237079382314658,0.4320274895953924,0.4320274895953924,254
15.539999999999758,7.250274685065003,6.253079844323971,7.25186016350965,6.254042857563033,0.18550300259156513,0.18550300259156513,254
15.559999999999757,7.241775157153328,6.271183706673477,7.241536812918016,6.271038937342279,0.027886579883833272,0.027886579883833272,254
15.579999999999757,7.2332533130944,6.289277301502456,7.231212003783586,6.28803741842617,0.23883579600374694,0.23883579600374694,255
15.599999999999756,7.224627955293823,6.307321240603194,7.220881329759669,6.3050455553024065,0.438359971728655,0.438359971728655,255
15.619999999999756,7.2158497350276365,6.325291851303955,7.210541994842489,6.322067951234511,0.6210123793515478,0.6210123793515478,255
15.639999999999755,7.206975350815317,6.343214596533338,7.200197981483994,6.339098049623405,0.7929608660888763,0.7929608660888763,255
15.659999999999755,7.197930048362975,6.361052267444801,7.189845652836995,6.356141838074022,0.9458845998635501,0.9458845998635501,256
15.679999999999755,7.1888847459106335,6.378889938356264,7.179493324189997,6.373185626524638,1.0988083336381478,1.0988083336381478,256
15.699999999999754,7.179768579646044,6.396690987801091,7.169138146568694,6.390234105447997,1.2437742445223243,1.2437742445223243,256
15.719999999999754,7.1704502590016395,6.41438756657689,7.158774841630846,6.407295964961231,1.366038741242117,1.366038741242117,256
15.739999999999753,7.161131938357236,6.432084145352689,7.148411536692997,6.424357824474465,1.4883032379620615,1.4883032379620615,257
15.759999999999753,7.151680218974564,6.449709479105017,7.138043891986123,6.4414268288637695,1.5954676704794766,1.5954676704794766,257
15.779999999999752,7.14215494516932,6.467295529228201,7.127673854384015,6.458499772849808,1.6943061134290296,1.6943061134290296,257
15.799999999999752,7.132519042531466,6.484820808126398,7.117300966318853,6.475577409759626,1.7805343495134973,1.7805343495134973,257
15.819999999999752,7.122786065390341,6.502292761536658,7.1069255770315545,6.492659164612607,1.8556973909403713,1.8556973909403713,258
15.839999999999751,7.113053088249217,6.519764714946919,7.096550187744255,6.509740919465587,1.930860432367444,1.930860432367444,258
15.85999999999975,7.103242638414744,6.5371928288822945,7.086173371013098,6.526825024422779,1.9971260824986525,1.9971260824986525,258
15.87999999999975,7.093276550338603,6.5545328718020395,7.075793686628285,6.543913850605883,2.04551737875276,2.04551737875276,258
15.89999999999975,7.083310462262461,6.571872914721784,7.065414002243472,6.561002676788987,2.0939086750068685,2.0939086750068685,259
15.91999999999975,7.073324025204887,6.589201092552401,7.055034098315044,6.578091864422644,2.13994480133196,2.13994480133196,259
15.939999999999749,7.063142190385253,6.606415337807587,7.044652086255016,6.5951845228260435,2.163365794073444,2.163365794073444,259
15.959999999999749,7.05296035556562,6.623629583062773,7.034270074194987,6.612277181229444,2.1867867868148814,2.1867867868148814,259
15.979999999999748,7.042778520745987,6.640843828317959,7.023888062134959,6.629369839632844,2.2102077795563195,2.2102077795563195,260
15.999999999999748,7.032457286641088,6.657974687026823,7.013505480353733,6.646463436009515,2.2173855360240924,2.2173855360240924,260
16.019999999999747,7.022105376008601,6.675087195500364,7.003122773198348,6.663557238798744,2.2209887685286365,2.2209887685286365,260
16.039999999999747,7.011744528872622,6.692194247489622,6.992740078683107,6.68065102077759,2.223544939800295,2.223544939800295,260
16.059999999999746,7.001251725213647,6.709220728963319,6.982357570812379,6.697744495470056,2.2106401917337273,2.2106401917337273,261
16.079999999999746,6.990758921554671,6.726247210437017,6.971975062941651,6.714837970162522,2.197735443667206,2.197735443667206,261
16.099999999999746,6.980230237708798,6.743251395138075,6.9615927783819025,6.7319310772019465,2.1806065402468247,2.1806065402468247,261
16.119999999999745,6.96961069143424,6.760199115837994,6.951211059331417,6.749023253202513,2.1527804513381654,2.1527804513381654,261
16.139999999999745,6.958991145159682,6.777146836537915,6.940829340280931,6.766115429203081,2.1249543624295066,2.1249543624295066,261
16.159999999999744,6.94831955898764,6.79406171562117,6.9304481682218535,6.783206704652076,2.09097554037003,2.09097554037003,262
16.179999999999744,6.937591432878511,6.810940913178714,6.920067590454103,6.800297001676215,2.0503119406288484,2.0503119406288484,262
16.199999999999743,6.926863306769382,6.827820110736258,6.909687012686353,6.817387298700353,2.0096483408875905,2.0096483408875905,262
16.219999999999743,6.916073463951347,6.844659838600037,6.899307314872665,6.834476146992388,1.9616608516465621,1.9616608516465621,262
16.239999999999743,6.905250761468282,6.861478551718555,6.888928085570603,6.851564223939798,1.9097739231786162,1.9097739231786162,263
16.259999999999742,6.894428058985217,6.878297264837074,6.878548856268541,6.868652300887208,1.8578869947107168,1.8578869947107168,263
16.279999999999742,6.883547125463727,6.8950783288589905,6.868170638515732,6.885738712447819,1.7990686078348332,1.7990686078348332,263
16.29999999999974,6.872651950071811,6.911850184843924,6.857792668162827,6.902824716696047,1.7385549578284694,1.7385549578284694,263
16.31999999999974,6.861722597881606,6.928599741585024,6.8474153812846845,6.919909595690274,1.6739626113604351,1.6739626113604351,264
16.33999999999974,6.850760210590212,6.9453277440023315,6.837038755049406,6.936993387020303,1.6054278198106873,1.6054278198106873,264
16.35999999999974,6.8397978232988175,6.962055746419639,6.826662128814126,6.9540771783503335,1.5368930282608935,1.5368930282608935,264
16.37999999999974,6.82882963665467,6.978779912608201,6.81628564177912,6.971160740504873,1.4676634184238404,1.4676634184238404,264
16.39999999999974,6.817723865994272,6.995413067992512,6.805761981916355,6.987226524812794,1.4495039148857678,1.4495039148857678,265
16.41999999999974,6.8066180953338735,7.0120462233768235,6.794467075357368,7.003730238280553,1.4724228149238447,1.4724228149238447,265
16.43999999999974,6.795463094713338,7.028645669913774,6.783172176518293,7.020233940468254,1.4893752460073248,1.4893752460073248,265
16.459999999999738,6.783971550966532,7.0450146778957885,6.771877330453644,7.0367375655438495,1.4655400325510954,1.4655400325510954,265
16.479999999999738,6.772480007219727,7.061383685877803,6.760544860337629,7.052183098915082,1.506978870309206,1.506978870309206,266
16.499999999999737,6.760877626491093,7.077671929643452,6.748344126777183,7.068010083400233,1.5825292664155677,1.5825292664155677,266
16.519999999999737,6.748816306400489,7.093625755443929,6.736134027113566,7.083849217742507,1.6013147639949419,1.6013147639949419,266
16.539999999999736,6.736754986309886,7.109579581244407,6.723923927449951,7.099688352084782,1.6201002615743705,1.6201002615743705,266
16.559999999999736,6.724527858096588,7.125402251117537,6.711774034435435,7.114319468194817,1.689639296689981,1.689639296689981,267
16.579999999999735,6.7117796697555,7.140812757080034,6.698659380795243,7.129411524140551,1.7381889855277604,1.7381889855277604,267
16.599999999999735,6.699031481414413,7.15622326304253,6.68554472715505,7.144503580086283,1.786738674365606,1.786738674365606,267
16.619999999999735,6.68610789989514,7.171482175749557,6.672429667807083,7.159596102911631,1.8121058483523103,1.8121058483523103,267
16.639999999999734,6.672705806490991,7.186327508092972,6.659422183429047,7.173290425763959,1.8612365709529208,1.8612365709529208,268
16.659999999999734,6.659303713086841,7.201172840436385,6.645425296614348,7.187552003914263,1.9445761269396038,1.9445761269396038,268
16.679999999999733,6.645243269271377,7.215392059472872,6.631418402413408,7.201823778697777,1.937073015744131,1.5222462753305632,268
16.699999999999733,6.631088927528922,7.229521978433637,6.617410080898373,7.216097007786938,1.916613372610227,0.9319437548256078,268
16.719999999999732,6.616934585786467,7.243651897394402,6.603520276314823,7.22873507948186,2.00612849846909,0.3416412343206108,269
16.739999999999732,6.6025800088939715,7.257569754953688,6.588663951339214,7.242094989216131,2.0811656169070103,0.20455201719974253,269
16.75999999999973,6.587661987544838,7.27089089000393,6.573792793948957,7.255468237358196,2.0741570471663247,0.516124336335161,269
16.77999999999973,6.572743966195704,7.284212025054171,6.55985483356751,7.267896306312183,2.079260488671019,1.1868670655287243,270
16.79999999999973,6.557216296943255,7.2968102553780305,6.544165846266461,7.280290332056502,2.1052841362073105,1.6591623954943573,270
16.81999999999973,6.541568587920984,7.309266145645462,6.528472183303635,7.292688051491901,2.1126973746035027,1.8393201839276871,270
16.83999999999973,6.525920878898713,7.321722035912894,6.5127785203408095,7.305085770927298,2.1201106129998886,1.8176269207723288,270
16.85999999999973,6.5101651492150046,7.334034047593803,6.497934121851707,7.316294994398163,2.1546972841665237,1.779098009308211,271
16.87999999999973,6.493837603827762,7.34558442687881,6.481469844728397,7.327647067239436,2.1787848355727397,1.7735902842895896,271
16.89999999999973,6.477510058440519,7.357134806163818,6.465005567605086,7.338999140080709,2.2028723869789557,1.7688442737806442,271
16.919999999999728,6.460742467140834,7.368023369560071,6.448552320855902,7.3503436075099975,2.1474954076674484,1.6846613064413454,271
16.939999999999728,6.443774882995848,7.378611149699592,6.432817879212557,7.360243843106548,2.1387236459859262,1.6053150261096254,272
16.959999999999727,6.426807298850863,7.389198929839112,6.415645363628422,7.370488095156833,2.178724701327729,1.6168981701365832,272
16.979999999999727,6.409839714705878,7.399786709978633,6.398472848044287,7.380732347207117,2.218725756669609,1.6284813141635874,272
16.999999999999726,6.392236621486371,7.409277070138575,6.38131446067649,7.390968171079917,2.1319225630801486,1.5132963886582491,272
17.019999999999726,6.374608169137413,7.418723639239602,6.364779513911351,7.399454844164556,2.163074032937634,1.4786638783757426,273
17.039999999999726,6.356979716788454,7.428170208340627,6.346967045123199,7.408540654344272,2.203572063654943,1.4912997199010725,273
17.059999999999725,6.3388815643545025,7.436670409073419,6.3291649120386095,7.41762119247317,2.1384246194597054,1.3983165047006685,273
17.079999999999725,6.320697795264294,7.444998106334607,6.312472419210222,7.425833849577737,2.085486869472325,1.2863777768390028,274
17.099999999999724,6.302514026174086,7.453325803595795,6.2940990409087,7.433719777418878,2.1335609657720926,1.305975231337882,274
17.119999999999724,6.283978493477424,7.460817302155945,6.275731688735517,7.441603118821505,2.0909199641798883,1.2361842805594316,274
17.139999999999723,6.265309824932188,7.467992315378796,6.257366617337535,7.4494854813062465,2.013945019807178,1.1320659273468758,274
17.159999999999723,6.246641156386952,7.475167328601647,6.2399521670716265,7.456227007857966,2.008676997264749,1.073700672830305,275
17.179999999999723,6.227723703899698,7.481628972263491,6.221103564876004,7.46288360572669,1.9880015273939011,1.0266918852448674,275
17.199999999999722,6.208641865956262,7.487619252782838,6.202256813615646,7.46953954991661,1.917405927610236,0.9297698862831123,275
17.21999999999972,6.189560028012827,7.493609533302185,6.183410062355289,7.4761954941065305,1.8468103278265413,0.8328478873213264,275
17.23999999999972,6.170314459968875,7.499013385869369,6.165372994655759,7.48144722260584,1.8247963482035274,0.7659613148664908,276
17.25999999999972,6.150889357564086,7.503774204765682,6.1461312990657255,7.48686002504296,1.7570674328731921,0.6728398802623631,276
17.27999999999972,6.131464255159298,7.508535023661994,6.126889603475692,7.49227282748008,1.6893385175428814,0.5797184456583206,276
17.29999999999972,6.111947094807997,7.512861037714538,6.108630067203602,7.49729381894966,1.5916688481021821,0.4451082578875363,277
17.31999999999972,6.092259336493974,7.516381289490851,6.089079843218315,7.501459536256698,1.5256732843925263,0.3547525819062275,277
17.33999999999972,6.072571578179952,7.5199015412671635,6.069529619233028,7.505625253563736,1.4596777206828704,0.2643969059250249,277
17.35999999999972,6.05284368782749,7.5231482117679604,6.049996768503288,7.509787269016956,1.3660883603711238,0.14647113520262672,277
17.37999999999972,6.0329743525439,7.525430648051465,6.031188385887626,7.513362364093245,1.2199719447329433,0.027265936782887957,278
17.399999999999718,6.01310501726031,7.5277130843349696,6.0114143395128,7.516288694597841,1.154881258449262,0.11560451258962011,278
17.419999999999717,5.993227432409163,7.529900642780673,5.991645960280994,7.519214186430715,1.0802842376510084,0.2134421157440558,278
17.439999999999717,5.973262340272257,7.5310817845862275,5.971937695267303,7.522130782053533,0.9048487759258728,0.41204064905367777,278
17.459999999999717,5.9532972481353506,7.532262926391781,5.952616230670622,7.524307893201197,0.7984130375348665,0.5366175137089865,279
17.479999999999716,5.93331227484005,7.532723338013954,5.932737529190151,7.526009676532579,0.6738218091497805,0.6738218091497805,279
17.499999999999716,5.913312429758459,7.5326446188145,5.912889882443215,7.527708801318686,0.49538712726120426,0.49538712726120426,279
17.519999999999715,5.893312584676868,7.532565899615046,5.893042235696278,7.529407926104793,0.31695244537263545,0.31695244537263545,279
17.539999999999715,5.873312739595277,7.532487180415592,5.873255367379391,7.530242243853274,0.22456695527147433,0.22456695527147433,280
17.559999999999715,5.853354544940697,7.531324336776712,5.853339897931352,7.530751209064951,0.057331484270996096,0.057331484270996096,280
17.579999999999714,5.833407611982201,7.529868360970173,5.833443169305584,7.531259695331021,0.13917886430491888,0.13917886430491888,280
17.599999999999714,5.813460679023705,7.528412385163634,5.813546440679816,7.531768181597092,0.33568921288101145,0.33568921288101145,280
17.619999999999713,5.793589157796681,7.526225022550423,5.79342348320995,7.531321333933322,0.5099003606603414,0.5099003606603414,281
17.639999999999713,5.77376479755762,7.5235802652625265,5.7735341646571,7.530674757540313,0.709824007866511,0.709824007866511,281
17.659999999999712,5.753940437318558,7.520935507974631,5.75364484610425,7.530028181147303,0.909747655072592,0.909747655072592,281
17.679999999999712,5.734181908954018,7.5178766456761545,5.733807842112962,7.5293833054340045,1.1512738370366131,1.1512738370366131,281
17.69999999999971,5.714514712019491,7.514243277440139,5.713316051167078,7.527727517543216,1.3537411827839791,1.3537411827839791,282
17.71999999999971,5.694847515084963,7.510609909204123,5.693482596453743,7.525964452991469,1.5415090586415077,1.5415090586415077,282
17.73999999999971,5.675203411922466,7.5068612388055715,5.673661885203991,7.524202521250383,1.7409663450351411,1.7409663450351411,282
17.75999999999971,5.655653971095133,7.502639940031665,5.653893409943207,7.522445232947457,1.9883390129703429,1.9883390129703429,282
17.77999999999971,5.636104530267801,7.498418641257758,5.634020149662728,7.520595454154923,2.227455213427764,2.227455213427764,283
17.79999999999971,5.616555089440468,7.494197342483851,5.61424861349917,7.518737143553534,2.46479546374019,2.46479546374019,283
17.81999999999971,5.597054630845684,7.489755505328307,5.594505083935674,7.516881465269704,2.7245511413600467,2.7245511413600467,283
17.83999999999971,5.577556281087766,7.4853041733121755,5.574762760143082,7.515025900315301,2.9852718725716003,2.9852718725716003,283
17.859999999999708,5.55805726369218,7.480855768592316,5.5550200472840165,7.513170298792856,3.2456949110962667,3.2456949110962667,284
17.879999999999708,5.538557057265113,7.4764125772503025,5.53527664151575,7.5113146321444395,3.5055877728592337,3.5055877728592337,284
17.899999999999707,5.519056850838046,7.471969385908289,5.515533235747485,7.509458965496022,3.765480634622113,3.765480634622113,284
17.919999999999707,5.499556644410979,7.467526194566276,5.495789829979219,7.507603298847605,4.025373496384904,4.025373496384904,284
17.939999999999706,5.480044681270463,7.4631353256554185,5.476039645126459,7.505746995038551,4.2799470582382195,4.2799470582382195,285
17.959999999999706,5.460518145741391,7.458809310140897,5.456281057631774,7.503889901472017,4.527927373989206,4.527927373989206,285
17.979999999999706,5.44099161021232,7.454483294626377,5.43652247013709,7.502032807905484,4.775907689740183,4.775907689740183,285
17.999999999999705,5.421437709465364,7.450283106121478,5.416748479870387,7.500174266644937,5.011104441709401,5.011104441709401,285
18.019999999999705,5.401878227009395,7.446108582669075,5.39697134788591,7.498315430096892,5.243693718252273,5.243693718252273,286
18.039999999999704,5.3823187445534275,7.441934059216673,5.377194215901436,7.496456593548848,5.4762829947951275,5.4762829947951275,286
18.059999999999704,5.362759262097459,7.437759535764271,5.3574170839169595,7.494597757000802,5.708872271337902,5.44756811884806,286
18.079999999999703,5.343149354349851,7.433829383757219,5.33761273534466,7.492736362387807,5.916659768309437,5.004830484674047,286
18.099999999999703,5.323535054173898,7.429920518370999,5.317806015999521,7.4908747449478,6.122286840698927,4.564209658908694,287
18.119999999999703,5.303920753997944,7.426011652984777,5.297999296654381,7.489013127507794,6.327913913088505,4.123588833143341,287
18.139999999999702,5.284268244411432,7.422301955007534,5.278173258146298,7.487149694275377,6.513354086584193,3.7027811817279455,287
18.1599999999997,5.264599933746694,7.418674620504717,5.25833923041251,7.485285510142135,6.690446191792379,3.2901670489571155,287
18.1799999999997,5.244921393751052,7.415105289745155,5.238500466908108,7.483420880897665,6.861667651554808,2.8833254125890555,288
18.1999999999997,5.2251987952327505,7.411785785612625,5.218641306071866,7.481554334524566,7.007603785441274,2.5013463665464095,288
18.2199999999997,5.20547619671445,7.408466281480094,5.198782145235627,7.479687788151469,7.15353991932791,2.1193673205036725,288
18.2399999999997,5.185745208037468,7.405200423268287,5.178919665694487,7.477820929855996,7.294056488217892,1.7427298047098776,288
18.2599999999997,5.165950883741115,7.402339527315823,5.159032133917953,7.475951716921298,7.393661851632063,1.4064144257872107,289
18.2799999999997,5.146156559444763,7.399478631363357,5.139144602141418,7.474082503986599,7.493267215046334,1.0700990468643659,289
18.2999999999997,5.12636223514841,7.396617735410893,5.119257070364884,7.472213291051901,7.592872578460513,0.7337836679416099,289
18.3199999999997,5.1065261095176755,7.394078408237291,5.099358062620246,7.4703429995002955,7.660071002828202,0.4295085140441164,289
18.339999999999698,5.086658206701484,7.391783536195903,5.079450330896529,7.468471887988992,7.702633818610486,0.14959019439044371,290
18.359999999999697,5.066790303885293,7.3894886641545146,5.059542599172811,7.466600776477689,7.745196634392952,0.13032812526322665,290
18.379999999999697,5.046888194268538,7.387522135036755,5.039631550633481,7.464729353221584,7.754749136294476,0.3775097186116824,290
18.399999999999697,5.02697390720552,7.385672494322536,5.019719321324735,7.462857818985922,7.752550135080711,0.6130372046241822,290
18.419999999999696,5.007058218150195,7.383840018177022,4.999807301457334,7.460986304435482,7.748629089302907,0.846852352385982,291
18.439999999999696,4.987107734891122,7.382433526893908,4.979900479439267,7.4591152784266725,7.701970883664101,1.038171228514579,291
18.459999999999695,4.967157251632051,7.381027035610795,4.9599936574212,7.457244252417864,7.655312678025296,1.2294901046431734,291
18.479999999999695,4.947193166529954,7.379853772535538,4.940095081642641,7.4553740014663985,7.5853067089189,1.3975282734651788,291
18.499999999999694,4.927214438050934,7.378931596651232,4.920205383542875,7.453504584920742,7.490165168099681,1.5405030614265933,292
18.519999999999694,4.907234383870718,7.378049494826847,4.900318104896831,7.451635395777572,7.391021400032992,1.6794751084091026,292
18.539999999999694,4.8872383890557725,7.3776492556974596,4.880459918498839,7.449768940991132,7.243753633268837,1.770316979429205,292
18.559999999999693,4.867242394240828,7.377249016568073,4.860601732100846,7.4479024862046925,7.096485866504701,1.861158850449221,293
18.579999999999693,4.84724384374576,7.377340050443393,4.84078678242108,7.446040095202229,6.900282451332554,1.9028957933611066,293
18.599999999999692,4.827244767080715,7.377532228864699,4.820980734427735,7.444178540862032,6.694004039379845,1.9345228877536553,293
18.619999999999692,4.807257420476165,7.378189825331139,4.801229674991259,7.442322154851565,6.441497811338061,1.9195933993624588,293
18.63999999999969,4.787283153439036,7.379157951106459,4.781520511412718,7.440469706598707,6.158197304946243,1.873587766001645,294
18.65999999999969,4.767344464083119,7.380722772747487,4.761902205837818,7.438625798015705,5.8158219625608085,1.767841388163932,294
18.67999999999969,4.747413128154128,7.382362728435304,4.7422981892493485,7.436783232442915,5.466034994803862,1.6545653408285825,294
18.69999999999969,4.727549393184166,7.3846934006651885,4.722825533072286,7.434953013328341,5.048112042542983,1.472068114805888,295
18.71999999999969,4.707712669223055,7.387235796204438,4.703399376826831,7.433127164704516,4.609362422402086,1.2683367363371418,295
18.73999999999969,4.687923927019707,7.390132572962984,4.684053798518825,7.431308889535487,4.135779178210904,1.0290567157082668,295
18.75999999999969,4.668149655290027,7.393128514782816,4.664731802800112,7.4294928308748425,3.6524583508694675,0.7798266087894102,296
18.77999999999969,4.648402219662431,7.396296919134209,4.6454524758619336,7.4276807826181726,3.1522180693420068,0.513287603099353,296
18.799999999999688,4.628644632433697,7.3994010556334935,4.6261570986272655,7.425867225807192,2.658281377321255,0.2531991116933096,297
18.819999999999688,4.60883613925809,7.40215809810578,4.606778923791751,7.424045886917058,2.19842542407518,0.02793821215174208,297
18.839999999999687,4.5889676589398745,7.4044293743576075,4.587296030124426,7.422214705589101,1.7863716016287994,0.14860927254043538,297
18.859999999999687,4.569028459031822,7.4059501503672776,4.567673114905768,7.4203703637494325,1.4483767178704219,0.24995121274387377,298
18.879999999999686,4.549045225264046,7.4067231021352855,4.547936879502008,7.418515371037743,1.1844240633999814,0.27642295859032645,298
18.899999999999686,4.529047021684399,7.406738667460786,4.528115242584889,7.41665235150728,0.9957376344399065,0.22714248137091766,299
18.919999999999686,4.509053560512796,7.406235967846689,4.508250021794218,7.414785235563995,0.8586946661906772,0.12606431358927467,299
18.939999999999685,4.489061123639571,7.4056918759156325,4.4883819599693275,7.412917852594214,0.7257823520201065,0.020850855542672787,300
18.959999999999685,4.469062469302746,7.405688127779276,4.468558076881062,7.411054621947952,0.5390145765884964,0.030361489588977265,301
18.973104183248815,4.4559659,7.40612793,4.45561716383262,7.409838316056967,0.3726738735969032,0.019687661942265965,301
