robot_distance_meters,robot_x_meters,robot_y_meters,matched_gui_x_meters,matched_gui_y_meters,deviation_cm,nearest_curve_lower_bound_cm,gui_segment_index
0,4.42627,7.40708,4.42627,7.40708,0,0,0
0.02,4.446266265370295,7.406695641933156,4.446263111140854,7.406571600093338,0.012408193739974371,0.012408193739974371,1
0.04,4.4662615025948895,7.406259240138987,4.466256517352352,7.406063192683398,0.019611082959973283,0.019611082959973283,2
0.06,4.486256458314456,7.405810085540431,4.486249966319102,7.405554784186244,0.025538388252475265,0.025538388252475265,3
0.08,4.506251301924268,7.405355964509974,4.506243429457109,7.405046375328735,0.030968925857975747,0.030968925857975747,4
0.1,4.5262460640785935,7.404898268766659,4.526236902034022,7.404537966231204,0.036041900631913676,0.036041900631913676,5
0.12000000000000001,4.5462407617805205,7.40443776530943,4.546230381550715,7.404029556957203,0.04083403090537914,0.04083403090537914,6
0.14,4.566235410760108,7.403975151060993,4.566223866016659,7.403521147557351,0.045415026414251845,0.045415026414251845,7
0.16,4.586230017357232,7.403510708406676,4.586217354591565,7.403012738053011,0.04981313268242922,0.04981313268242922,8
0.18,4.606224580082323,7.403044381216794,4.606210847213213,7.402504328445768,0.054022734768481954,0.054022734768481954,9
0.19999999999999998,4.626219105093277,7.402576439354681,4.626204343177667,7.4019959187535225,0.0580708259388769,0.0580708259388769,10
0.21999999999999997,4.646213596835552,7.402107078959455,4.6461978419431595,7.401487508990049,0.06197702506771177,0.06197702506771177,11
0.23999999999999996,4.666208055358133,7.401636305578184,4.666191343417681,7.400979099157689,0.06574188680695713,0.06574188680695713,12
0.25999999999999995,4.686202484042544,7.401164266289202,4.686184847242968,7.400470689265551,0.06938012283327516,0.06938012283327516,13
0.27999999999999997,4.706196876266985,7.400690684643431,4.706178353826713,7.399962279303269,0.07286408033935785,0.07286408033935785,14
0.3,4.726191231132088,7.400215528940543,4.726171863075709,7.399453869273214,0.0761905880305631,0.0761905880305631,15
0.32,4.746185560827669,7.399739315456465,4.746165374052123,7.398945459199232,0.07941128780311056,0.07941128780311056,16
0.34,4.7661798647476905,7.3992620202083685,4.766158886759769,7.398437049081227,0.08252378060869156,0.08252378060869156,17
0.36000000000000004,4.7861741277723056,7.398783015181673,4.786152402047879,7.397928638897604,0.08546524684806958,0.08546524684806958,18
0.38000000000000006,4.806168369542731,7.398303124383115,4.806145918605054,7.397420228681711,0.08831811049605989,0.08831811049605989,19
0.4000000000000001,4.826162582997806,7.397822054416355,4.826139436830578,7.396911818423394,0.09105302344996861,0.09105302344996861,20
0.4200000000000001,4.846156760127518,7.3973394776749215,4.846132957044857,7.396403408114504,0.09363721528772262,0.09363721528772262,21
0.4400000000000001,4.86615092069342,7.396856215014786,4.866126478136815,7.395894997783297,0.09615279531479062,0.09615279531479062,22
0.46000000000000013,4.88614504259955,7.396371355032054,4.88612000118566,7.395386587402329,0.09850859642507302,0.09850859642507302,23
0.48000000000000015,4.906139145978458,7.395885732334721,4.9061135251016035,7.394878176999311,0.10078810362558316,0.10078810362558316,24
0.5000000000000001,4.926133224969298,7.3953991060734605,4.926107050148129,7.394369766567543,0.10296722486819875,0.10296722486819875,25
0.5200000000000001,4.946127267392166,7.394910979458183,4.946100576777791,7.3938613560955195,0.10499626623577303,0.10499626623577303,26
0.5400000000000001,4.966121295448588,7.3944222655619285,4.966094103974465,7.3933529456090765,0.10696656196364995,0.10696656196364995,27
0.5600000000000002,4.986115289924747,7.393932178949878,4.986087632496472,7.392844535088933,0.1087995451088977,0.1087995451088977,28
0.5800000000000002,5.006109280005547,7.3934419133384,5.00608116117475,7.392336124564815,0.11061462292265306,0.11061462292265306,29
0.6000000000000002,5.026103231826687,7.3929500896159865,5.026074691213308,7.391827714006106,0.11227384273582446,0.11227384273582446,30
0.6200000000000002,5.046097160123792,7.392457311120219,5.046068222006042,7.3913193034282205,0.11383755626795851,0.11383755626795851,31
0.6400000000000002,5.066091072835602,7.391963900061823,5.0660617532984356,7.390810892837629,0.115337994360202,0.115337994360202,32
0.6600000000000003,5.086084954223784,7.391469222093293,5.086055285482572,7.390302482224361,0.11671170275342328,0.11671170275342328,33
0.6800000000000003,5.106078821125456,7.390973958205813,5.1060488180791195,7.3897940716006065,0.11802680136034664,0.11802680136034664,34
0.7000000000000003,5.126072675011127,7.3904781697184205,5.12604235099938,7.3892856609686195,0.11928942384136403,0.11928942384136403,35
0.7200000000000003,5.146066501756771,7.389981287373007,5.146035884594623,7.38877725031947,0.12044262687716677,0.12044262687716677,36
0.7400000000000003,5.166060303806262,7.389483412673969,5.166029418727682,7.388268839656643,0.12149656384011329,0.12149656384011329,37
0.7600000000000003,5.186054096085669,7.3889851453883395,5.186022953073507,7.387760428988407,0.12251122999427191,0.12251122999427191,38
0.7800000000000004,5.206047865249564,7.388485951842351,5.206016487857184,7.387252018309036,0.12343324128414787,0.12343324128414787,39
0.8000000000000004,5.226041622984005,7.387986300307272,5.226010022857359,7.38674360762416,0.12430943941087358,0.12430943941087358,40
0.8200000000000004,5.246035357322893,7.387485714096375,5.246003558229382,7.386235196929829,0.12509214068732827,0.12509214068732827,41
0.8400000000000004,5.266029074762908,7.386984452758498,5.265997093869996,7.385726786228667,0.12580730812512686,0.12580730812512686,42
0.8600000000000004,5.286022791360283,7.38648315786274,5.285990629521298,7.385218375527233,0.1265191187171428,0.1265191187171428,43
0.8800000000000004,5.306016469580335,7.385980334600531,5.305984165659417,7.384709964813421,0.12707804449663784,0.12707804449663784,44
0.9000000000000005,5.326010147800387,7.385477511338323,5.3259777017975365,7.384201554099609,0.12763697027613286,0.12763697027613286,45
0.9200000000000005,5.346003795881169,7.384973491337834,5.34597123822776,7.383693143378368,0.12807618428515258,0.12807618428515258,46
0.9400000000000005,5.365997438472961,7.384469253386428,5.36596477471118,7.383184732655775,0.1284935962921732,0.1284935962921732,47
0.9600000000000005,5.385991059049642,7.383964143701657,5.385958311346484,7.38267632192932,0.1288238071696893,0.1288238071696893,48
0.9800000000000005,5.405984666827518,7.383458527222027,5.405951848070087,7.38216791120062,0.12910332240311756,0.12910332240311756,49
1.0000000000000004,5.425978263152182,7.382952458378199,5.425945384843504,7.381659500470652,0.12933758672059398,0.12933758672059398,50
1.0200000000000005,5.44597184092371,7.382445656746551,5.445938921697615,7.3811510897386325,0.1294985487732519,0.1294985487732519,51
1.0400000000000005,5.465965416298228,7.3819387606445375,5.465932458556975,7.38064267900648,0.12965006074882576,0.12965006074882576,52
1.0600000000000005,5.485958968790666,7.381430962720026,5.485925995466446,7.380134268273053,0.12971136145004525,0.12971136145004525,53
1.0800000000000005,5.5059525141666965,7.380922884922666,5.5059195323763275,7.379625857539616,0.1297446658200916,0.1297446658200916,54
1.1000000000000005,5.525946036989354,7.380413920149928,5.525913069287513,7.379117446806145,0.12968924398361087,0.12968924398361087,55
1.1200000000000006,5.545939559812011,7.379904955377189,5.545906606198698,7.378609036072674,0.12963382214703917,0.12963382214703917,56
1.1400000000000006,5.565933069206108,7.379395463749976,5.565900143078596,7.378100625339999,0.12952569775237105,0.12952569775237105,57
1.1600000000000006,5.585926559747055,7.378885232440616,5.585893679914569,7.377592214608441,0.12934358112041253,0.12934358112041253,58
1.1800000000000006,5.6059200495958095,7.378374974035568,5.605887216747361,7.377083803876964,0.1291587540357309,0.1291587540357309,59
1.2000000000000006,5.625913513209175,7.377863688654377,5.6258807534595645,7.376575393148554,0.12887119583206177,0.12887119583206177,60
1.2200000000000006,5.64590697682254,7.377352403273186,5.6458742901717685,7.376066982420142,0.12858363762847916,0.12858363762847916,61
1.2400000000000007,5.665900426639534,7.376840578866118,5.665867826794415,7.375558571694009,0.12824215918489898,0.12824215918489898,62
1.2600000000000007,5.685893867359087,7.376328399021033,5.685861363358005,7.375050160969377,0.12786512529956032,0.12786512529956032,63
1.2800000000000007,5.705887290804605,7.375815545558541,5.705854899776905,7.374541750248425,0.12742070753015708,0.12742070753015708,64
1.3000000000000007,5.725880704578749,7.375302314951624,5.725848436114797,7.374033339529533,0.12693856292069994,0.12693856292069994,65
1.3200000000000007,5.7458741183528925,7.374789084344708,5.745841972452688,7.373524928810641,0.12645641831133161,0.12645641831133161,66
1.3400000000000007,5.7658675133447295,7.374275122841773,5.765835508594174,7.373016518096742,0.12590115997370618,0.12590115997370618,67
1.3600000000000008,5.785860898712998,7.373760786846626,5.785829044635027,7.3725081073854035,0.12530844005301034,0.12530844005301034,68
1.3800000000000008,5.805854265750065,7.37324573903493,5.805822580445436,7.371999696679924,0.12464451488123504,0.12464451488123504,69
1.4000000000000008,5.825847622924223,7.372730308237862,5.825816116131857,7.371491285977598,0.12394227847649615,0.12394227847649615,70
1.4200000000000008,5.84584098009838,7.3722148774407925,5.845809651818277,7.3709828752752715,0.1232400420716685,0.1232400420716685,71
1.4400000000000008,5.865834319368468,7.371698752933259,5.865803187240991,7.37047446457965,0.12246841152493676,0.12246841152493676,72
1.4600000000000009,5.885827646597245,7.371182161873466,5.885796722486352,7.36996605388854,0.12165011021926161,0.12165011021926161,73
1.4800000000000009,5.905820973141999,7.370665544370644,5.90579025772011,7.369457643197724,0.1208291637264759,0.1208291637264759,74
1.5000000000000009,5.925814269772049,7.370147770421083,5.9257837924464924,7.36894923251981,0.11989253388596144,0.11989253388596144,75
1.520000000000001,5.945807566402099,7.369629996471522,5.945777327172874,7.368440821841896,0.11895590404553799,0.11895590404553799,76
1.540000000000001,5.965800849709842,7.3691117087046685,5.965770861642849,7.367932411170503,0.11796787521403873,0.11796787521403873,77
1.560000000000001,5.9857941145074625,7.3685927070358614,5.9857643957565685,7.367424000508168,0.11690843220346009,0.11690843220346009,78
1.580000000000001,6.005787379305083,7.368073705367054,6.005757929870288,7.366915589845834,0.1158489891928815,0.1158489891928815,79
1.600000000000001,6.0257806160979825,7.367553626306928,6.025751463376398,7.36640717919895,0.11468177067729911,0.11468177067729911,80
1.620000000000001,6.045773845313985,7.367033255750114,6.045744996718115,7.365898768556247,0.11348539265173517,0.11348539265173517,81
1.640000000000001,6.06576706937881,7.36651268757111,6.065738529934023,7.365390357916742,0.11226924569904485,0.11226924569904485,82
1.660000000000001,6.085760258555252,7.365990780917598,6.085732062297838,7.364881947298906,0.11091920586053569,0.11091920586053569,83
1.680000000000001,6.105753447731695,7.365468874264087,6.105725594661653,7.364373536681069,0.10956916602229516,0.10956916602229516,84
1.700000000000001,6.125746619528954,7.364946302803528,6.125719126551805,7.363865126075277,0.10815262278389955,0.10815262278389955,85
1.720000000000001,6.145739769559344,7.364422898693613,6.1457126578487085,7.363356715484571,0.1066527861847746,0.1066527861847746,86
1.740000000000001,6.165732907705499,7.363899041333203,6.165706188787204,7.362848304902978,0.10510760897270817,0.10510760897270817,87
1.7600000000000011,6.185726014940981,7.3633740050767935,6.185699718793484,7.36233989434509,0.10344450168073964,0.10344450168073964,88
1.7800000000000011,6.205719122176462,7.362848968820384,6.205693248799765,7.361831483787204,0.1017813943885913,0.1017813943885913,89
1.8000000000000012,6.225712196898427,7.362322697123944,6.2256867777089395,7.361323073257214,0.09999470036609395,0.09999470036609395,90
1.8200000000000012,6.245705244724948,7.361795403461491,6.245680305710579,7.360814662750302,0.09810577439786118,0.09810577439786118,91
1.8400000000000012,6.265698292551468,7.361268109799038,6.265673833712217,7.36030625224339,0.09621684842971717,0.09621684842971717,92
1.8600000000000012,6.2856912743495945,7.360738320043022,6.285667359159664,7.359797841801428,0.09407822591975395,0.09407822591975395,93
1.8800000000000012,6.305684238840909,7.360207876031834,6.305660883937625,7.3592894313764905,0.09187415504024403,0.09187415504024403,94
1.9000000000000012,6.325677203332225,7.3596774320206455,6.325654408715587,7.358781020951552,0.08967008416082291,0.08967008416082291,95
1.9200000000000013,6.345670118983054,7.359145154137696,6.345647931287563,7.358272610582709,0.08728256121245216,0.08728256121245216,96
1.9400000000000013,6.3656629760890215,7.358610678001316,6.365641451215233,7.3577642002811094,0.08467513513410015,0.08467513513410015,97
1.9600000000000013,6.385655833194988,7.358076201864936,6.385634971142903,7.357255789979508,0.08206770905592568,0.08206770905592568,98
1.9800000000000013,6.405648339337032,7.357528837416676,6.405628467855373,7.356747380268241,0.07817097611152173,0.07817097611152173,99
2.0000000000000013,6.425640654784672,7.356974470171928,6.425621951953988,7.356238970877728,0.07357370506130756,0.07357370506130756,100
2.0200000000000014,6.445632970232312,7.3564201029271805,6.445615436052601,7.355730561487215,0.06897643401100682,0.06897643401100682,101
2.0400000000000014,6.465622748515537,7.355781961947781,6.46560851351144,7.3552221624370455,0.05599804706967075,0.05599804706967075,102
2.0600000000000014,6.485611970467095,7.355125451649779,6.485601501805152,7.354713765654234,0.041181907655072535,0.041181907655072535,103
2.0800000000000014,6.505601192418651,7.354468941351776,6.505594490098864,7.354205368871422,0.026365768240383277,0.026365768240383277,104
2.1000000000000014,6.525581245555627,7.353576356938581,6.525584314694332,7.353697052537515,0.012073461481449584,0.012073461481449584,105
2.1200000000000014,6.545561172251475,7.352680516981563,6.545574095661306,7.353188737313026,0.05083846180150215,0.05083846180150215,106
2.1400000000000015,6.565521421674893,7.351437520149523,6.5655530341336465,7.352680697799667,0.12435795179103362,0.12435795179103362,107
2.1600000000000015,6.5854746074615775,7.3500699028923755,6.586244232217638,7.351355045439997,0.1497969837095832,0.06913899476730018,108
2.1800000000000015,6.605427793248262,7.348702285635227,6.601533229256541,7.342199025636397,0.7580238736213806,0.7580238736213806,108
2.2000000000000015,6.625314893274959,7.346584779350693,6.617104122933212,7.3328741882712904,1.5981146934795132,1.5981146934795132,109
2.2200000000000015,6.645199728679808,7.344441575925428,6.6326846766226435,7.323543565878697,2.435884545512816,2.435884545512816,110
2.2400000000000015,6.665043772284949,7.342000563151199,6.648366475362071,7.314152311537491,3.2460088579580817,3.2460088579580817,111
2.2600000000000016,6.6847725163421075,7.338717781110441,6.6643344470231165,7.304589678725159,3.977992018478919,3.977992018478919,112
2.2800000000000016,6.704501260399266,7.335434999069684,6.680302418684161,7.2950270459128275,4.709975178999802,4.709975178999802,113
2.3000000000000016,6.7241990973115024,7.331999583836506,6.696314919726447,7.2854377460866,5.4272756464394085,5.4272756464394085,114
2.3200000000000016,6.743650790884535,7.3273486036021,6.712682051085414,7.275636071165119,6.027643698653295,6.027643698653295,115
2.3400000000000016,6.763102484457568,7.322697623367694,6.72904918244438,7.265834396243637,6.6280117508673015,6.6280117508673015,116
2.3600000000000017,6.782329984747268,7.317240573207858,6.745606601854037,7.2559187647849095,7.147706652754855,7.147706652754855,117
2.3800000000000017,6.801389715544741,7.311180320578814,6.7623064186146085,7.2459178567732705,7.6070318001825425,7.6070318001825425,118
2.4000000000000017,6.820394441544836,7.304966823310417,6.779033297637466,7.2359007421649,8.050383711429664,8.050383711429664,119
2.4200000000000017,6.838957540240764,7.297522942144975,6.7959774565069,7.225753506622299,8.365488313908227,8.365488313908227,120
2.4400000000000017,6.85738471101853,7.2897777386911855,6.812954385677407,7.215586646147805,8.647758104097587,8.647758104097587,121
2.4600000000000017,6.875250612435637,7.280788324552642,6.830066628962775,7.205338751010787,8.794447401698198,8.794447401698198,122
2.4800000000000018,6.893116513852743,7.271798910414099,6.847178872248143,7.195090855873769,8.941136699298918,8.941136699298918,123
2.5000000000000018,6.910018778496322,7.261134842076612,6.864320006415834,7.184825659046521,8.89464399758879,8.89464399758879,124
2.520000000000002,6.926768460043179,7.250205607516093,6.8814657151913154,7.174557722654381,8.817562687706761,8.817562687706761,125
2.540000000000002,6.943335939534339,7.239026947682577,6.898587259751559,7.164304257324842,8.70972146316958,8.70972146316958,126
2.560000000000002,6.958841287799408,7.226394284654579,6.915567941095636,7.154135149811158,8.422567959514769,8.422567959514769,127
2.580000000000002,6.974346636064476,7.213761621626581,6.932548622439712,7.143966042297476,8.135414455859928,8.135414455859928,128
2.600000000000002,6.989129128430798,7.200293436948133,6.949365542186465,7.133895005600626,7.739440856043902,7.739440856043902,129
2.620000000000002,7.003766084574555,7.186667125691509,6.966145042077166,7.123846378283683,7.322423877015188,7.322423877015188,130
2.640000000000002,7.0179848658375015,7.172602053370455,6.982810150168545,7.113866256021539,6.84627965584586,6.84627965584586,131
2.660000000000002,7.032203647100449,7.1585369810494015,6.999475258259925,7.103886133759395,6.370135434676532,6.370135434676532,132
2.680000000000002,7.046238897730308,7.14429042604999,7.0160852763647155,7.093939002870518,5.868991989820537,5.868991989820537,133
2.700000000000002,7.060143536939195,7.12991471707719,7.032656089126464,7.084015350624247,5.350057595988284,5.350057595988284,134
2.720000000000002,7.074028400592736,7.11551994079338,7.049220750988453,7.07409538192634,4.828471348385272,4.828471348385272,135
2.740000000000002,7.0878876598966825,7.101100477157518,7.065777448988746,7.064180182493232,4.3034516199105415,4.3034516199105415,136
2.760000000000002,7.101784657223336,7.086717601462039,7.082345796048446,7.054258006865522,3.783509753055857,3.783509753055857,137
2.780000000000002,7.115768417980254,7.07241884504432,7.0989409254428,7.044319792279478,3.2752423900826084,3.2752423900826084,138
2.800000000000002,7.1297907534434914,7.058158369011122,7.115547573722647,7.034374679455216,2.772241074387254,2.772241074387254,139
2.820000000000002,7.143981988512822,7.0440655038940845,7.132204657518612,7.02439936264941,2.292297181437596,2.292297181437596,140
2.840000000000002,7.158309783841424,7.0301128556320345,7.148900448867739,7.0144008653091054,1.8313989858980135,1.8313989858980135,141
2.860000000000002,7.172772635236551,7.016298879755319,7.165634521411574,7.00437944276475,1.3893367019929355,1.3893367019929355,142
2.880000000000002,7.187385233701359,7.00264594079713,7.182407830301398,6.99433452301126,0.9687838263369951,0.9687838263369951,143
2.900000000000002,7.2022121974462925,6.989223528714855,7.199237306636212,6.984255966634168,0.5790220061222102,0.5790220061222102,144
2.920000000000002,7.217039161191227,6.975801116632581,7.216066782971025,6.9741774102570755,0.18926018590762347,0.18926018590762347,145
2.940000000000002,7.23217332883388,6.962726805080683,7.232968934516691,6.964055331360613,0.15485381748559857,0.15485381748559857,146
2.960000000000002,7.247421973857754,6.949787418644853,7.249895872424301,6.953918408820695,0.4815106847254203,0.4815106847254203,147
2.980000000000002,7.26291327680293,6.9371375359157215,7.266873806109237,6.943750946779336,0.7708631242775351,0.7708631242775351,148
3.000000000000002,7.2784045797481065,6.924487653186591,7.283851739794171,6.933583484737979,1.0602155638296806,1.0602155638296806,149
3.0200000000000022,7.294143690354729,6.912149131481288,7.300874825308405,6.923388982921404,1.310123803922616,1.310123803922616,150
3.0400000000000023,7.309990763798802,6.89994907150528,7.317916343397751,6.913183442511367,1.5426061970121807,1.5426061970121807,151
3.0600000000000023,7.326079711115609,6.888068592801247,7.334995022520047,6.902955647721089,1.7352440221032168,1.7352440221032168,152
3.0800000000000023,7.342168658432416,6.8761881140972125,7.352073701642344,6.892727852930809,1.9278818471942984,1.9278818471942984,153
3.1000000000000023,7.358437141382283,6.864556457362852,7.369174848333982,6.882486603136954,2.0899485114736764,2.0899485114736764,154
3.1200000000000023,7.374797516679626,6.853053001163706,7.386287122165313,6.872238689707078,2.236295327321559,2.236295327321559,155
3.1400000000000023,7.391361617466144,6.84184449702024,7.403419334737147,6.861978835696507,2.3468705539890156,2.3468705539890156,156
3.1600000000000024,7.407925718252661,6.830635992876775,7.420551547308981,6.851718981685936,2.457445780656472,2.457445780656472,157
3.1800000000000024,7.424617714090599,6.819620376379634,7.437692873212,6.841453670035429,2.544901762171118,2.544901762171118,158
3.2000000000000024,7.441389623780706,6.808725283661034,7.454839893482338,6.831184948237102,2.6179119311315393,2.6179119311315393,159
3.2200000000000024,7.458255654075809,6.797977506652647,7.471991255328625,6.8209136264281085,2.6734478340350356,2.6734478340350356,160
3.2400000000000024,7.475190399248886,6.7873372808128,7.4891457868407025,6.810640406422479,2.716226253496428,2.716226253496428,161
3.2600000000000025,7.4921964700160775,6.776812166619886,7.506302077062755,6.800366133189923,2.745464425807887,2.745464425807887,162
3.2800000000000025,7.509262937904762,6.766384526723703,7.523459856526106,6.790090968105352,2.7632369810108215,2.7632369810108215,163
3.3000000000000025,7.52643527586941,6.756132366634171,7.5406182113109015,6.77981545848186,2.7605153453722515,2.7605153453722515,164
3.3200000000000025,7.543617752582521,6.745897011535134,7.557776621191902,6.7695399158632705,2.7558310640660317,2.7558310640660317,165
3.3400000000000025,7.560914730041862,6.73585672463956,7.574933324620956,6.7592653951761905,2.7285286332848093,2.7285286332848093,166
3.3600000000000025,7.578227843109936,6.72584392703389,7.592089787574363,6.748991018501159,2.698038820567602,2.698038820567602,167
3.3800000000000026,7.59558483745335,6.715907906432504,7.609244706585365,6.73871756643663,2.658707607480791,2.658707607480791,168
3.4000000000000026,7.6130241168697435,6.706117001886357,7.626396225415696,6.728446150615648,2.602698925998802,2.602698925998802,169
3.4200000000000026,7.6305561212245445,6.6964926149810395,7.643542594695183,6.718177818671874,2.527640307315465,2.527640307315465,170
3.4400000000000026,7.648088125579346,6.686868228075722,7.660688963974672,6.7079094867280995,2.4525816886321437,2.4525816886321437,171
3.4600000000000026,7.665620129934147,6.677243841170405,7.67783533325416,6.697641154784325,2.3775230699487766,2.3775230699487766,172
3.4800000000000026,7.68298679199161,6.6673244961496545,7.694990017706729,6.687367843188242,2.336264514299179,2.336264514299179,173
3.5000000000000027,7.700345293332424,6.657390593029484,7.712145112567113,6.677094285813965,2.2966742113686225,2.2966742113686225,174
3.5200000000000027,7.717298729313873,6.646805679974644,7.729289020205751,6.666827428056648,2.3337469270062328,2.3337469270062328,175
3.5400000000000027,7.733879668106426,6.635622099655372,7.746422640100558,6.656566731251943,2.4413187812362533,2.4413187812362533,176
3.5600000000000027,7.750000724918675,6.623809146535722,7.763495188740903,6.64634260778255,2.6265137151968627,2.6265137151968627,177
3.5800000000000027,7.76569364008507,6.611410258941251,7.780510881169177,6.636152533414112,2.8839743054246356,2.8839743054246356,178
3.6000000000000028,7.780243024153765,6.597695386724711,7.803248979591837,6.6022410204081625,2.3450730717883674,2.275740987459298,180
3.6200000000000028,7.794710502570721,6.583886256837027,7.802336332642578,6.5835146058449405,0.7634881056359086,0.7634881056359086,181
3.640000000000003,7.8082215270731385,6.569180577275346,7.801653352764561,6.569500682558965,0.6575969977156496,0.6575969977156496,182
3.660000000000003,7.821067384925533,6.553851391516276,7.800938481665565,6.554832389885725,2.0152793956423047,2.0152793956423047,183
3.680000000000003,7.832927005523181,6.537770788958186,7.800184739497266,6.539366509756711,3.2781127335383484,3.2781127335383484,184
3.700000000000003,7.8440639606273335,6.521171316197509,7.79940405729776,6.523347852682393,4.471290950583346,4.471290950583346,185
3.720000000000003,7.853886379271618,6.5037494881655125,7.798580277055606,6.506444875757858,5.537174420768127,5.537174420768127,185
3.740000000000003,7.863136695897833,6.486047258447695,7.797741507967151,6.489234345786793,6.5472804508407645,6.5472804508407645,186
3.760000000000003,7.870889261386765,6.4676109429714455,7.796863498392062,6.471218648361902,7.411362307384679,7.411362307384679,187
3.780000000000003,7.878504771468193,6.44912649428117,7.795982823804639,6.453148268098458,8.261989173815051,8.261989173815051,188
3.800000000000003,7.8839822993155435,6.429891196293318,7.795060576621669,6.43422486831929,8.902726256644653,8.902726256644653,189
3.820000000000003,7.888959083352079,6.410542292248629,7.794131619337204,6.4151637853511625,9.494001332414676,9.494001332414676,190
3.840000000000003,7.892318576630017,6.390826465993677,7.793180989922392,6.395658016409274,9.925525163753502,9.925525163753502,191
3.860000000000003,7.894855864634196,6.37101120471174,7.792223577686881,6.3760130721680905,10.275409968505796,10.275409968505796,192
3.880000000000003,7.89629322911402,6.351062921994871,7.791257091581029,6.356181943052413,10.516080336530827,10.516080336530827,193
3.900000000000003,7.895602149927518,6.331076382950868,7.79028370198447,6.3362091626344155,10.544344884539893,10.544344884539893,194
3.920000000000003,7.894882577147828,6.311089331767295,7.789310219970499,6.316234485922601,10.569765944078139,10.569765944078139,195
3.940000000000003,7.892227089898147,6.291286485171346,7.788341106795808,6.2963494525231045,10.400928383343699,10.400928383343699,196
3.960000000000003,7.889132570748685,6.271528942543533,7.787373156006396,6.276488269867477,10.188019148097034,10.188019148097034,197
3.980000000000003,7.884119343684036,6.252167445845233,7.78641991462323,6.25692890648553,9.781538706275487,9.781538706275487,198
4.000000000000003,7.878858723448176,6.232879220644281,7.785469649513461,6.237430612643688,9.349991604015482,9.349991604015482,199
4.020000000000002,7.872519509849509,6.2139104470689945,7.784532360464087,6.218198571909415,8.809158002680876,8.809158002680876,200
4.040000000000002,7.86557480994964,6.195159622618001,7.783604233441636,6.19915452491638,8.20678661683618,8.20678661683618,201
4.060000000000001,7.858370253833873,6.176502335270298,7.7826800384811365,6.180191159091708,7.5780050945674375,7.5780050945674375,202
4.080000000000001,7.85095702918881,6.157928783522787,7.781759420322137,6.161301184919486,6.927973848135875,6.927973848135875,203
4.1000000000000005,7.843266115452257,6.139466664308111,7.780843562050805,6.142508877900808,6.249664180338628,6.249664180338628,204
4.12,7.835565777655571,6.121008476538328,7.779927872596816,6.123720034810392,5.5703940862293,5.5703940862293,205
4.14,7.827856214355017,6.102554137381513,7.779012348403344,6.104934582666449,4.890183801105595,4.890183801105595,206
4.159999999999999,7.820282075211017,6.084044259243357,7.778094444780911,6.086100307510285,4.2237702302363855,4.2237702302363855,207
4.179999999999999,7.812814303938542,6.065490758435639,7.777174672254136,6.0672276846913125,3.568193183416158,3.568193183416158,208
4.199999999999998,7.805791982701633,6.046764164786904,7.776247539413489,6.048204037109683,2.9579509149279115,2.9579509149279115,209
4.219999999999998,7.7987897434772835,6.028030349753941,7.775320103052135,6.029174161649266,2.3497496192949354,2.3497496192949354,210
4.2399999999999975,7.792466627691632,6.0090562040087105,7.774382590950692,6.009937544155602,1.8105500415680116,1.8105500415680116,211
4.259999999999997,7.786143511905981,5.990082058263481,7.7734450788492495,5.990700926661939,1.2713504638410837,1.2713504638410837,212
4.279999999999997,7.780346894401855,5.970944728245999,7.772500880239725,5.971327110087687,0.7855326479860419,0.7855326479860419,212
4.299999999999996,7.774830699752895,5.951720483225849,7.77155312027064,5.951880218711001,0.32814695926856624,0.32814695926856624,213
4.319999999999996,7.76982620769476,5.932360273849006,7.770599962175507,5.932322564299004,0.07746728384532656,0.07746728384532656,214
4.339999999999995,7.765139890922534,5.9129183934993,7.769643587143561,5.912698902223881,0.4509041591211121,0.4509041591211121,215
4.359999999999995,7.761183993290532,5.893313524871199,7.7686810183336705,5.892948151296293,0.7505923150864194,0.7505923150864194,216
4.379999999999995,7.7573266785448025,5.873691322955128,7.767717840370831,5.873184901284938,1.0403494941737021,1.0403494941737021,217
4.399999999999994,7.754358023349947,5.8539128729062995,7.766749171296834,5.853308980296032,1.2405854816432205,1.2405854816432205,218
4.419999999999994,7.751389368155092,5.83413442285747,7.765780502222837,5.833433059307124,1.4408214691125654,1.4408214691125654,219
4.439999999999993,7.748996500115615,5.814281448461969,7.764809574107762,5.813510785520133,1.5831842294914376,1.5831842294914376,220
4.459999999999993,7.746831822538616,5.794398939289643,7.763837750711116,5.793570141635209,1.7026112256185215,1.7026112256185215,222
4.479999999999992,7.744786305735495,5.774503948180085,7.762865602796128,5.773622839025344,1.8100755109917017,1.8100755109917017,223
4.499999999999992,7.742783868823752,5.754604444507518,7.76189333755885,5.753673129103593,1.913214947984887,1.913214947984887,224
4.519999999999992,7.740582233422284,5.734726274736663,7.760921637571874,5.7337350174362225,2.036354468642531,2.036354468642531,225
4.539999999999991,7.738325168519897,5.714854041393971,7.759950094872948,5.713800133129929,2.165059265710449,1.8148943845105296,226
4.559999999999991,7.735523254166747,5.695052322866416,7.758980689578835,5.693909105792266,2.348527669393993,0.4586796942060614,227
4.57999999999999,7.732606754841516,5.675266982655692,7.745848173076923,5.672042115384616,1.3628460140493692,0.9060307193182243,229
4.59999999999999,7.728858915149916,5.655621278350525,7.748037476754421,5.668873846882711,2.3311966839331615,2.3311966839331615,229
4.6199999999999894,7.724303269453462,5.636156860167891,7.755668507982523,5.657830538398124,3.8125142832683654,3.8125142832683654,229
4.639999999999989,7.719296802692026,5.616793614299324,7.75712,5.65573,5.428292904799592,5.428292904799592,228
4.659999999999989,7.712381312105566,5.5980290565310264,7.75712,5.65573,7.301334858589377,7.301334858589377,228
4.679999999999988,7.705093375830153,5.579426177170942,7.75712,5.65573,9.235281804492358,9.235281804492358,228
4.699999999999988,7.695797703844807,5.561717691003547,7.75712,5.65573,11.224410117502739,11.224410117502739,228
4.719999999999987,7.684608823020994,5.545193003083536,7.75712,5.65573,13.219795185323768,13.219795185323768,228
4.739999999999987,7.671631049642948,5.5300625420782215,7.75712,5.65573,15.198904767670737,15.198904767670737,228
4.7599999999999865,7.655944941483673,5.5178448312664115,7.75712,5.65573,17.102254887140557,17.102254887140557,228
4.779999999999986,7.638447547926058,5.508426570664015,7.75712,5.65573,18.915985614126402,18.915985614126402,228
4.799999999999986,7.6190484996277865,5.504077169092048,7.75712,5.65573,20.509100501345756,20.509100501345756,228
4.819999999999985,7.599201655796943,5.505027744921592,7.75712,5.65573,21.82873636323291,21.82873636323291,228
4.839999999999985,7.580228235390018,5.511004000151664,7.75712,5.65573,22.855264474281142,22.855264474281142,228
4.859999999999984,7.56300739026429,5.521048538636012,7.75712,5.65573,23.626002897982424,23.626002897982424,228
4.879999999999984,7.547844035430992,5.534052880366192,7.7463937299884735,5.671252608293102,24.13415557919674,24.13415557919674,229
4.8999999999999835,7.534646174764502,5.549074345361313,7.735103075143991,5.6875919706562685,24.365980675340396,24.365980675340396,230
4.919999999999983,7.5230329638436935,5.565357260705587,7.723734576869818,5.7040439847675275,24.395726040091777,24.395726040091777,231
4.939999999999983,7.512785354713901,5.58253065000468,7.712390945624391,5.720460012357259,24.262502121940198,24.262502121940198,232
4.959999999999982,7.503589426034933,5.600285384911952,7.701115305115307,5.736777646603672,24.009708538046738,24.009708538046738,233
4.979999999999982,7.495220330804673,5.618443434985926,7.689918252745619,5.752981551389328,23.66596407786887,23.66596407786887,234
4.999999999999981,7.487479100288154,5.636880339558363,7.678793695157348,5.769080544766449,23.25471317110227,23.25471317110227,235
5.019999999999981,7.480407882892966,5.655585407669064,7.667760253861257,5.785047678465312,22.773096071276942,22.773096071276942,236
5.0399999999999805,7.473712647794464,5.674431463674917,7.6567823832554085,5.800934392590896,22.252532230301604,22.252532230301604,237
5.05999999999998,7.467501987159662,5.693440996783702,7.645884659997383,5.816705120834654,21.682809376733882,21.682809376733882,238
5.07999999999998,7.461558503494738,5.7125364790202395,7.635033084992994,5.83240906526038,21.086219992662315,21.086219992662315,239
5.099999999999979,7.455910734681148,5.731722086599294,7.624234927893532,5.848035705533484,20.460178877558217,20.460178877558217,240
5.119999999999979,7.4504923696093455,5.750974133761834,7.613479835979889,5.8636000236750565,19.81148789784208,19.81148789784208,241
5.139999999999978,7.445143121731032,5.770245285976882,7.602738146002485,5.879144947096337,19.156024605082305,19.156024605082305,242
5.159999999999978,7.439904621818216,5.789547050628422,7.592017930235766,5.8946587939401605,18.489709889494073,18.489709889494073,243
5.1799999999999775,7.43467057213162,5.808850022387034,7.5812985881337545,5.910171376453045,17.822960434925537,17.822960434925537,244
5.199999999999977,7.429391603055024,5.828140700112489,7.570570478855234,5.925696646456235,17.160605362059535,17.160605362059535,245
5.219999999999977,7.424067363530161,5.847418990324067,7.559833532665774,5.941234704866472,16.50267886643317,16.50267886643317,246
5.239999999999976,7.418592661669398,5.8666549659406115,7.549067750424927,5.956814493601413,15.859536315347272,15.859536315347272,247
5.259999999999976,7.41305356331595,5.885872363828173,7.538289845252168,5.972411826135196,15.222747731469655,15.222747731469655,248
5.279999999999975,7.4072462644237715,5.905010683492576,7.527462247575816,5.988081071576967,14.61251928371827,14.61251928371827,249
5.299999999999975,7.401438965531593,5.9241490031569795,7.516634649899461,6.00375031701874,14.002290835966825,14.002290835966825,250
5.3199999999999745,7.395275707547219,5.943175622796227,7.505744254950047,6.019510440041494,13.427696857301772,13.427696857301772,251
5.339999999999974,7.389050064390541,5.962181474057947,7.494843411628783,6.035285683509972,12.859415911882168,12.859415911882168,252
5.359999999999974,7.3825263509877415,5.981087588503758,7.483892884381727,6.051132827473,12.321326874396362,12.321326874396362,253
5.379999999999973,7.3758967147141306,5.999956003936196,7.472925756612688,6.067003995015517,11.79409516644862,11.79409516644862,254
5.399999999999973,7.369008809094066,6.01873249871475,7.461918152165396,6.082933738709932,11.293336640189592,11.293336640189592,255
5.419999999999972,7.361984695929776,6.037457525273367,7.450890599567569,6.098892350531534,10.806709700993233,10.806709700993233,256
5.439999999999972,7.35473434853576,6.056097065575265,7.43982991404383,6.114898910934515,10.343554653402029,10.343554653402029,257
5.4599999999999715,7.34733622536627,6.0746774956578,7.4287491158556,6.130934577542383,9.895917339992423,9.895917339992423,258
5.479999999999971,7.3397316411488385,6.0931753414480525,7.417640217785795,6.14701090912086,9.469960221801367,9.469960221801367,259
5.499999999999971,7.3319839819819,6.1116128013375155,7.406513322880448,6.1631132849652674,9.059206625673287,9.059206625673287,260
5.51999999999997,7.324035504126468,6.129965504129793,7.395361167781582,6.179252216302778,8.66979255384181,8.66979255384181,261
5.53999999999997,7.315975173832104,6.148268672710057,7.384196031058849,6.1954099341021305,8.292396448788299,8.292396448788299,262
5.559999999999969,7.307727268316817,6.166488773000968,7.373009124305993,6.211599156576433,7.93515433228435,7.93515433228435,263
5.579999999999969,7.299276896938721,6.184615299253861,7.361800548625219,6.227819737414811,7.5998884840620065,7.5998884840620065,264
5.599999999999969,7.290744032723121,6.202703699633057,7.350583144140786,6.244053094927724,7.273576662475177,7.273576662475177,265
5.619999999999968,7.282012329402504,6.220696040639068,7.339346405184971,6.260314432477077,6.969084027086801,6.969084027086801,266
5.639999999999968,7.2731459763286175,6.2386233322127875,7.328096573322697,6.276594717531778,6.6793668959333505,6.6793668959333505,267
5.659999999999967,7.2642769671306535,6.256549280575591,7.316846511265146,6.292875335715434,6.38994464180342,6.38994464180342,268
5.679999999999967,7.2550928102589545,6.274315857695453,7.305569136662902,6.309195479468769,6.135509385770154,6.135509385770154,269
5.699999999999966,7.2459086533872545,6.292082434815315,7.294291762060662,6.325515623222098,5.8810741297370255,5.8810741297370255,270
5.719999999999966,7.23650625465307,6.309734083645447,7.2829976072426295,6.341860050600261,5.651126983521617,5.651126983521617,271
5.739999999999966,7.227052946870621,6.327358923275079,7.271699538121423,6.358210142593882,5.426892152763972,5.426892152763972,272
5.759999999999965,7.217469851135469,6.344913076180439,7.260392583828674,6.374573092835275,5.217353323110747,5.217353323110747,273
5.779999999999965,7.2077917273884005,6.362415473751526,7.249079124000014,6.390945457615511,5.0185745966797155,5.0185745966797155,274
5.799999999999964,7.197934557188573,6.37981729100425,7.237754840658727,6.4073334857294775,4.840243741589986,4.840243741589986,275
5.819999999999964,7.188022400511363,6.3971882193043275,7.226427233337419,6.423726324167983,4.6681925775954305,4.6681925775954305,276
5.839999999999963,7.178108924449686,6.4145583820940315,7.215099557641278,6.44011926155568,4.496293476595927,4.496293476595927,277
5.859999999999963,7.167947631616284,6.431784760934457,7.203759039267231,6.456530784328452,4.35295599766236,4.35295599766236,278
5.879999999999963,7.157786338782882,6.449011139774882,7.192418520893183,6.472942307101223,4.209618518728698,4.209618518728698,279
5.899999999999962,7.147503751916221,6.466165104641587,7.181072670216239,6.489361546559204,4.080376445220041,4.080376445220041,280
5.919999999999962,7.137161012371995,6.483283157647706,7.169724175119877,6.50578461291011,3.95812462799119,3.95812462799119,281
5.939999999999961,7.126693677776469,6.500325127789316,7.158370996807208,6.522214456615323,3.850448360163111,3.850448360163111,282
5.959999999999961,7.116190330318761,6.517345106995609,7.147016464861137,6.538646259242047,3.7469849984361767,3.7469849984361767,283
5.9799999999999605,7.1056178622416875,6.534321919219044,7.135659783400337,6.555081172556377,3.6516621229599866,3.6516621229599866,284
5.99999999999996,7.094933345998176,6.551228755488498,7.1242996174628885,6.571521128459235,3.569535404674816,3.569535404674816,285
6.01999999999996,7.084248829754664,6.568135591757951,7.112939451525439,6.587961084362096,3.4874086863897973,3.4874086863897973,286
6.039999999999959,7.073488328236404,6.584993894121398,7.101577427622423,6.604403729034835,3.4142923068836915,3.4142923068836915,287
6.059999999999959,7.062641380222926,6.601796980706693,7.0902132899597055,6.620849432651999,3.3514267583542847,3.3514267583542847,288
6.079999999999958,7.05179354898772,6.618599492488082,7.0788491356889764,6.637295160303581,3.2886665486435116,3.2886665486435116,289
6.099999999999958,7.040822176824866,6.6353216033854565,7.067482658367254,6.6537442497771755,3.24064064059303,3.24064064059303,290
6.1199999999999575,7.029850804662011,6.652043714282832,7.056116181045531,6.670193339250769,3.192614732542448,3.192614732542448,291
6.139999999999957,7.018824044282248,6.668729230486349,7.0447489184294305,6.686643565169466,3.1512259307863046,3.1512259307863046,292
6.159999999999957,7.007745697262625,6.685380663677304,7.03338092441773,6.703094849533211,3.1160186967209453,3.1160186967209453,293
6.179999999999956,6.996667329583213,6.702032083051082,7.022012930191389,6.719546134207578,3.0808139478091654,3.0808139478091654,294
6.199999999999956,6.9855087526920645,6.718629858858831,7.010644102652267,6.735998624817265,3.0552575153998287,3.0552575153998287,295
6.219999999999955,6.974350175800916,6.735227634666582,6.999275275113143,6.752451115426957,3.029701082990474,3.029701082990474,296
6.239999999999955,6.963125896308438,6.751781043112724,6.9879059640941446,6.768904305708452,3.012072179391581,3.012072179391581,297
6.2599999999999545,6.951899330766722,6.7683329078456635,6.976536636252998,6.785357520334256,2.994719105376744,2.994719105376744,298
6.279999999999954,6.940672765225004,6.784884772578603,6.965167308411853,6.80181073496006,2.9773660313620534,2.9773660313620534,299
6.299999999999954,6.929397150234757,6.801403248309471,6.953797744558562,6.818264291132744,2.9659463387646556,2.9659463387646556,300
6.319999999999953,6.918115041331465,6.817917303495713,6.942428149458392,6.834717892524603,2.9553121975678467,2.9553121975678467,301
6.339999999999953,6.906807951883899,6.834414258007105,6.931058479004489,6.851171602965227,2.9477053374988573,2.9477053374988573,302
6.359999999999952,6.8954948637473015,6.850907106057504,6.9196887904555595,6.867625339592211,2.9408254318907443,2.9408254318907443,303
6.379999999999952,6.884175132855506,6.867395387081201,6.9083190910654135,6.884079091908152,2.9347516501308695,2.9347516501308695,304
6.3999999999999515,6.8728266346927,6.883863890032252,6.896949344726043,6.900532912167042,2.9321688871598495,2.9321688871598495,305
6.419999999999951,6.861478136529894,6.9003323929833025,6.885579598386672,6.916986732425933,2.929586124188982,2.929586124188982,306
6.439999999999951,6.850129441324675,6.91680076000709,6.874209851939302,6.933440552841114,2.9270272990326602,2.9270272990326602,307
6.45999999999995,6.838764553969032,6.933257957076869,6.86284009661705,6.949894386099653,2.9264355868986356,2.9264355868986356,308
6.47999999999995,6.827399666613388,6.949715154146647,6.851470341294799,6.966348219358191,2.9258438747646345,2.9258438747646345,309
6.499999999999949,6.816039384835871,6.9661755288974545,6.840100588225538,6.982802049356295,2.9246926182543884,2.9246926182543884,310
6.519999999999949,6.804688075961134,6.9826420946241115,6.828730839545709,6.999255873002199,2.922451219062471,2.922451219062471,311
6.5399999999999485,6.793345014373204,6.999114329140451,6.81736110497327,7.015709676232478,2.9192090586585393,2.9192090586585393,312
6.559999999999948,6.782038502570647,7.015611686227531,6.805991432921041,7.032163388986132,2.9115317902779214,2.9115317902779214,313
6.579999999999948,6.77073199076809,7.032109043314611,6.794621760868811,7.048617101739786,2.9038545218971805,2.9038545218971805,314
6.599999999999947,6.759425478965532,7.04860640040169,6.783252088816581,7.065070814493439,2.896177253516563,2.896177253516563,315
6.619999999999947,6.748174110339728,7.065141403759793,6.771882631054729,7.081524217135041,2.8818232572138065,2.8818232572138065,316
6.639999999999946,6.736927293596517,7.081679514690144,6.760513190981823,7.0979775941779435,2.8669181196204074,2.8669181196204074,317
6.659999999999946,6.7256948732506325,7.098227365744535,6.749143848152688,7.1144308304937365,2.850274888209626,2.850274888209626,318
6.6799999999999455,6.714527193179405,7.114819017917441,6.7377749426266,7.130883433962891,2.82581548803326,2.82581548803326,319
6.699999999999945,6.703359513108178,7.1314106700903475,6.7264060371005145,7.147336037432044,2.8013560878569623,2.8013560878569623,320
6.719999999999945,6.692243617899251,7.148036898978585,6.715037696131294,7.1637878238981685,2.7706707459942232,2.7706707459942232,321
6.739999999999944,6.681199667888929,7.1647111656242135,6.703670139506263,7.180238475294263,2.7313356445062,2.7313356445062,322
6.759999999999944,6.6701557178786075,7.181385432269841,6.692302582881232,7.196689126690357,2.692000543018155,2.692000543018155,323
6.779999999999943,6.6591587311668725,7.198090654672914,6.680935726074444,7.213138765338829,2.6470420129231282,2.6470420129231282,324
6.799999999999943,6.648188875042293,7.214813760144267,6.669569273551008,7.229587818925382,2.598834841345816,2.598834841345816,325
6.8199999999999426,6.6372190189177145,7.231536865615621,6.658202821027571,7.246036872511936,2.5506276697683803,2.5506276697683803,326
6.839999999999942,6.62608141530117,7.248148471762846,6.646834303283067,7.26248891479984,2.522559545553781,2.522559545553781,327
6.859999999999942,6.614909383055492,7.264737193699799,6.635465361670942,7.278941570491196,2.4986247754931625,2.4986247754931625,328
6.879999999999941,6.603435562067371,7.281115572883535,6.6240972637069,7.295393005290413,2.51147564346919,2.51147564346919,329
6.899999999999941,6.591738439572667,7.297338313877087,6.612729789980485,7.311843536719106,2.551545182120963,2.551545182120963,330
6.91999999999994,6.580041317077963,7.313561054870639,6.60136231625407,7.328294068147801,2.5916147207727636,2.5916147207727636,331
6.93999999999994,6.568225481822631,7.329694117229264,6.568807897262697,7.352597930685567,2.291121730912565,2.291121730912565,333
6.95999999999994,6.555817899438256,7.345380158775011,6.556009713966157,7.352923372541392,0.7545652174492863,0.7545652174492863,334
6.979999999999939,6.543410317053881,7.361066200320759,6.543211530669617,7.353248814397217,0.7819912960139921,0.7819912960139921,335
6.999999999999939,6.530785667138286,7.37657210846081,6.530200997719793,7.353579656040156,2.2999884926775747,2.2999884926775747,335
7.019999999999938,6.517656238415705,7.391659126105748,6.516696657133026,7.353923054596063,3.7748270016281964,3.7748270016281964,336
7.039999999999938,6.5045268096931235,7.406746143750685,6.503192316546256,7.354266453151968,5.249665510578824,5.249665510578824,337
7.059999999999937,6.491094273366146,7.42155564333045,6.489392116602756,7.354617375042702,6.695990665323301,6.695990665323301,337
7.079999999999937,6.477220797404269,7.435961429138077,6.475161521265521,7.354979241352063,8.100836596811988,8.100836596811988,338
7.099999999999937,6.4633473214423915,7.450367214945703,6.460930925928291,7.355341107661424,9.505682528300575,9.505682528300575,339
7.119999999999936,6.4491132610099235,7.464406773793013,6.446349285808895,7.355711900602224,10.873000973454188,10.873000973454188,339
7.139999999999936,6.434493815309758,7.478054916795631,6.431392456244633,7.356092234143156,12.200210812866775,12.200210812866775,340
7.159999999999935,6.419874369609593,7.4917030597982475,6.416435626680375,7.3564725676840865,13.527420652279352,13.527420652279352,341
7.179999999999935,6.40485899598702,7.504902655304056,6.40109452367719,7.3568626728197986,14.808783766977857,14.808783766977857,342
7.1999999999999345,6.389501583340451,7.517714754148624,6.385421449866785,7.357261219559531,16.05054025610862,16.05054025610862,342
7.219999999999934,6.374144170693882,7.5305268529931935,6.369748376056373,7.357659766299265,17.292296745239305,17.292296745239305,343
7.239999999999934,6.3584076818460105,7.542859487797295,6.353708655299663,7.358067636414032,18.48515869235028,18.48515869235028,344
7.259999999999933,6.342398200634165,7.554846835766196,6.337404893127849,7.358482220773014,19.64280915278501,19.64280915278501,345
7.279999999999933,6.32624386784294,7.566628695200756,6.320961594921077,7.358900353359515,20.77954917974221,20.77954917974221,346
7.299999999999932,6.309573172323477,7.577678035040645,6.304020882685339,7.359331134565039,21.84174829713267,21.84174829713267,347
7.319999999999932,6.292902476804014,7.588727374880532,6.28708017044959,7.359761915770563,22.903947414523063,22.903947414523063,347
7.3399999999999315,6.2757942045531925,7.599063909835502,6.26972027827338,7.360203356199712,23.89377673446559,23.89377673446559,348
7.359999999999931,6.258289754139499,7.608732121129007,6.251981447602138,7.360654432562666,24.815788179259563,24.815788179259563,349
7.379999999999931,6.240424171992916,7.617720783195724,6.233898987486397,7.361114246994261,25.66894864503737,25.66894864503737,350
7.39999999999993,6.221946269786177,7.625355361154987,6.21523901341522,7.361588746886212,26.385187907391987,26.385187907391987,351
7.41999999999993,6.203034599365504,7.631862950716395,6.196174190824731,7.362073541571603,26.987662086968996,26.987662086968996,352
7.439999999999929,6.18374520134514,7.637100960887456,6.1767641476836825,7.36256711478548,27.462259150653935,27.462259150653935,353
7.459999999999929,6.164171806791193,7.641136422013117,6.157100851092153,7.363067127919073,27.81591823622906,27.81591823622906,354
7.4799999999999285,6.144379752570265,7.64392597457214,6.137250697561933,7.363571892591809,28.044470882572547,28.044470882572547,355
7.499999999999928,6.124448199799889,7.645442055092787,6.11729349750813,7.364079379324268,28.14536286504483,28.14536286504483,356
7.519999999999928,6.104456170745427,7.64577481350985,6.097305931212499,7.3645876382324245,28.127807142732596,28.127807142732596,357
7.539999999999927,6.0844905817478345,7.644733032626345,6.077379718123304,7.365094337004981,27.972909121202292,27.972909121202292,358
7.559999999999927,6.064620231932912,7.642459445541457,6.057579985728592,7.365597819531061,27.69511238896454,27.69511238896454,359
7.579999999999926,6.044900067154232,7.639216387102038,6.037954977838191,7.366096859030688,27.320781628556045,27.320781628556045,360
7.599999999999926,6.025352422238312,7.635027996776485,6.018526401405778,7.366590903523074,26.85238678306773,26.85238678306773,361
7.6199999999999255,6.006026312736802,7.629880036837284,5.999343602122727,7.367078698208768,26.288629140008684,26.288629140008684,362
7.639999999999925,5.987006200100746,7.6237127517035725,5.980492505388837,7.367558058111911,25.623749777860017,25.623749777860017,363
7.659999999999925,5.968179057368557,7.616984603456081,5.961848506694937,7.3680321517699205,24.903292768704578,24.903292768704578,364
7.679999999999924,5.949580691213419,7.609629280461173,5.9434490747084325,7.3685000264012706,24.120720114550767,24.120720114550767,365
7.699999999999924,5.9311957438376774,7.601759189580199,5.925276005036543,7.368962144920987,23.287229828714455,23.287229828714455,366
7.719999999999923,5.912930982952685,7.593612439526917,5.9072300747424125,7.369421030444732,22.42638808651043,22.42638808651043,366
7.739999999999923,5.8947243758465735,7.585334791450097,5.889245587070692,7.369878353559141,21.552608602002245,21.552608602002245,367
7.7599999999999225,5.876553908415695,7.576978378163661,5.871299217327486,7.370334707382119,20.67104701085623,20.67104701085623,368
7.779999999999922,5.858404953038406,7.568575080078199,5.853375537188289,7.370790484236736,19.784853139703664,19.784853139703664,369
7.799999999999922,5.840217487412432,7.5602554927333045,5.835411244401593,7.371247293820381,18.90692974234225,18.90692974234225,370
7.819999999999921,5.822007447379618,7.551985979740118,5.817423119290183,7.3717047094303485,18.03395477662502,18.03395477662502,371
7.839999999999921,5.8037168289243715,7.54389565981291,5.799349914114518,7.372164288520349,17.178688492134704,17.178688492134704,372
7.85999999999992,5.785369300344806,7.535937097797227,5.781216487315615,7.372625398971197,16.336449072396178,16.336449072396178,373
7.87999999999992,5.76694030954827,7.528167136521831,5.762996858158183,7.373088701440621,15.51285655064952,15.51285655064952,374
7.8999999999999195,5.748430059006684,7.520595021878031,5.74469099402376,7.373554196758071,14.70883573193518,14.70883573193518,375
7.919999999999919,5.729849077487781,7.513196656009255,5.726310029258832,7.374021601790984,13.922004374020785,13.922004374020785,375
7.939999999999919,5.7111317646101245,7.506149514841385,5.707783895797811,7.374492698282972,13.169937574597748,13.169937574597748,376
7.959999999999918,5.692387286110532,7.499177437995367,5.689228706710655,7.3749645336233325,12.425305725156795,12.425305725156795,377
7.979999999999918,5.673495013156788,7.492613748282923,5.670515440609362,7.375440388665211,11.721123690443244,11.721123690443244,378
7.999999999999917,5.654602740203044,7.48605005857048,5.651802174508076,7.375916243707091,11.016941655729589,11.016941655729589,379
8.019999999999918,5.635574095494424,7.479896827408997,5.632942194070996,7.376395829511736,10.353445547657799,10.353445547657799,380
8.039999999999917,5.616510148874519,7.473849849711553,5.61404423438763,7.376876381081296,9.700481613012922,9.700481613012922,381
8.059999999999917,5.597332751779238,7.468176741246505,5.5950233966557,7.377360057286535,9.084604122674605,9.084604122674605,382
8.079999999999917,5.578123187801458,7.462609636812101,5.57596771901908,7.377844619427143,8.479241839895884,8.479241839895884,383
8.099999999999916,5.558826646833898,7.457355811573244,5.556817159445765,7.378331594297187,7.904976252751525,7.904976252751525,384
8.119999999999916,5.539491598711585,7.452242347511766,5.537624550697727,7.378819638425354,7.344644360262717,7.344644360262717,385
8.139999999999915,5.52005314008966,7.447536359156099,5.5183182433705085,7.379310573766732,6.824783995572363,6.824783995572363,386
8.159999999999915,5.500614681467734,7.442830370800433,5.499011936043294,7.37980150910811,6.304923630882088,6.304923630882088,387
8.179999999999914,5.481068843357877,7.438595010181075,5.479586358873617,7.380295477332981,5.831837866875252,5.831837866875252,388
8.199999999999914,5.46151289818944,7.434403947240837,5.460149555469701,7.380789731027003,5.363154746597573,5.363154746597573,389
8.219999999999914,5.441928861068399,7.430351844772365,5.440681146958054,7.381284788399537,4.908291771681314,4.908291771681314,390
8.239999999999913,5.422280593272517,7.42661746763269,5.421140475139327,7.381781683337937,4.485027784399219,4.485027784399219,391
8.259999999999913,5.4025906787578215,7.4231162940059985,5.401552257271303,7.382279787313131,4.084970744155088,4.084970744155088,392
8.279999999999912,5.382864363362359,7.419818949480664,5.381922482274149,7.382778948034343,3.7051974942340458,3.7051974942340458,393
8.299999999999912,5.363138047966897,7.416521604955331,5.362292707276998,7.383278108755555,3.3254242443130853,3.3254242443130853,394
8.319999999999911,5.343352001516888,7.413609247547882,5.342593456407144,7.383779036161648,2.9839854256193807,2.9839854256193807,395
8.339999999999911,5.323553936590802,7.410774353337787,5.322880226307889,7.384280319042129,2.6502598717951695,2.6502598717951695,396
8.35999999999991,5.303725071537517,7.40817257578158,5.303130291949136,7.384782535266199,2.3397601545242477,2.3397601545242477,397
8.37999999999991,5.283870101004606,7.405768382541178,5.283349247903969,7.385285542570834,2.0489461222862273,2.0489461222862273,398
8.39999999999991,5.264015130471694,7.403364189300776,5.263568203858802,7.385788549875469,1.7581320900481132,1.7581320900481132,399
8.41999999999991,5.244126748696053,7.401261627280122,5.243746105011714,7.386292601152567,1.4973864992774988,1.4973864992774988,400
8.439999999999909,5.224226938141913,7.399262242397389,5.223909962800799,7.3867970095349085,1.2469262355196848,1.2469262355196848,401
8.459999999999908,5.204315229349989,7.39739253193217,5.204058634712742,7.387301804075187,1.0093989770728273,1.0093989770728273,402
8.479999999999908,5.184383848698901,7.395737217659474,5.184182199172482,7.387807237066693,0.7932544026564813,0.7932544026564813,403
8.499999999999908,5.164452468047813,7.394081903386778,5.164305763632222,7.388312670058199,0.5771098282401353,0.5771098282401353,404
8.519999999999907,5.144499484192723,7.392712115569868,5.144400482957816,7.388818836545528,0.38945375599524856,0.38945375599524856,405
8.539999999999907,5.124545448155108,7.391357751882555,5.124493758817861,7.389325039738386,0.20333692356860456,0.20333692356860456,406
8.559999999999906,5.104575120199966,7.3902687149850665,5.104564010718477,7.3898318284018485,0.04370278105280141,0.04370278105280141,407
8.579999999999906,5.084604792244825,7.3891796780875785,5.084634262619093,7.390338617065311,0.11593136146300176,0.11593136146300176,408
8.599999999999905,5.064626734954843,7.388253954557084,5.064692640007736,7.390845707682817,0.25925909320107077,0.25925909320107077,409
8.619999999999905,5.044642818607432,7.387452027241388,5.044742016175828,7.3913530271901475,0.3902260980226015,0.3902260980226015,410
8.639999999999905,5.024658166753174,7.38667250848073,5.024790087858945,7.3918603798689055,0.5189548411798004,0.5189548411798004,411
8.659999999999904,5.0046646763006475,7.386162273706596,5.004822483523974,7.392368131169273,0.6207863558971131,0.6207863558971131,412
8.679999999999904,4.984671185848121,7.385652038932461,4.984854879189001,7.392875882469641,0.7226178706144237,0.7226178706144237,413
8.699999999999903,4.964677474829731,7.385153219142314,4.964886764349447,7.393383646751502,0.8233088165029625,0.8233088165029625,414
8.719999999999903,4.944679197633468,7.384890713558716,4.944908080990007,7.393891679777659,0.9003875857954791,0.9003875857954791,415
8.739999999999903,4.924680917557025,7.384628591906809,4.924929384995653,7.394399713125104,0.9774279816470733,0.9774279816470733,416
8.759999999999902,4.904680952813347,7.384591038589775,4.904943298619879,7.3949079344007425,1.0320230835429847,1.0320230835429847,417
8.779999999999902,4.884680988069669,7.3845534852727415,4.884957212244106,7.39541615567638,1.086618185438807,1.086618185438807,418
8.799999999999901,4.864681023325991,7.384515931955707,4.864971125868332,7.395924376952018,1.1412132873347183,1.1412132873347183,419
8.8199999999999,4.844681705138576,7.384668481130485,4.844980854685294,7.39643270464209,1.176802639707711,1.176802639707711,420
8.8399999999999,4.824682458527784,7.384842075487237,4.824990120225683,7.39694104411271,1.2102879720154909,1.2102879720154909,421
8.8599999999999,4.80468499543065,7.385153544345074,4.804997664416011,7.397449427355115,1.2299857758975208,1.2299857758975208,422
8.8799999999999,4.784687950415899,7.385497333056338,4.785004805096035,7.397957820858286,1.2464515760783537,1.2464515760783537,423
8.899999999999899,4.764691640943763,7.385874503225911,4.765011832542999,7.3984662172408315,1.2595784393747296,1.2595784393747296,424
8.919999999999899,4.744698861295278,7.386411868955289,4.745018316591491,7.398974627441324,1.2566819504740183,1.2566819504740183,425
8.939999999999898,4.724706081646793,7.386949234684667,4.725024800639981,7.399483037641816,1.2537854615733075,1.2537854615733075,426
8.959999999999898,4.704713301998308,7.387486600414045,4.705031284688474,7.399991447842308,1.250888972672599,1.250888972672599,427
8.979999999999897,4.684726043743241,7.388199767877654,4.685038819032172,7.400499831335102,1.2304039557747366,1.2304039557747366,428
8.999999999999897,4.664738946045626,7.388918047506991,4.665046383917566,7.4010082140512585,1.2094074793601928,1.2094074793601928,429
9.019999999999897,4.644753429857465,7.389676293902671,4.645054513642107,7.401516582404258,1.1844115975715372,1.1844115975715372,430
9.039999999999896,4.624772070575285,7.390539590628287,4.625064128013616,7.402024913004537,1.148903510455362,1.148903510455362,431
9.059999999999896,4.604791431217451,7.391418193920532,4.605074072868854,7.402533235201024,1.1118634312277385,1.1118634312277385,432
9.079999999999895,4.584817252241759,7.392434153686958,4.585086983384571,7.403041481984462,1.0610757206742303,1.0610757206742303,433
9.099999999999895,4.564843073266067,7.393450113453385,4.565099893900286,7.4035497287679,1.010288010120633,1.010288010120633,434
9.119999999999894,4.544868894290375,7.394466073219811,4.545112804416003,7.4040579755513365,0.959500299566947,0.959500299566947,435
9.139999999999894,4.524900680847766,7.395591933650117,4.525128883778802,7.404566141754941,0.8977109094047333,0.8977109094047333,436
9.159999999999894,4.504933890713729,7.39674401513303,4.505145719192593,7.405074288733111,0.8332966431989745,0.8332966431989745,437
9.179999999999893,4.4849711612314405,7.397963164913497,4.485164908272958,7.4055823758604715,0.7621673921822847,0.7621673921822847,438
9.199999999999893,4.465011224896232,7.399228448081184,4.465185716338972,7.406090421819044,0.6864191929330122,0.6864191929330122,439
9.219999999999892,4.445051288561024,7.40049373124887,4.445206524404988,7.406598467777617,0.6106709936837419,0.6106709936837419,440
9.239999999999892,4.425093079689527,7.401785148407311,4.42627,7.40708,0.5424075479360786,0.5424075479360786,440
9.259999999999891,4.405140260855887,7.403158108928202,4.42627,7.40708,2.149062832672137,2.149062832672137,440
9.279999999999891,4.3851874420222465,7.404531069449092,4.42627,7.40708,4.116155508418991,4.116155508418991,440
9.29999999999989,4.365237150567505,7.405939719944708,4.42627,7.40708,6.104350046036103,6.104350046036103,440
9.31999999999989,4.345289967893108,7.407392270582119,4.42627,7.40708,8.098063418465959,8.098063418465959,440
9.33999999999989,4.325344604533966,7.408868952535034,4.42627,7.40708,10.09412492549396,10.09412492549396,440
9.35999999999989,4.305405115375667,7.41042354962304,4.42627,7.40708,12.091112297607303,12.091112297607303,440
9.379999999999889,4.285465626217367,7.411978146711047,4.42627,7.40708,14.08895436770318,14.08895436770318,440
9.399999999999888,4.265531522310378,7.413599114838925,4.42627,7.40708,16.08706221417075,16.08706221417075,440
9.419999999999888,4.245602232398035,7.415279413499805,4.42627,7.40708,18.085373270136937,18.085373270136937,440
9.439999999999888,4.225672942485692,7.416959712160686,4.42627,7.40708,20.084020562570796,20.084020562570796,440
9.459999999999887,4.20574521723278,7.418658309466921,4.42627,7.40708,22.082852411914867,22.082852411914867,440
9.479999999999887,4.185819966552668,7.420385846828218,4.42627,7.40708,24.081790661127986,24.081790661127986,440
9.499999999999886,4.165894715872556,7.422113384189514,4.42627,7.40708,26.080891707270432,26.080891707270432,440
9.519999999999886,4.1459653879724465,7.423793139528816,4.42627,7.40708,28.08024297559172,28.08024297559172,440
9.539999999999885,4.126035507902413,7.425466423842391,4.42627,7.40708,30.079695947068295,30.079695947068295,440
9.559999999999885,4.106094264588386,7.426998073806979,4.42627,7.40708,32.07946870048634,32.07946870048634,440
9.579999999999885,4.086152535282174,7.428523666241997,4.42627,7.40708,34.079278253504626,34.079278253504626,440
9.599999999999884,4.066195827570504,7.429829968954826,4.42627,7.40708,36.0792143398705,36.0792143398705,440
9.619999999999884,4.046231868027721,7.431030102020002,4.42627,7.40708,38.079205498506305,38.079205498506305,440
9.639999999999883,4.0262530226539,7.431893804943477,4.42627,7.40708,40.07858618774909,40.07858618774909,440
9.659999999999883,4.0062610834218315,7.432461577557542,4.42627,7.40708,42.07751352973179,42.07751352973179,440
9.679999999999882,3.986268139819451,7.432890210569839,4.42627,7.40708,44.07582148207819,44.07582148207819,440
9.699999999999882,3.96627008743806,7.432611103151262,4.42627,7.40708,46.0707886610499,46.0707886610499,440
9.719999999999882,3.946324982430688,7.431289860829655,4.42627,7.40708,48.05552385012551,48.05552385012551,440
9.739999999999881,3.92640161876975,7.429540695190276,4.42627,7.40708,50.03727424452503,50.03727424452503,440
9.75999999999988,3.9066998729443316,7.426236693063509,4.42627,7.40708,51.9923163378756,51.9923163378756,440
9.77999999999988,3.8875020431894587,7.420824059198785,4.42627,7.40708,53.89432349042566,53.89432349042566,440
9.79999999999988,3.869021295706973,7.413354899109397,4.42627,7.40708,55.72840324243017,55.72840324243017,440
9.81999999999988,3.8520214020061667,7.402850321594617,4.42627,7.40708,57.42641748161693,57.42641748161693,440
9.839999999999879,3.8376687688084967,7.388943324993987,4.42627,7.40708,58.8880589203301,58.8880589203301,440
9.859999999999879,3.8267371817853917,7.372195194002833,4.42627,7.40708,60.05468756107305,60.05468756107305,440
9.879999999999878,3.8148496271098655,7.356177577677135,4.42627,7.40708,61.35355971607891,61.35355971607891,440
9.899999999999878,3.7999673443040787,7.342868932526229,4.42627,7.40708,62.95856397011328,62.95856397011328,440
9.919999999999877,3.797526824039565,7.341297034431438,4.42627,7.40708,63.21751180454738,63.21751180454738,440
9.939999999999877,3.812917360037916,7.354068957419251,4.42627,7.40708,61.56392056910893,61.56392056910893,440
9.959999999999877,3.828211877783056,7.366956068556103,4.42627,7.40708,59.94025754233721,59.94025754233721,440
9.979999999999876,3.843544119620181,7.379798185645918,4.42627,7.40708,58.33641650452018,58.33641650452018,440
9.999999999999876,3.858981980248684,7.392512982265251,4.42627,7.40708,56.74750173875971,56.74750173875971,440
10.019999999999875,3.874543636523549,7.405075810140808,4.42627,7.40708,55.1730003653907,55.1730003653907,440
10.039999999999875,3.8902491785150026,7.417458357545847,4.42627,7.40708,53.612128419864156,53.612128419864156,440
10.059999999999874,3.906149824416061,7.429589607785158,4.42627,7.40708,52.06070298143399,52.06070298143399,440
10.079999999999874,3.9222277599885387,7.441483737875546,4.42627,7.40708,50.52150006636587,50.52150006636587,440
10.099999999999874,3.9385869983493644,7.452985607660907,4.42627,7.40708,48.98387846156025,48.98387846156025,440
10.119999999999873,3.9552794183303215,7.463994866633117,4.42627,7.40708,47.44169369504079,47.44169369504079,440
10.139999999999873,3.9723264332871335,7.47444585385687,4.42627,7.40708,45.89149376800275,45.89149376800275,440
10.159999999999872,3.989749366842097,7.48426631139913,4.42627,7.40708,44.32922172111528,44.32922172111528,440
10.179999999999872,4.007621362368902,7.493241402206354,4.42627,7.40708,42.742305625754334,42.742305625754334,440
10.199999999999871,4.025936259638805,7.501268446163998,4.42627,7.40708,41.12645949536291,41.12645949536291,440
10.219999999999871,4.044572817623267,7.508487147597147,4.42627,7.40708,39.49381579666949,39.49381579666949,440
10.23999999999987,4.063486676502492,7.514988373812005,4.42627,7.40708,37.849168676028874,37.849168676028874,440
10.25999999999987,4.082727545428263,7.5204048395761625,4.42627,7.40708,36.17512092006563,36.17512092006563,440
10.27999999999987,4.102152277962858,7.525128973087279,4.42627,7.40708,34.49461665035673,34.49461665035673,440
10.29999999999987,4.121822895092224,7.528743778994915,4.42627,7.40708,32.78568510890839,32.78568510890839,440
10.319999999999869,4.14162080689561,7.531506000162487,4.42627,7.40708,31.06557462069795,31.06557462069795,440
10.339999999999868,4.16152967949409,7.533266052219719,4.42627,7.40708,29.32752241093157,29.32752241093157,440
10.359999999999868,4.181515758098194,7.534012150089026,4.42627,7.40708,27.57107354731599,27.57107354731599,440
10.379999999999868,4.201501094024956,7.534248247551532,4.42627,7.40708,25.824953877702427,25.824953877702427,440
10.399999999999867,4.2214849148901985,7.5334439443587735,4.42627,7.40708,24.063411544778063,24.063411544778063,440
10.419999999999867,4.241379816775714,7.53141797573918,4.42627,7.40708,22.281003582340507,22.281003582340507,440
10.439999999999866,4.261234665521441,7.5290761314727845,4.42627,7.40708,20.52308888076424,20.52308888076424,440
10.459999999999866,4.2809170750982695,7.525526095803958,4.42627,7.40708,18.750186769386715,18.750186769386715,440
10.479999999999865,4.300599484675098,7.521976060135132,4.42627,7.40708,17.0276783668832,17.0276783668832,440
10.499999999999865,4.320066241585362,7.517392163383189,4.42627,7.40708,15.312743611670026,15.312743611670026,440
10.519999999999865,4.339476750119227,7.51257721707924,4.42627,7.40708,13.66116065213008,13.66116065213008,440
10.539999999999864,4.358830557365324,7.507534386021105,4.42627,7.40708,12.099240510772933,12.099240510772933,440
10.559999999999864,4.37818145158633,7.502480457897552,4.42627,7.40708,10.683518079545031,10.683518079545031,440
10.579999999999863,4.397516780026957,7.497367232487594,4.42627,7.40708,9.475511600482115,9.475511600482115,440
10.599999999999863,4.416890655294755,7.492403785682164,4.42627,7.40708,8.583775690356628,8.583775690356628,440
10.619999999999862,4.4362921728991225,7.487547746694738,4.434240824249771,7.406877311870271,8.069651222977278,8.069651222977278,440
10.639999999999862,4.455708632436213,7.482753910397856,4.453766559310431,7.406380796755019,7.639780190246101,7.639780190246101,442
10.659999999999862,4.475198963425827,7.478267598113224,4.473358303188402,7.405882603117785,7.2408394061733565,7.2408394061733565,443
10.679999999999861,4.4947329840387775,7.473979861993483,4.492988662175889,7.405383427546426,6.861860882887866,6.861860882887866,444
10.69999999999986,4.514306484373856,7.469871567379822,4.512653915348235,7.4048833646594225,6.500921071057656,6.500921071057656,445
10.71999999999986,4.533880909458775,7.465767907184772,4.53231997490151,7.404383281267155,6.14044690208939,6.14044690208939,446
10.73999999999986,4.55353216992242,7.462049310380873,4.552053034827349,7.40388149413889,5.818661948412728,5.818661948412728,447
10.75999999999986,4.573183430386065,7.458330713576974,4.571786094753182,7.403379707010626,5.496876994735906,5.496876994735906,448
10.779999999999859,4.592885067984322,7.454890674600938,4.591562420458541,7.402876819687494,5.20306688351613,5.20306688351613,449
10.799999999999859,4.612594003102724,7.451490986894895,4.611345013548899,7.402373772992569,4.913309146015956,4.913309146015956,450
10.819999999999858,4.632333253110174,7.448274312843601,4.631153251136794,7.401870074190024,4.641923921904981,4.641923921904981,451
10.839999999999858,4.652085731973291,7.445137502558921,4.6509726795080795,7.401366090819798,4.378556122086472,4.378556122086472,452
10.859999999999857,4.671875721963714,7.442247625979631,4.670823319608018,7.400861313774201,4.139969068342866,4.139969068342866,453
10.879999999999857,4.691668664059774,7.439377182950767,4.690676416054296,7.4003564742667765,3.9033322460498066,3.9033322460498066,454
10.899999999999856,4.711469499819043,7.4365636849644705,4.710535953957115,7.399851470961138,3.672408153926842,3.672408153926842,455
10.919999999999856,4.731296923620376,7.433941993639715,4.730417188468072,7.399345915937786,3.460726117877729,3.460726117877729,456
10.939999999999856,4.751134708599639,7.4314018760669915,4.750306704483082,7.398840150326104,3.257225159613307,3.257225159613307,457
10.959999999999855,4.770987954723899,7.428983484384577,4.770208578314528,7.398334070470548,3.0659321598185167,3.0659321598185167,458
10.979999999999855,4.790843268286057,7.4265828421787194,4.790112067192472,7.397827949546371,2.876418789636098,2.876418789636098,459
10.999999999999854,4.81072085651046,7.424373433574348,4.810032956648849,7.397321386147164,2.706079223197708,2.706079223197708,460
11.019999999999854,4.8305984447348616,7.422164024969978,4.829953846105222,7.396814822747957,2.5357396567594135,2.5357396567594135,461
11.039999999999853,4.85049100167591,7.420095471423906,4.849886115151316,7.3963079699799605,2.3795190956437904,2.3795190956437904,462
11.059999999999853,4.870388978284764,7.418077916747201,4.869822504363319,7.39580101244128,2.2284105505019896,2.2284105505019896,463
11.079999999999853,4.890292907368498,7.416121763781046,4.889763281843655,7.395293943314402,2.0834553237046043,2.0834553237046043,464
11.099999999999852,4.9102078989567985,7.414279724140341,4.909712214795364,7.394786666804048,1.9499358633142176,1.9499358633142176,465
11.119999999999852,4.930122890545098,7.412437684499637,4.929661147747072,7.394279390293694,1.8164164029239176,1.8164164029239176,466
11.139999999999851,4.950052271401483,7.410759042664332,4.949620308350831,7.393771853706892,1.6992680210988123,1.6992680210988123,467
11.159999999999851,4.969982689913935,7.409092183966519,4.96958020650324,7.393264298365146,1.5833002100234157,1.5833002100234157,468
11.17999999999985,4.9899131084263875,7.407425325268705,4.989540104655647,7.3927567430234005,1.4673323989480263,1.4673323989480263,469
11.19999999999985,5.0098560852624505,7.405916211325865,5.009508544355933,7.3922489704807335,1.3671658897168533,1.3671658897168533,470
11.21999999999985,5.02979918748744,7.404408672389861,5.029477069339539,7.391741195769419,1.2671571490176627,1.2671571490176627,471
11.23999999999985,5.049746577964937,7.402960169091873,5.0494483795719285,7.391233350232698,1.1730609653274917,1.1730609653274917,472
11.259999999999849,5.06969819272885,7.401569820821692,5.069422433506696,7.3907254349270435,1.0847891434774324,1.0847891434774324,473
11.279999999999848,5.08965364147259,7.400236908292334,5.089398859368222,7.390217459306247,1.0022687858329717,1.0022687858329717,474
11.299999999999848,5.109613035344483,7.398963096584669,5.109377725919438,7.3897094216217525,0.925666629218259,0.925666629218259,475
11.319999999999848,5.129572429216378,7.397689284877005,5.129356592470655,7.389201383937257,0.8490644726037216,0.8490644726037216,476
11.339999999999847,5.149534964005158,7.396467066057258,5.149337286814008,7.388693299774286,0.777627921914886,0.777627921914886,477
11.359999999999847,5.16950147942931,7.395310233391275,5.1693202976064425,7.388185156706901,0.7127379926112016,0.7127379926112016,478
11.379999999999846,5.189467994853461,7.394153400725291,5.189303308398877,7.387677013639515,0.6478480633075174,0.6478480633075174,479
11.399999999999846,5.209438623224033,7.393070275454502,5.209288556403873,7.387168813682602,0.5903369469693094,0.5903369469693094,480
11.419999999999845,5.229409887161205,7.391998540061893,5.229274150121515,7.386660604934646,0.5339660660251526,0.5339660660251526,481
11.439999999999845,5.24938422962278,7.390986276434184,5.24926130905857,7.386152356385113,0.48354826549082763,0.48354826549082763,482
11.459999999999845,5.2693594102794625,7.389990205285676,5.269248894160593,7.385644096998733,0.4347513203472075,0.4347513203472075,483
11.479999999999844,5.2893351774961115,7.389006364216758,5.289236754648825,7.3851358306096255,0.38717847900951274,0.38717847900951274,484
11.499999999999844,5.309313999828972,7.388086223905718,5.3092260494948755,7.384627527746586,0.3459814212131082,0.3459814212131082,485
11.519999999999843,5.329292822161832,7.387166083594678,5.329215344340924,7.3841192248835466,0.3047843634167059,0.3047843634167059,486
11.539999999999843,5.349273165845505,7.386280233056437,5.349205288171939,7.383610905517628,0.2670190421676911,0.2670190421676911,487
11.559999999999842,5.369254975355784,7.385427420829239,5.369195857302142,7.383102570251131,0.23256021058634158,0.23256021058634158,488
11.579999999999842,5.389236784866064,7.38457460860204,5.389186426432344,7.382594234984633,0.19810137900499203,0.19810137900499203,489
11.599999999999842,5.409220622976497,7.3837710406071535,5.409177771441526,7.3820858799885,0.16857053611798595,0.16857053611798595,490
11.619999999999841,5.42920487267924,7.382977464008185,5.429169273872476,7.381577520989326,0.14003955623659675,0.14003955623659675,491
11.63999999999984,5.449189376810192,7.38219051114884,5.449160862242619,7.381069159804826,0.11217138303887934,0.11217138303887934,492
11.65999999999984,5.469175617157504,7.381448758643281,5.469153037061229,7.380560783707673,0.08882619810711133,0.08882619810711133,493
11.67999999999984,5.489161857504815,7.380707006137722,5.4891452118798405,7.38005240761052,0.0654810131752523,0.0654810131752523,494
11.69999999999984,5.509148746467473,7.379983279472723,5.5091375768161965,7.379544026678909,0.04393947860220971,0.04393947860220971,495
11.719999999999839,5.529136610907434,7.3792866625552405,5.529130227677868,7.379035638476574,0.02511052243385621,0.02511052243385621,496
11.739999999999839,5.549124475347395,7.378590045637758,5.549122878539539,7.378527250274238,0.00628156626568254,0.00628156626568254,497
11.759999999999838,5.569113196650775,7.377918725655338,5.569115742857062,7.378018856643987,0.010016335684413801,0.010016335684413801,498
11.779999999999838,5.589102386245103,7.377261230893384,5.589108723831969,7.377510460047282,0.024930971934502954,0.024930971934502954,499
11.799999999999837,5.609091575839431,7.376603736131431,5.609101704806876,7.377002063450578,0.03984560818468089,0.03984560818468089,500
11.819999999999837,5.629081784577296,7.375978114163957,5.629094894305032,7.376493661551389,0.051571404251647766,0.051571404251647766,501
11.839999999999836,5.6490721454183594,7.375357249086773,5.649088114924469,7.3759852588608235,0.06282127835603624,0.06282127835603624,502
11.859999999999836,5.669062506259422,7.374736384009588,5.669081335543905,7.375476856170258,0.07407115246042473,0.07407115246042473,503
11.879999999999836,5.689053347361107,7.374131381535173,5.689074633008049,7.3749684515256275,0.08373405804605494,0.08373405804605494,504
11.899999999999835,5.709044653850122,7.3735417504112775,5.70906800493708,7.374460044987447,0.09185914227141039,0.09185914227141039,505
11.919999999999835,5.729035960339137,7.372952119287383,5.7290613768661105,7.373951638449268,0.09998422649685239,0.09998422649685239,506
11.939999999999834,5.749027685927756,7.372376958593747,5.74905479989669,7.373443230611638,0.10666166994051281,0.10666166994051281,507
11.959999999999834,5.769019607830032,7.371808576105188,5.769048246864138,7.372934822165325,0.11266101287705511,0.11266101287705511,508
11.979999999999833,5.789011747841357,7.371247999514752,5.789041713433696,7.372426413220555,0.11787946380719536,0.11787946380719536,509
11.999999999999833,5.809004215675671,7.37069915537121,5.809035209465685,7.3719180035265905,0.12192421584301687,0.12192421584301687,510
12.019999999999833,5.828996683509985,7.370150311227668,5.829028705497674,7.371409593832627,0.1259689678789249,0.1259689678789249,511
12.039999999999832,5.848989151344298,7.369601467084127,5.849022201529663,7.370901184138663,0.1300137199146576,0.1300137199146576,512
12.059999999999832,5.868982085114689,7.3690698832601695,5.869015724571841,7.370392773757865,0.1323318133318535,0.1323318133318535,513
12.079999999999831,5.888975046845475,7.368539335212084,5.889009249234877,7.369884363335849,0.13454629155648376,0.13454629155648376,514
12.099999999999831,5.908968022164009,7.3680093064277115,5.909002774281182,7.369375952904088,0.1367088256492639,0.1367088256492639,515
12.11999999999983,5.9289613701473,7.367493519243846,5.928996309839291,7.368867542205024,0.13744671258058355,0.13744671258058355,516
12.13999999999983,5.94895471813059,7.366977732059981,5.9489898453974,7.368359131505961,0.13818459951190545,0.13818459951190545,517
12.15999999999983,5.968948139337695,7.366464865136067,5.968983379921419,7.367850720833193,0.13863036867860576,0.13863036867860576,518
12.17999999999983,5.988942212300641,7.3659779910738985,5.988976905241142,7.367342310394479,0.13647603484236356,0.13647603484236356,519
12.199999999999829,6.0089362852635855,7.365491117011729,6.008970430560863,7.366833899955765,0.13432170100621021,0.13432170100621021,520
12.219999999999828,6.028930501956311,7.365010428797431,6.02896394232073,7.36632548986186,0.1315486169121388,0.1315486169121388,521
12.239999999999828,6.0489256109587215,7.3645681438420985,6.048957369897686,7.365817081908624,0.12493417963952208,0.12493417963952208,522
12.259999999999827,6.068920719961131,7.364125858886766,6.068950797474643,7.365308673955386,0.11831974236681884,0.11831974236681884,523
12.279999999999827,6.088915969353115,7.363690250605104,6.088944195680673,7.364800266749015,0.1110374966085805,0.1110374966085805,524
12.299999999999827,6.108911996837448,7.363291646985236,6.108937431101866,7.364291863682059,0.10005400253908892,0.10005400253908892,525
12.319999999999826,6.128908024321781,7.362893043365368,6.12893066652306,7.363783460615103,0.08907050846968834,0.08907050846968834,526
12.339999999999826,6.1489046052789895,7.362523630911731,6.14892371324416,7.363275062346556,0.07516743414378231,0.07516743414378231,527
12.359999999999825,6.168901370933235,7.362163959715835,6.168916696994967,7.362766665679264,0.0602900793266964,0.0602900793266964,528
12.379999999999825,6.188898136587481,7.361804288519938,6.188909680745773,7.3622582690119724,0.045412724509608225,0.045412724509608225,529
12.399999999999824,6.20889537067415,7.361472097862196,6.208902434282019,7.361749878198752,0.027787013141617037,0.027787013141617037,530
12.419999999999824,6.228892777306963,7.361150029605633,6.22889510301919,7.361241489541864,0.009148950143427025,0.009148950143427025,531
12.439999999999824,6.248890183939777,7.36082796134907,6.248887771756363,7.3607331008849775,0.009489112854583155,0.009489112854583155,532
12.459999999999823,6.268887617248974,7.360507600032634,6.268880423775368,7.360224712653212,0.02829788251781016,0.02829788251781016,533
12.479999999999823,6.288885322150977,7.360204617108348,6.288872905586379,7.359716328749625,0.04884462020951662,0.04884462020951662,534
12.499999999999822,6.308883027052978,7.359901634184062,6.308865387397388,7.359207944846037,0.06939135790140288,0.06939135790140288,535
12.519999999999822,6.328880726218571,7.359598278088889,6.328857872958834,7.3586995608470795,0.08990077598141205,0.08990077598141205,536
12.539999999999822,6.348878295163944,7.359286450772828,6.348850443657602,7.358191174683187,0.10956301469680725,0.10956301469680725,537
12.559999999999821,6.3688758641093175,7.358974623456768,6.3688430143563695,7.357682788519295,0.12922525341220464,0.12922525341220464,538
12.57999999999982,6.3888730590756895,7.358640185243888,6.388835785913193,7.357174397247832,0.14662618245135217,0.14662618245135217,539
12.59999999999982,6.408870002067876,7.358290512586669,6.40882869280126,7.356666002535064,0.16250351883187406,0.16250351883187406,540
12.61999999999982,6.428866945060063,7.357940839929451,6.428821599689328,7.356157607822297,0.1783808552123959,0.1783808552123959,541
12.63999999999982,6.448863888052251,7.357591167272233,6.4488145065773965,7.355649213109529,0.19425819159309313,0.19425819159309313,542
12.659999999999819,6.468858283555499,7.357119088737571,6.468807978240287,7.3551408040352415,0.1978924199712967,0.1978924199712967,543
12.679999999999819,6.488852459770151,7.356636473469069,6.488801498519159,7.354632393724709,0.20047275802104275,0.20047275802104275,544
12.699999999999818,6.5088380973961995,7.355921131497423,6.508792399852997,7.354124050010687,0.1797662408636591,0.1797662408636591,545
12.719999999999818,6.528813883413999,7.3549372753234445,6.528780279514085,7.353615783134038,0.13219193730147663,0.13219193730147663,546
12.739999999999817,6.548789669431798,7.353953419149466,6.548768159175173,7.353107516257389,0.08461763373929188,0.08461763373929188,547
12.759999999999817,6.5687378541908545,7.352593924167722,6.568738001267867,7.352599708053631,0.0005785755600173913,0.0005785755600173913,548
12.779999999999816,6.588642905747217,7.350647408681381,6.588321645553532,7.350110958754957,0.06252892415564523,0.06252892415564523,549
12.799999999999816,6.608547957303578,7.348700893195039,6.603830382398008,7.340823344837869,0.9182117463266375,0.9182117463266375,550
12.819999999999816,6.628453008859941,7.346754377708698,6.619339119242484,7.33153573092078,1.773894568497782,1.773894568497782,551
12.839999999999815,6.6482638303756785,7.3440529643509045,6.635111245454541,7.322090382767789,2.55997164027791,2.55997164027791,551
12.859999999999815,6.668036598959416,7.341046700467954,6.650989736235983,7.312581336773715,3.3179398110225833,3.3179398110225833,552
12.879999999999814,6.6877561936121905,7.3377455996128695,6.666959048256164,7.303017901269437,4.04788128184625,4.04788128184625,553
12.899999999999814,6.707333416627264,7.333655081428324,6.6831715314743905,7.293308839449757,4.702782087162525,4.702782087162525,554
12.919999999999813,6.726910639642337,7.329564563243778,6.699384014692615,7.283599777630078,5.357682892478817,5.357682892478817,555
12.939999999999813,6.746410058171275,7.3251560476487905,6.715679398994735,7.273841069390562,5.981304545888931,5.981304545888931,556
12.959999999999813,6.765664346670604,7.319745652618427,6.732235970615986,7.263925945641229,6.5063784186513836,6.5063784186513836,557
12.979999999999812,6.784918635169933,7.314335257588063,6.748792542237238,7.254010821891897,7.0314522914135935,7.0314522914135935,558
12.999999999999812,6.804057992008256,7.308570605856317,6.765420670623418,7.244052845419451,7.520228730287462,7.520228730287462,559
13.019999999999811,6.82282132509412,7.301646926811984,6.7822829124212385,7.233954667007806,7.890250274505364,7.890250274505364,560
13.03999999999981,6.8415846581799835,7.294723247767652,6.799145154219056,7.223856488596164,8.260271818723174,8.260271818723174,561
13.05999999999981,6.860347991265847,7.28779956872332,6.816007396016875,7.213758310184521,8.630293362941014,8.630293362941014,562
13.07999999999981,6.878685059456955,7.2798550229784045,6.833005873398435,7.203578545276424,8.890831844990393,8.890831844990393,563
13.09999999999981,6.8968005707823705,7.271379868146857,6.850075161042113,7.193356374698381,9.094465044904657,9.094465044904657,564
13.11999999999981,6.914916082107787,7.26290471331531,6.867144448685792,7.183134204120337,9.298098244819,9.298098244819,565
13.139999999999809,6.932589296664247,7.253563676537271,6.884269857403199,7.172878424688741,9.40472119542249,9.40472119542249,566
13.159999999999808,6.950074191918838,7.243853968100044,6.9014191611208995,7.162608335417502,9.47003952047449,9.47003952047449,567
13.179999999999808,6.96731058718488,7.233731471027031,6.918567510935618,7.1523388174037885,9.487176369223112,9.487176369223112,568
13.199999999999807,6.984074134002227,7.222823515301846,6.9357140456534845,7.1420703863850346,9.412632987083512,9.412632987083512,569
13.219999999999807,7.000837680819574,7.21191555957666,6.952860580371351,7.1318019553662815,9.338089604943837,9.338089604943837,570
13.239999999999807,7.017241734020594,7.2004996786315605,6.96996640089442,7.121557906586134,9.201500147184007,9.201500147184007,571
13.259999999999806,7.0331029583089055,7.188316839714631,6.987010743713602,7.111350674548958,8.971222228107548,8.971222228107548,572
13.279999999999806,7.048964182597217,7.1761340007977,7.004055086532785,7.1011434425117805,8.74094430903109,8.74094430903109,573
13.299999999999805,7.0644186836449325,7.163459474273231,7.021016795407787,7.0909856969142595,8.447586819457625,8.447586819457625,574
13.319999999999805,7.079358988029869,7.15016333555233,7.037874034967824,7.0808905141594325,8.074481478269886,8.074481478269886,575
13.339999999999804,7.094299292414804,7.136867196831429,7.054731274527858,7.070795331404608,7.701376137082009,7.701376137082009,576
13.359999999999804,7.108864727363962,7.123174015578109,7.071487607672578,7.0607605778024976,7.274947622762744,7.274947622762744,577
13.379999999999804,7.122996552318934,7.1090215767973906,7.088127222765678,7.050795722362403,6.786840404914489,6.786840404914489,578
13.399999999999803,7.137128377273907,7.094869138016671,7.104766837858775,7.04083086692231,6.298733187066141,6.298733187066141,579
13.419999999999803,7.15126020222888,7.0807166992359525,7.121406452951873,7.030866011482216,5.8106259692179005,5.8106259692179005,580
13.439999999999802,7.165001133803526,7.066186101644335,7.137925043888814,7.020973632972273,5.26999237996761,5.26999237996761,581
13.459999999999802,7.1786779303080275,7.051593458382252,7.154423778023023,7.011093145973501,4.720740628620269,4.720740628620269,582
13.479999999999801,7.192319139581658,7.036967647036296,7.170910938736223,7.001219589872267,4.166814916025366,4.166814916025366,583
13.499999999999801,7.205914454160037,7.0222990608223865,7.187383173909639,6.991354972129613,3.606861478827576,3.606861478827576,584
13.5199999999998,7.2195097687384155,7.007630474608477,7.203855409083055,6.981490354386958,3.046908041629785,3.046908041629785,585
13.5399999999998,7.233105083316795,6.992961888394567,7.220327644256472,6.971625736644302,2.48695460443207,2.48695460443207,586
13.5599999999998,7.246793738704672,6.978380531952785,7.236830131872569,6.961743001822836,1.9392804591643962,1.9392804591643962,587
13.5799999999998,7.260509604429914,6.963824604383334,7.25334143855908,6.951854985583423,1.395185923692525,1.395185923692525,588
13.599999999999799,7.274318474029892,6.949358120805265,7.269881773704876,6.941949585263981,0.8635433320942958,0.8635433320942958,589
13.619999999999798,7.288328284326808,6.935084886573165,7.2864848266552364,6.932006625550737,0.3588039451995554,0.3588039451995554,590
13.639999999999798,7.302338094623725,6.920811652341064,7.303087879605598,6.922063665837492,0.14593544169530684,0.14593544169530684,591
13.659999999999798,7.316447153299516,6.906638928836151,7.319719679145896,6.912103490845437,0.6369526149452295,0.6369526149452295,592
13.679999999999797,7.330896306399594,6.892810625444539,7.3364499846272055,6.902084324256721,1.080947878090923,1.080947878090923,593
13.699999999999797,7.345345459499672,6.878982322052926,7.353180290108516,6.892065157668005,1.5249431412366168,1.5249431412366168,594
13.719999999999796,7.359861837048269,6.865227257225545,7.369927792642712,6.882035692394791,1.9592012527253468,1.9592012527253468,595
13.739999999999796,7.374874588275777,6.852012973265339,7.386802275235435,6.87193018341985,2.3215619236767235,2.3215619236767235,596
13.759999999999796,7.389887339503284,6.838798689305133,7.403676757828158,6.861824674444908,2.6839225946281453,2.6839225946281453,597
13.779999999999795,7.404900090730791,6.825584405344927,7.420551240420882,6.851719165469968,3.0462832655796435,3.0462832655796435,598
13.799999999999795,7.4201413837401065,6.8126424821716975,7.437473885162433,6.841584813949806,3.373535496047247,3.373535496047247,599
13.819999999999794,7.435761637551052,6.8001521790976485,7.454476390865877,6.83140263662742,3.642572013639256,3.642572013639256,600
13.839999999999794,7.451381891361998,6.787661876023599,7.47147889656932,6.821220459305033,3.911608531231219,3.911608531231219,601
13.859999999999793,7.467126826415096,6.775334325519996,7.4885014331482385,6.811026286225694,4.160276279303572,4.160276279303572,602
13.879999999999793,7.483252975483323,6.7635043924589295,7.505585214308402,6.800795436011986,4.346666332048465,4.346666332048465,603
13.899999999999793,7.49937912455155,6.751674459397863,7.5226689954685675,6.790564585798278,4.5330563847933725,4.5330563847933725,604
13.919999999999792,7.515910505378417,6.740425705704258,7.5397948664069805,6.780308529559466,4.648765793636348,4.648765793636348,605
13.939999999999792,7.532586376861571,6.729384179076234,7.556935745003487,6.770043485784432,4.739273099222929,4.739273099222929,606
13.959999999999791,7.549262248344723,6.718342652448211,7.574076623599992,6.759778442009397,4.829780404809512,4.829780404809512,607
13.97999999999979,7.565938119827877,6.707301125820188,7.591217502196498,6.749513398234362,4.920287710396018,4.920287710396018,608
13.99999999999979,7.583170675842656,6.697152350533838,7.608374609173495,6.739238635877213,4.905602582098745,4.905602582098745,609
14.01999999999979,7.600424039399783,6.687036944167035,7.625532322728717,6.728963510262604,4.886985611081869,4.886985611081869,610
14.03999999999979,7.61767740295691,6.676921537800232,7.642690036283936,6.718688384647996,4.868368640065006,4.868368640065006,611
14.059999999999789,7.635244848250641,6.66736712300243,7.659831648744984,6.708422901388392,4.785486075024986,4.785486075024986,612
14.079999999999789,7.6528867747346725,6.657945741472525,7.676969443000388,6.6981597047121655,4.687363598266798,4.687363598266798,613
14.099999999999788,7.670566552834022,6.648596516364684,7.694103291964082,6.687898870726502,4.581105922436684,4.581105922436684,614
14.119999999999788,7.688345737567672,6.639436789829096,7.711226779727421,6.677644241683871,4.453483431597298,4.453483431597298,615
14.139999999999787,7.7061249223013215,6.630277063293509,7.728350267490759,6.667389612641241,4.325860940757941,4.325860940757941,616
14.159999999999787,7.723897259586548,6.621104167681111,7.7454745200121975,6.657134525613021,4.199720062311137,4.199720062311137,617
14.179999999999787,7.741607015816536,6.611810915598314,7.762605761906299,6.646875252905756,4.087120120760396,4.087120120760396,618
14.199999999999786,7.759316772046523,6.602517663515516,7.779737003800401,6.636615980198491,3.9745201792097458,3.9745201792097458,619
14.219999999999786,7.77702652827651,6.593224411432719,7.803248979591837,6.6022410204081625,2.7729338080825943,2.5752454383487224,621
14.239999999999785,7.794676355276112,6.583820061842126,7.802333033306576,6.5834469074498445,0.7665765627951174,0.7665765627951174,622
14.259999999999785,7.8121689114158155,6.574124161693129,7.801903064979991,6.574624476016492,1.0278030816556423,1.0278030816556423,623
14.279999999999784,7.8296614675555185,6.5644282615441325,7.801473096653406,6.56580204458314,2.822182726106406,2.822182726106406,623
14.299999999999784,7.846917815718394,6.554322117540792,7.80102262242995,6.556558856880239,4.594966561201764,4.594966561201764,624
14.319999999999784,7.864085305374162,6.544061644894804,7.800564434142781,6.547157385894655,6.359626321044204,6.359626321044204,624
14.339999999999783,7.88125279502993,6.533801172248816,7.800106245855612,6.537755914909067,8.124286080886627,8.124286080886627,625
14.359999999999783,7.89816541508652,6.5231344140164955,7.799627699904192,6.52793672920846,9.865466813363026,9.865466813363026,625
14.379999999999782,7.914874659734084,6.51214345667385,7.799132909377868,6.517784224425084,11.587912252146209,11.587912252146209,626
14.399999999999782,7.9315839043816485,6.501152499331205,7.798638118851545,6.507631719641704,13.31035769092937,13.31035769092937,626
14.419999999999781,7.948063637857378,6.489830396510363,7.798126684085627,6.497137695138135,15.011491171628341,15.011491171628341,627
14.439999999999781,7.964220491294295,6.478042432860183,7.797591833933506,6.486163215153343,16.68264264405138,16.68264264405138,627
14.45999999999978,7.980377344731213,6.4662544692100035,7.797056983781385,6.475188735168552,18.35379411647451,18.35379411647451,628
14.47999999999978,7.996330760600024,6.454202547711699,7.796508817856895,6.4639410315962555,20.005910844050085,20.005910844050085,629
14.49999999999978,8.011845082063234,6.441580906394652,7.795931911512396,6.452103609272062,21.616943468761136,21.616943468761136,629
14.51999999999978,8.027359403526443,6.428959265077605,7.795355005167895,6.440266186947869,23.227976093472282,23.227976093472282,630
14.539999999999779,8.04268200649637,6.416114718898775,7.794766806829561,6.428197066530613,24.820944653685302,24.820944653685302,630
14.559999999999778,8.057482363505205,6.4026629743126255,7.794147848818168,6.41549679472455,26.36470625131685,26.36470625131685,631
14.579999999999778,8.07228272051404,6.389211229726476,7.793528890806776,6.402796522918486,27.908467848948572,27.908467848948572,632
14.599999999999778,8.086840357570953,6.375508581161802,7.792897158624807,6.389834140540392,29.429207576522217,29.429207576522217,632
14.619999999999777,8.100775338477092,6.361162281738413,7.792232656512644,6.376199358721852,30.890888669318123,30.890888669318123,633
14.639999999999777,8.114710319383232,6.346815982315024,7.791568154400481,6.36256457690331,32.35256976211404,32.35256976211404,634
14.659999999999776,8.12864530028937,6.332469682891635,7.790903652288318,6.348929795084769,33.81425085490994,33.81425085490994,634
14.679999999999776,8.141825055342485,6.317436011260888,7.790203940369069,6.334572550494905,35.20384488547628,35.20384488547628,635
14.699999999999775,8.154800026435666,6.3022159545878305,7.789494681102236,6.3200194058486625,36.573892082464106,36.573892082464106,636
14.719999999999775,8.167774997528849,6.286995897914773,7.788785421835403,6.305466261202402,37.94393927945212,37.94393927945212,637
14.739999999999775,8.179925367596994,6.271111382009561,7.788041902409812,6.290210139423082,39.23485858542798,39.23485858542798,637
14.759999999999774,8.192038486957264,6.255196849677009,7.787296835308283,6.274922261200304,40.52220335067036,40.52220335067036,638
14.779999999999774,8.20335527371131,6.238716096424637,7.786522351410252,6.259030785795862,41.73276551084163,41.73276551084163,639
14.799999999999773,8.214409235907446,6.222048465526204,7.785738158683929,6.2429400969456985,42.91798605612085,42.91798605612085,640
14.819999999999773,8.225463198103581,6.205380834627771,7.784953965957607,6.226849408095533,44.1032066013999,44.1032066013999,641
14.839999999999772,8.23586745580709,6.188313804720136,7.784148814813284,6.2103286777880395,45.225477914278336,45.225477914278336,641
14.859999999999772,8.245749041868951,6.170925467913471,7.7833268031256395,6.19346198946882,46.297108083355575,46.297108083355575,642
14.879999999999772,8.255053735313771,6.153233916957325,7.782488682090701,6.176264756774219,47.31259336692444,47.31259336692444,643
14.899999999999771,8.263772081959159,6.135234182743432,7.7816341877066355,6.15873156270509,48.27101365616015,48.27101365616015,644
14.91999999999977,8.27247056133265,6.11722577412581,7.780779224493718,6.141188748833413,49.22749179871887,49.22749179871887,645
14.93999999999977,8.279745404322451,6.09859578058116,7.779890666239978,6.1229566052464115,50.044800825047666,50.044800825047666,646
14.95999999999977,8.287020247312254,6.07996578703651,7.779002107986236,6.104724461659391,50.86210985137672,50.86210985137672,647
14.97999999999977,8.29327262326835,6.0609858964424435,7.778094114836114,6.086093537441043,51.578996615577786,51.578996615577786,648
14.999999999999769,8.298937059193326,6.041804807692015,7.777174946212158,6.067233305979468,52.23813846872114,52.23813846872114,649
15.019999999999769,8.303911584431365,6.022456326818895,7.776246004150094,6.048172535356662,52.82918587250121,52.82918587250121,650
15.039999999999768,8.307667278307015,6.0028121224951665,7.775299795834428,6.028757482036514,53.29993415342369,53.29993415342369,651
15.059999999999768,8.311422972182665,5.983167918171438,7.774353587518762,6.0093424287163675,53.77068243434615,53.77068243434615,652
15.079999999999767,8.313566021210034,5.963302868069896,7.7733928203652765,5.989628645605039,54.08143243976634,54.08143243976634,653
15.099999999999767,8.315229959722792,5.943372205546393,7.772427727837678,5.96982611103419,54.34464757959325,54.34464757959325,654
15.119999999999767,8.315404026556203,5.923394198424294,7.771456803073472,5.949903906003008,54.4592826367077,54.4592826367077,655
15.139999999999766,8.315008866001548,5.903398102601958,7.7704836500174945,5.9299359791124076,54.517150487912005,54.517150487912005,656
15.159999999999766,8.31289494072247,5.883531686679861,7.769512729340079,5.910013857937223,54.40271436622649,54.40271436622649,657
15.179999999999765,8.310285317420256,5.863702670914561,7.768542452488792,5.890104947297643,54.23858514953709,54.23858514953709,658
15.199999999999765,8.305507807338252,5.844291851517164,7.767587371563292,5.870507838725847,53.85588855544475,53.85588855544475,659
15.219999999999764,8.300193750914854,5.8250296558470875,7.766638245398041,5.851032914651709,53.418877462537715,53.418877462537715,660
15.239999999999764,8.293045000633269,5.8063509147382355,7.765713139583438,5.832050859199533,52.79577434071706,52.79577434071706,661
15.259999999999764,8.284082779617092,5.7884964498702,7.764823813237391,5.813802955284876,51.98752671382039,51.98752671382039,661
15.279999999999763,8.274190613592932,5.771158455763429,7.763957394316235,5.796025084098031,51.083880750995505,51.083880750995505,662
15.299999999999763,8.262189571276723,5.755159237553636,7.763151070026276,5.779480282257161,49.96308026390719,49.96308026390719,663
15.319999999999762,8.249391899583852,5.739861229439659,7.762376951146103,5.7635962965788865,48.7592979250037,48.7592979250037,664
15.339999999999762,8.235044878296929,5.725926991742801,7.76166546796584,5.748997519911532,47.3941257325624,47.3941257325624,665
15.359999999999761,8.219212170485706,5.713747890574669,7.761035799686409,5.736077486324046,45.872017353190984,45.872017353190984,665
15.379999999999761,8.202622683315697,5.702635235579588,7.760456189140649,5.724184577051811,44.26912950227722,44.26912950227722,666
15.39999999999976,8.18500518428086,5.693221218215313,7.759956730984269,5.713936298129762,42.55529369957225,42.55529369957225,667
15.41999999999976,8.166525626824598,5.685572299584509,7.759541049812896,5.7054070218881865,40.74676209642406,40.74676209642406,667
15.43999999999976,8.147677058818033,5.679006481927386,7.759177154974962,5.697940338744057,38.89610086114411,38.89610086114411,667
15.45999999999976,8.128371475854935,5.673782071295081,7.75887739686403,5.69178966387623,36.99326260279111,36.99326260279111,668
15.479999999999759,8.108654561389038,5.670457273935336,7.758669023899257,5.687514101978758,35.0400930128494,35.0400930128494,668
15.499999999999758,8.088836889727899,5.667883013110275,7.758496903516374,5.683982399333745,33.073206183707555,33.073206183707555,668
15.519999999999758,8.06889463985297,5.666435006095039,7.758379246766764,5.681568224749429,31.08839391964839,31.08839391964839,668
15.539999999999758,8.048896188576643,5.66618611545976,7.758319758274697,5.680347592647304,29.09213111532995,29.09213111532995,668
15.559999999999757,8.028914747862594,5.6666368362364965,7.758294325425137,5.679825741251433,27.094161779933422,27.094161779933422,668
15.579999999999757,8.008952024245785,5.667857354896288,7.758306364750923,5.680072773694726,25.094314710713945,25.094314710713945,668
15.599999999999756,7.989034739737604,5.669577879881623,7.758342822217673,5.680820836937412,23.096572233208263,23.096572233208263,668
15.619999999999756,7.969179027986539,5.671975943862964,7.75841236775125,5.682247827400508,21.10168160553719,21.10168160553719,668
15.639999999999755,7.949382564564685,5.6748047154736705,7.758502994822222,5.684107385582417,19.110612187007476,19.110612187007476,668
15.659999999999755,7.929632839431115,5.677953136888176,7.758609274119699,5.68628810857247,17.122655064214182,17.122655064214182,668
15.679999999999755,7.909943384602036,5.681463887311325,7.758733312785347,5.688833232376008,15.138954080612848,15.138954080612848,668
15.699999999999754,7.89029990879971,5.685209572902425,7.758868883025156,5.6916149701719405,13.158701930787789,13.158701930787789,668
15.719999999999754,7.870739630391171,5.6893803652228865,7.759025319233303,5.694824852469634,11.184690321531862,11.184690321531862,668
15.739999999999753,7.851269441084294,5.693933134480431,7.75920054075547,5.698420186752131,9.217817553980948,9.217817553980948,667
15.759999999999753,7.831906886987777,5.698942276009617,7.759398206293492,5.702476045167989,7.259474017096855,7.259474017096855,667
15.779999999999752,7.812701313226147,5.70449553437528,7.759042040816326,5.6951679591836735,5.446394380235792,5.314161250293441,668
15.799999999999752,7.79364613724896,5.710570093493305,7.758081020408163,5.675448979591837,4.998369911860673,3.3813328430828107,669
15.819999999999752,7.774637381672478,5.716777003994851,7.734230154140075,5.688855225338469,4.911588093673334,1.4524967124040384,672
15.839999999999751,7.755962468140398,5.7239357472204,7.724846752097819,5.702434491402266,3.7821842718186742,0.4476281245544836,672
15.85999999999975,7.737319147724851,5.731171504505069,7.71543754154774,5.716051106456636,2.6597577446701126,2.3449722844458227,673
15.87999999999975,7.718996899139548,5.739189933701509,7.705766046495473,5.730047288647061,1.608239473091172,1.608239473091172,674
15.89999999999975,7.70086801379154,5.747620750483996,7.695964172631697,5.744232149587749,0.5960727653149244,0.5960727653149244,675
15.91999999999975,7.682985985361071,5.756578041325087,7.685995850833082,5.758657887001893,0.36585582131398237,0.36585582131398237,676
15.939999999999749,7.6651039569306025,5.765535332166177,7.676027529034467,5.773083624416037,1.327784407942889,1.327784407942889,677
15.959999999999749,7.647668342058778,5.775329902588994,7.665811890997605,5.787867267522159,2.2053885996870957,2.2053885996870957,678
15.979999999999748,7.630379545435806,5.785376969169895,7.655525611467586,5.802753140035742,3.0565600776587645,3.0565600776587645,679
15.999999999999748,7.613444814531618,5.79601721771975,7.645076332933163,5.817874897875239,3.8448811921397277,3.8448811921397277,679
16.019999999999747,7.596576857537785,5.806758142080752,7.634601549193248,5.8330335657788925,4.62198557549656,4.62198557549656,680
16.039999999999747,7.580187344923881,5.8182204226687775,7.62394401709904,5.848456699439687,5.318720516074713,5.318720516074713,681
16.059999999999746,7.563797832309977,5.829682703256804,7.613286485004836,5.863879833100477,6.015455456652852,6.015455456652852,682
16.079999999999746,7.548024976028577,5.841979281536234,7.602438050055127,5.879579233370706,6.614029787484732,6.614029787484732,683
16.099999999999746,7.5322585178707655,5.854284516079222,7.591587634391049,5.895281500047737,7.211585651985312,7.211585651985312,684
16.119999999999745,7.51673042952089,5.866880909359268,7.580678082608533,5.911069346036261,7.772979011533625,7.772979011533625,685
16.139999999999745,7.501554775025333,5.879907785831833,7.56968109705943,5.926983722506384,8.280905486527327,8.280905486527327,686
16.159999999999744,7.486754733958237,5.893353695056603,7.558609524139257,5.943006038693062,8.734109056195395,8.734109056195395,687
16.179999999999744,7.47215195605134,5.907019670228605,7.547498779721442,5.959085042228977,9.158573469001926,9.158573469001926,688
16.199999999999743,7.457864370569441,5.921005646728511,7.536340237196544,5.975233217181664,9.538915577845641,9.538915577845641,689
16.219999999999743,7.443978866139281,5.935399838846166,7.525120720131521,5.991469631932643,9.862972252854764,9.862972252854764,690
16.239999999999743,7.43023814535738,5.949926507176141,7.513886036185269,6.007727995558308,10.167586586377496,10.167586586377496,691
16.259999999999742,7.4171308850811535,5.965032788255587,7.502584993776805,6.024082390368602,10.387136372780386,10.387136372780386,692
16.279999999999742,7.404023624804928,5.980139069335033,7.491283951368335,6.040436785178904,10.606686159183095,10.606686159183095,693
16.29999999999974,7.391618963229215,5.995824253855058,7.479939226203476,6.05685439584298,10.735523779913429,10.735523779913429,694
16.31999999999974,7.379298532850053,6.011578840338753,7.468589264121951,6.073279585153314,10.853486353122522,10.853486353122522,695
16.33999999999974,7.367401341026044,6.02764861617228,7.457228672620337,6.089720156914792,10.918711312009469,10.918711312009469,696
16.35999999999974,7.3558371944467975,6.043966413630691,7.445859716857544,6.1061728330844005,10.942437188508011,10.942437188508011,697
16.37999999999974,7.344273047867552,6.060284211089101,7.434490761094747,6.122625509254016,10.966163065006446,10.966163065006446,698
16.39999999999974,7.333127736168639,6.076887706948819,7.42312354536664,6.139075667318373,10.939190138272705,10.939190138272705,699
16.41999999999974,7.322155064806706,6.093608965369852,7.411757046866694,6.155524787440204,10.891319576491147,10.891319576491147,700
16.43999999999974,7.311289607844054,6.110398911789535,7.40039307303849,6.171970253962929,10.830723746218093,10.830723746218093,701
16.459999999999738,7.300685652002479,6.1273563915701486,7.389035257007119,6.188406809180226,10.739090368760634,10.739090368760634,702
16.479999999999738,7.290081696160906,6.144313871350763,7.37767744097575,6.204843364397518,10.647456991302946,10.647456991302946,703
16.499999999999737,7.279669961785249,6.16138975804274,7.366326369013659,6.221270159880478,10.533278425060711,10.533278425060711,704
16.519999999999737,7.2692954917164885,6.178488599254717,7.354976604465734,6.237695063328466,10.414729218786754,10.414729218786754,705
16.539999999999736,7.259061176086805,6.195671558806684,7.343632793478638,6.254111351032809,10.27986759822481,10.27986759822481,706
16.559999999999736,7.248851433508072,6.212869266691051,7.332290026319733,6.270526128152753,10.142145948468654,10.142145948468654,707
16.579999999999735,7.23864169092934,6.230066974575418,7.320947259160819,6.286940905272707,10.004424298712447,10.004424298712447,708
16.599999999999735,7.2285313940713065,6.247323254869025,7.309609236966677,6.303348815678564,9.855191562110717,9.855191562110717,709
16.619999999999735,7.218441164306055,6.264591354454227,7.2982721722561426,6.319755340454284,9.703636010146598,9.703636010146598,710
16.639999999999734,7.208366756956502,6.2818686651271065,7.286935913072792,6.336160699504833,9.55025512208877,9.55025512208877,711
16.659999999999734,7.1983325894240515,6.299169401583417,7.275601702518852,6.352563093864782,9.39223201049362,9.39223201049362,712
16.679999999999733,7.188305011785194,6.316473952449634,7.264267837713894,6.368964987871299,9.233449909276839,9.233449909276839,713
16.699999999999733,7.178300850874975,6.33379205755621,7.252935201503889,6.385365103906704,9.071970791217215,9.071970791217215,714
16.719999999999732,7.168296689964757,6.3511101626627875,7.241602565293885,6.401765219942108,8.910491673157487,8.910491673157487,715
16.739999999999732,7.158293425060279,6.368428785021665,7.230269976739728,6.418165267011968,8.748909436287551,8.748909436287551,716
16.75999999999973,7.148299235434819,6.385752646419469,7.218937870872348,6.434564615557761,8.586282750779699,8.586282750779699,717
16.77999999999973,7.138305045809359,6.403076507817273,7.207605765004964,6.4509639641035585,8.423656065271809,8.423656065271809,718
16.79999999999973,7.128302674064461,6.420395643198791,7.196273225165009,6.467363940676268,8.261971184193879,8.261971184193879,719
16.81999999999973,7.118290302806331,6.437709002832015,7.184940154959478,6.4837646847718045,8.101437299007738,8.101437299007738,720
16.83999999999973,7.108277931548201,6.45502236246524,7.173607084753951,6.500165428867335,7.9409034138215855,7.9409034138215855,721
16.85999999999973,7.098246317488006,6.472324575642789,7.162273008778979,6.516567628470244,7.78258628038427,7.78258628038427,722
16.87999999999973,7.088209313971578,6.489623666960288,7.150938651111641,6.532970235726535,7.6248900069697605,7.6248900069697605,723
16.89999999999973,7.07817021075203,6.506921538006615,7.13960418557453,6.5493729990874385,7.467435845314119,7.467435845314119,724
16.919999999999728,7.068108389629439,6.524206206233023,7.12826855293189,6.565777451434538,7.3126012308767505,7.3126012308767505,725
16.939999999999728,7.058046568506848,6.541490874459431,7.1169329202892495,6.582181903781638,7.157766616439456,7.157766616439456,726
16.959999999999727,7.047984747384257,6.558775542685837,7.105597287646607,6.59858635612874,7.002932002002095,7.002932002002095,727
16.979999999999727,7.037878011905321,6.576033968922644,7.094259412776573,6.614994053333324,6.85328427944739,6.85328427944739,728
16.999999999999726,7.027760955735207,6.593286365117108,7.08292102267403,6.631402496160796,6.704828432133756,6.704828432133756,729
17.019999999999726,7.017641077762451,6.610537101221589,7.071582497033707,6.64781113513286,6.556699106269873,6.556699106269873,730
17.039999999999726,7.007475478457448,6.627760939085727,7.060241775290867,6.6642229522124214,6.413860368579651,6.413860368579651,731
17.059999999999725,6.997309879152445,6.644984776949865,7.048901053548029,6.6806347692919825,6.27102163088967,6.27102163088967,732
17.079999999999725,6.9871343738417755,6.662202754377121,7.037559871267256,6.697047252842734,6.129331010744293,6.129331010744293,733
17.099999999999724,6.976933071376167,6.67940547009311,7.0262174896566325,6.713461472013367,5.990630310773979,5.990630310773979,734
17.119999999999724,6.966731768910559,6.6966081858091,7.014875108046004,6.729875691184006,5.851929610803528,5.851929610803528,735
17.139999999999723,6.956516567103931,6.713802643050335,7.003532096876626,6.746290821425678,5.714841882287967,5.714841882287967,736
17.159999999999723,6.9462858263326694,6.730987867613059,6.99218838188314,6.762706970212091,5.5795573979948925,5.5795573979948925,737
17.179999999999723,6.936055085561408,6.748173092175782,6.980844666889658,6.779123118998498,5.444272913701878,5.444272913701878,738
17.199999999999722,6.925822503776647,6.765357218944226,6.969500870348046,6.795539385797942,5.3092022963257195,5.3092022963257195,739
17.21999999999972,6.915566992201405,6.7825276727043935,6.958156058125949,6.811957122447604,5.176795387605471,5.176795387605471,740
17.23999999999972,6.905311480626162,6.799698126464562,6.946811245903851,6.828374859097266,5.044388478885149,5.044388478885149,741
17.25999999999972,6.895049527010978,6.816864724988739,6.935466154809837,6.844792999318677,4.912730716902494,4.912730716902494,742
17.27999999999972,6.8847643587720055,6.83401743073145,6.924120058769134,6.861212593856803,4.783772590412851,4.783772590412851,743
17.29999999999972,6.874479190533033,6.85117013647416,6.912773962728435,6.877632188394926,4.654814463923422,4.654814463923422,744
17.31999999999972,6.86419402229406,6.86832284221687,6.901427866687733,6.894051782933051,4.525856337433853,4.525856337433853,745
17.33999999999972,6.853905242339901,6.885473379398965,6.8900816176333315,6.91047159890619,4.397318623778037,4.397318623778037,746
17.35999999999972,6.84359989253445,6.902613967644041,6.878734666581631,6.926892430780389,4.270709682956073,4.270709682956073,747
17.37999999999972,6.833294542728998,6.919754555889117,6.867387715529931,6.943313262654588,4.144100742134184,4.144100742134184,748
17.399999999999718,6.822985769469843,6.936893084131807,6.856040621534949,6.959734301390312,4.017890554627264,4.017890554627264,749
17.419999999999717,6.812667653382904,6.9540259904940225,6.844693137438455,6.97615590466459,3.8927685908476986,3.8927685908476986,750
17.439999999999717,6.802349537295964,6.971158896856237,6.833345653341961,6.992577507938868,3.7676466270683306,3.7676466270683306,751
17.459999999999717,6.792031421209024,6.988291803218452,6.821998169245466,7.008999111213147,3.6425246632889174,3.6425246632889174,752
17.479999999999716,6.781712347469569,7.005424132615063,6.810650645497547,7.025420771869308,3.5175142845771936,3.5175142845771936,753
17.499999999999716,6.771388212887965,7.022553412960159,6.799302912206389,7.041842735767657,3.3930935920040373,3.3930935920040373,754
17.519999999999715,6.761064078306361,7.039682693305255,6.78795517891523,7.058264699666006,3.26867289943083,3.26867289943083,755
17.539999999999715,6.750738496908363,7.056811101522256,6.776607385930062,7.074686749951025,3.144420814658808,3.144420814658808,756
17.559999999999715,6.740412537800029,7.073939282058816,6.765259577360992,7.091108822788412,3.020212747157652,3.020212747157652,757
17.579999999999714,6.730086578691695,7.091067462595375,6.753911768791923,7.107530895625799,2.896004679656568,2.896004679656568,759
17.599999999999714,6.719769304780577,7.108200875450541,6.742564319986654,7.1239524478280964,2.7707846372655003,2.7707846372655003,760
17.619999999999713,6.709453971961014,7.125335457698778,6.731216951586523,7.140373883671447,2.645338424315104,2.645338424315104,761
17.639999999999713,6.6991386391414505,7.142470039947016,6.719869583186392,7.1567953195148,2.5198922113647364,2.5198922113647364,762
17.659999999999712,6.688848097732709,7.159619517403438,6.708523260491268,7.1732152420577036,2.391559655225854,2.391559655225854,763
17.679999999999712,6.678562905538632,7.1767722087820776,6.69717716342673,7.189634838077482,2.262604316082708,2.262604316082708,764
17.69999999999971,6.668277713344555,7.1939249001607175,6.6858310663621925,7.206054434097259,2.1336489769395843,2.1336489769395843,765
17.71999999999971,6.657965584958089,7.21106140432081,6.6744838347062085,7.222475672050216,2.0078298795959064,2.0078298795959064,766
17.73999999999971,6.647647093023144,7.228194084326824,6.663136335008343,7.238897297902144,1.882751704593476,1.882751704593476,767
17.75999999999971,6.637328601088198,7.245326764332837,6.6517888353104775,7.255318923754074,1.7576735295912929,1.7576735295912929,768
17.77999999999971,6.626788059534095,7.262323160842321,6.6404333124328865,7.271752160415353,1.6586107428212569,1.6586107428212569,769
17.79999999999971,6.616183763238666,7.279280427723476,6.629075485945184,7.288188730764615,1.5670174772940513,1.5670174772940513,770
17.81999999999971,6.605579466943237,7.296237694604631,6.6177176594574805,7.304625301113875,1.4754242117667447,1.4754242117667447,771
17.83999999999971,6.594639653200575,7.312978683467293,6.606352552095402,7.3210724080393055,1.423728829405466,1.423728829405466,772
17.859999999999708,6.5835739959398625,7.32963855229596,6.594984713874306,7.337523466949421,1.3869980637037298,1.3869980637037298,773
17.879999999999708,6.572508338679149,7.346298421124628,6.572666032605255,7.352499823110701,0.6203406642096686,0.6203406642096686,774
17.899999999999707,6.561063278617973,7.362696601706036,6.560811652540007,7.35280126522625,0.9898535231603094,0.9898535231603094,775
17.919999999999707,6.549421265484017,7.378958936415073,6.5487638988328225,7.353107624592587,2.585966847926563,2.585966847926563,775
17.939999999999706,6.53777925235006,7.39522127112411,6.536716145125636,7.353413983958924,4.182080172692734,4.182080172692734,776
17.959999999999706,6.5257303765854955,7.4111783154064685,6.524269549842582,7.353730485369614,5.746640053732352,5.746640053732352,777
17.979999999999706,6.513371202407393,7.426902526472062,6.511518773494627,7.354054721725801,7.287135341974994,7.287135341974994,777
17.999999999999705,6.501012028229291,7.442626737537654,6.49876799714667,7.3543789580819885,8.827630630217554,8.827630630217554,778
18.019999999999705,6.488251856174365,7.45801719983723,6.485624963379284,7.354713169055635,10.333742468961422,10.333742468961422,778
18.039999999999704,6.475032505301078,7.473025489629504,6.472032759407372,7.355058801867955,11.800482149835071,11.800482149835071,779
18.059999999999704,6.46181315442779,7.488033779421778,6.458440555435465,7.355404434680275,13.267221830708795,13.267221830708795,780
18.079999999999703,6.448593803554503,7.503042069214052,6.444848351463547,7.355750067492595,14.73396151158246,14.73396151158246,781
18.099999999999703,6.434782035251027,7.5174995214888405,6.4306781109441005,7.3561103990541366,16.144129284343844,16.144129284343844,781
18.119999999999703,6.420773696830717,7.5317742002838965,6.416316072030661,7.356475607809874,17.535525923744487,17.535525923744487,782
18.139999999999702,6.406565504958595,7.545842624712967,6.401759550213804,7.356845762023537,18.905795753539824,18.905795753539824,783
18.1599999999997,6.391856438538212,7.559394132564154,6.386715613566147,7.35722831058907,20.223117379932937,20.223117379932937,783
18.1799999999997,6.377147372117829,7.57294564041534,6.3716716769184805,7.357610859154604,21.540439006326075,21.540439006326075,784
18.1999999999997,6.362263851774327,7.586296252399394,6.356458504310933,7.3579977111797445,22.837234066802097,22.837234066802097,785
18.2199999999997,6.346784022624531,7.598960173178249,6.340666858651995,7.358399273053855,24.063866348474665,24.063866348474665,786
18.2399999999997,6.331304193474735,7.611624093957103,6.324875212993067,7.358800834927967,25.290498630147123,25.290498630147123,787
18.2599999999997,6.315671609138638,7.624088831415956,6.308935972569455,7.359206149953054,26.496830704627566,26.496830704627566,787
18.2799999999997,6.2994265627946655,7.635754956277372,6.292404960513611,7.3596265129934535,27.621770415560565,27.621770415560565,788
18.2999999999997,6.283181516450693,7.647421081138789,6.275873948457743,7.360046876033853,28.746710126493625,28.746710126493625,789
18.3199999999997,6.266781171162882,7.658855198417828,6.259193633664174,7.360471035656855,29.848061798358234,29.848061798358234,790
18.339999999999698,6.249803751281033,7.669427199844018,6.241958525549906,7.360909302982779,30.86176278997278,30.86176278997278,791
18.359999999999697,6.232826331399185,7.67999920127021,6.224723417435612,7.361347570308703,31.875463781587488,31.875463781587488,792
18.379999999999697,6.21567259129318,7.690266115349235,6.207319856013838,7.361790121192358,32.85821768203434,32.85821768203434,792
18.399999999999697,6.198036503729882,7.69969842235546,6.1894554681331115,7.362244390318716,33.75631169274406,33.75631169274406,793
18.419999999999696,6.180400416166584,7.709130729361684,6.171591080252356,7.3626986594450745,34.65440570345368,34.65440570345368,794
18.439999999999696,6.162537850454851,7.7181013777136585,6.153512092392539,7.363158385581528,35.505773047817044,35.505773047817044,795
18.459999999999695,6.14428453456243,7.726275511241527,6.135062848147393,7.363627526876553,36.276521341539265,36.276521341539265,796
18.479999999999695,6.125605796406842,7.733421266423081,6.116214590030087,7.3641068145972115,36.94338358686886,36.94338358686886,797
18.499999999999694,6.106539570108194,7.7394539436030545,6.097007380062518,7.3645952300162,37.49798898595205,37.49798898595205,798
18.519999999999694,6.08722940692039,7.744609245350282,6.07757868698568,7.365089277474708,37.96426509383985,37.96426509383985,799
18.539999999999694,6.0677183529460335,7.748979123953042,6.057969192364423,7.365587922491229,38.351513593387494,38.351513593387494,800
18.559999999999693,6.0479502839600565,7.752016137052389,6.038136720022894,7.3660922375533655,38.60486526873023,38.60486526873023,801
18.579999999999693,6.0280750552206355,7.75409294140258,6.018221558308774,7.366598655303223,38.76195469284829,38.76195469284829,802
18.599999999999692,6.008123812786736,7.755488622363174,5.998247740947373,7.3671065645931115,38.85076055789442,38.85076055789442,803
18.619999999999692,5.988138436205555,7.755825194353166,5.978266725914444,7.36761465691082,38.833602980582064,38.833602980582064,804
18.63999999999969,5.968161616831688,7.755141769106191,5.958320183057253,7.368121872644047,38.714500394077845,38.714500394077845,805
18.65999999999969,5.948216529347366,7.75366072716124,5.938425620876686,7.368627766573432,38.51574257724927,38.51574257724927,806
18.67999999999969,5.928400938579076,7.7510293957093,5.91868970325813,7.369129626369261,38.202322169396126,38.202322169396126,807
18.69999999999969,5.90863941639164,7.747966492332865,5.899018786525812,7.369629833273541,37.8458959607494,37.8458959607494,808
18.71999999999969,5.88913154473797,7.743557077003834,5.879635574412593,7.37012272420781,37.355506863193064,37.355506863193064,809
18.73999999999969,5.869725893010312,7.73875903851423,5.8603643919873285,7.370612766366692,36.8265278566324,36.8265278566324,810
18.75999999999969,5.850573142172571,7.732999512895968,5.84137038064696,7.371095760410218,36.202074095687436,36.202074095687436,811
18.77999999999969,5.831621969990142,7.726642459500591,5.822593002269283,7.371573245747408,35.51839929014372,35.51839929014372,812
18.799999999999688,5.8128943106415125,7.719622860130136,5.8040558291221735,7.372044622964858,34.7690594791533,34.7690594791533,813
18.819999999999688,5.794456644163341,7.711897421704065,5.78582639846039,7.372508174674327,33.94989574951676,33.94989574951676,813
18.839999999999687,5.776203268835435,7.703723420900384,5.767792538870815,7.372966753255094,33.0863587555891,33.0863587555891,814
18.859999999999687,5.758264170635138,7.694893744641971,5.750089415557519,7.373416921624424,32.158074313931536,32.158074313931536,815
18.879999999999686,5.740522693408125,7.685667155044075,5.732593872003686,7.373861811499096,31.190613727861425,31.190613727861425,816
18.899999999999686,5.7231747710490035,7.675714789002682,5.715510072665785,7.374296231231353,30.15159938879752,30.15159938879752,817
18.919999999999686,5.705826848689882,7.665762422961288,5.698426273327856,7.374730650963612,29.112585049733426,29.112585049733426,818
18.939999999999685,5.688576497889603,7.655645445645826,5.681444165652373,7.375162484803594,28.05736293488166,28.05736293488166,819
18.959999999999685,5.671520796468637,7.645200212999386,5.664664923303216,7.37558916003108,26.969820703805077,26.969820703805077,820
18.979999999999684,5.654484186689099,7.634723862145212,5.647905551044299,7.3760153299869256,25.879216189529835,25.879216189529835,820
18.999999999999684,5.637447576909562,7.624247511291038,5.631146178785372,7.376441499942773,24.788611675254444,24.788611675254444,821
19.019999999999683,5.620360270175096,7.613854345238323,5.6143340284131416,7.376869011980284,23.706194078594145,23.706194078594145,822
19.039999999999683,5.603240653979973,7.603514193337521,5.597488242246031,7.377297379334152,22.628994051568334,22.628994051568334,823
19.059999999999683,5.585933827968977,7.593491180199321,5.580447308006397,7.377730709060368,21.583021754935622,21.583021754935622,824
19.079999999999682,5.568609083506508,7.583498521428497,5.563387695519314,7.378164513751145,20.540038364461726,20.540038364461726,825
19.09999999999968,5.55119443421468,7.573667090938685,5.546234139114712,7.3786007073186965,19.512944049030487,19.512944049030487,825
19.11999999999968,5.533587286087906,7.564180872785922,5.528879435621568,7.3790420158061005,18.519870469257672,18.519870469257672,826
19.13999999999968,5.515946908861597,7.554758738340395,5.511489895985864,7.3794842101332065,17.533118719163127,17.533118719163127,827
19.15999999999968,5.498048436209409,7.545834351710554,5.493829778778771,7.3799332849108366,16.59546957329061,16.59546957329061,828
19.17999999999968,5.480149963557221,7.5369099650807145,5.476169661571663,7.3803823596884675,15.657820427418134,15.657820427418134,829
19.19999999999968,5.461991325356979,7.528530805396782,5.458235691453774,7.380838398204422,14.774015002120708,14.774015002120708,830
19.21999999999968,5.44379451924064,7.520231633922208,5.440261545397896,7.381295458344425,13.898108788016438,13.898108788016438,831
19.23999999999968,5.425444192260051,7.512284021341583,5.422125043755732,7.381756646984707,13.056956844262672,13.056956844262672,832
19.25999999999968,5.40698854931153,7.504577579662269,5.4038771654886215,7.382220667793795,12.239646478261928,12.239646478261928,833
19.279999999999678,5.388334012186581,7.497372863424944,5.385417771562769,7.382690067182555,11.471986843328146,11.471986843328146,834
19.299999999999677,5.369610983252225,7.490340922901641,5.366885539455106,7.383161318755529,10.721425086623771,10.721425086623771,834
19.319999999999677,5.35088795431787,7.483308982378338,5.34835330734745,7.383632570328502,9.970863329919476,9.970863329919476,835
19.339999999999677,5.331936532305146,7.476920933666629,5.329576466963858,7.384110041985172,9.284089359286805,9.284089359286805,836
19.359999999999676,5.312967280919797,7.470583149994128,5.310780531377692,7.384587999209053,8.602294945017654,8.602294945017654,837
19.379999999999676,5.293910575224399,7.4645191306948675,5.291890241006393,7.3850683557575625,7.947645807716109,7.947645807716109,838
19.399999999999675,5.274780134710256,7.458685928680978,5.272920397860889,7.385550735234004,7.315883502131026,7.315883502131026,839
19.419999999999675,5.255649694196113,7.452852726667089,5.253950554715388,7.386033114710445,6.684121196545938,6.684121196545938,840
19.439999999999674,5.2364450733742816,7.447272140443122,5.2349001596440115,7.386517542522,6.077423736248068,6.077423736248068,841
19.459999999999674,5.217198078239414,7.441835856944415,5.21580375057472,7.387003140412194,5.485044167497167,5.485044167497167,842
19.479999999999674,5.197885625883577,7.436639793460779,5.1966358220348035,7.387490556953418,4.916512441677465,4.916512441677465,843
19.499999999999673,5.1785413813914065,7.431560403238803,5.177433156964258,7.387978856801338,4.359563454363176,4.359563454363176,844
19.519999999999673,5.159176019928324,7.426565311968344,5.158207246336573,7.388467747754813,3.8109879575723706,3.8109879575723706,845
19.539999999999672,5.139721633897504,7.42192560678765,5.138883337483431,7.388959130681066,3.297713280083412,3.297713280083412,846
19.559999999999672,5.120245874086489,7.417380807211506,5.119535656890132,7.389451118093052,2.7938717628400545,2.7938717628400545,847
19.57999999999967,5.100680732479903,7.413232887984449,5.100088566608908,7.389945633369547,2.329478241834556,2.329478241834556,848
19.59999999999967,5.081115590873317,7.409084968757393,5.080641476327685,7.390440148646042,1.8650847208291448,1.8650847208291448,849
19.61999999999967,5.061528888032633,7.4050457289957015,5.06117007694775,7.39093528207263,1.4115008245249212,1.4115008245249212,850
19.63999999999967,5.041862070772694,7.401410306205414,5.041608352991914,7.391432712340647,0.9980819206985243,0.9980819206985243,851
19.65999999999967,5.02217177126717,7.39791259663518,5.022019662352124,7.391930828337839,0.5983701954903584,0.5983701954903584,852
19.67999999999967,5.002411525434104,7.394825092041373,5.002350646323446,7.392430986909591,0.23948790466610115,0.23948790466610115,853
19.69999999999967,4.982651279601038,7.391737587447566,4.982681630294769,7.392931145481344,0.11939438615806519,0.11939438615806519,854
19.71999999999967,4.9628510394454945,7.388942652459952,4.962965210915073,7.3934325094612525,0.4491308385826256,0.4491308385826256,855
19.739999999999668,4.942987123128407,7.386613526326035,4.943173319237052,7.393935792607676,0.7324633266596898,0.7324633266596898,856
19.759999999999668,4.923118388506114,7.384331459379874,4.923375416484204,7.394439228608243,1.0111036650881893,1.0111036650881893,857
19.779999999999667,4.903194629962724,7.382586797376893,4.903508868659494,7.3949444101674615,1.2361607494179858,1.2361607494179858,858
19.799999999999667,4.883270871419333,7.380842135373912,4.883642320834783,7.395449591726681,1.4612178337478692,1.4612178337478692,859
19.819999999999666,4.863314445428897,7.379533467011306,4.863732047062103,7.3959558851822775,1.6427726857550888,1.6427726857550888,860
19.839999999999666,4.843347675923462,7.378409211216288,4.8438067501069035,7.396462560658688,1.8059185341407935,1.8059185341407935,861
19.859999999999665,4.823356337873495,7.3778206511327555,4.823843287211577,7.3969702066474055,1.915574577160905,1.915574577160905,862
19.879999999999665,4.803364999823528,7.3772320910492235,4.803879824316253,7.397477852636122,2.025230620180932,2.025230620180932,863
19.899999999999665,4.7833678687601795,7.377318476689244,4.783893420212997,7.397986081991174,2.067428628141536,2.067428628141536,864
19.919999999999664,4.76336937348769,7.3775638067448766,4.763901613635499,7.398494448724414,2.093740798787024,2.093740798787024,865
19.939999999999664,4.743393150251444,7.378533793506023,4.74391364949248,7.399002717749334,2.047554099745203,2.047554099745203,866
19.959999999999663,4.723432802693309,7.379744065424231,4.723935444564883,7.399510738609564,1.9773062930836514,1.9773062930836514,867
19.979999999999663,4.703514386590516,7.3815363666928215,4.703984353279141,7.400018070003663,1.8487677678885786,1.8487677678885786,868
19.999999999999662,4.683679312535423,7.384099536064701,4.684096960636752,7.400523781620625,1.6429554833221338,1.6429554833221338,869
20.019999999999662,4.663878275005329,7.386898426629648,4.664237592301987,7.401028780614359,1.4134921742016482,1.4134921742016482,870
20.03999999999966,4.644137526279641,7.3901054655211205,4.6444281018161115,7.40153251127654,1.1430739645309118,1.1430739645309118,871
20.05999999999966,4.624453866126791,7.393648394141325,4.624667127274306,7.402035008238709,0.8389325141838553,0.8389325141838553,872
20.07999999999966,4.604780678633515,7.3972491060509435,4.604915150217052,7.402537276406056,0.5289879801230736,0.5289879801230736,873
20.09999999999966,4.585065386196415,7.400609303570094,4.585127207453463,7.4030404591365055,0.24319414581601828,0.24319414581601828,874
20.11999999999966,4.565269175534693,7.403445716971013,4.565271709325545,7.403545359715702,0.009967495505520754,0.009967495505520754,875
20.13999999999966,4.54538137807317,7.405538002541678,4.545343593597534,7.404052106869993,0.14863760001195284,0.14863760001195284,876
20.15999999999966,4.525412298223407,7.406589741135409,4.525360690721027,7.404560247193212,0.2030149993404144,0.2030149993404144,877
20.17999999999966,4.505414872085793,7.406676600089513,4.5053739797061745,7.405068484352643,0.16086355739817346,0.16086355739817346,878
20.19999999999966,4.485422586394822,7.406132463271104,4.4854084408839,7.405576183129595,0.05564599638034657,0.05564599638034657,879
20.219999999999658,4.465427302972343,7.405771893806609,4.465435241394568,7.406084076707767,0.03122838169406674,0.03122838169406674,880
20.22963177934741,4.455798635,7.405998816,4.45580702888312,7.406328910156031,0.033020086177855776,0.03302008617785352,880
