robot_distance_meters,robot_x_meters,robot_y_meters,matched_gui_x_meters,matched_gui_y_meters,deviation_cm,nearest_curve_lower_bound_cm,gui_segment_index
0,4.42627,7.40708,4.42627,7.40708,0,0,0
0.02,4.446125293671883,7.409007489407871,4.446076708409095,7.406703208312896,0.2304793242878204,0.2304793242878204,4
0.04,4.466062377081224,7.407422337954861,4.46603689719689,7.4062689232696535,0.11536960867394455,0.11536960867394455,6
0.06,4.485999460490565,7.405837186501851,4.4859991153437235,7.405821948125627,0.0015242284483817448,0.0015242284483817448,8
0.08,4.505943331412027,7.404345419245547,4.505966652579326,7.405368434088413,0.10232806289426744,0.10232806289426744,9
0.1,4.525900088101557,7.403030937433234,4.525943188476112,7.4049109763701635,0.18805329156003422,0.18805329156003422,10
0.12000000000000001,4.545856844791087,7.401716455620923,4.54591987992754,7.404451053632733,0.273532442584482,0.273532442584482,11
0.14,4.565813601480617,7.40040197380861,4.565896641976245,7.403988878622387,0.358786592099141,0.358786592099141,12
0.16,4.58576216519504,7.398972984025472,4.585867980394381,7.403524911452058,0.4553157163256387,0.4553157163256387,13
0.18,4.605702775440439,7.397432833694798,4.605834055676455,7.403059438216712,0.5628135832261776,0.5103488634782286,14
0.19999999999999998,4.625643385685838,7.395892683364123,4.625800259305897,7.402592110994983,0.6701264053430414,0.3927792525757568,15
0.21999999999999997,4.645583995931237,7.39435253303345,4.645766726263613,7.402123191825109,0.7772806985302141,0.2366295584651869,16
0.23999999999999996,4.665524606176637,7.392812382702775,4.665733394335212,7.401653272390811,0.8843354735120155,0.07280007466956141,17
0.25999999999999995,4.685479939659694,7.391499872374902,4.685708583661631,7.40118153446128,0.968436156049717,0.09876530333844052,17
0.27999999999999997,4.705452810345567,7.390458509534481,4.7056957959207395,7.400707911904146,1.025228223007099,0.2883926986227581,18
0.3,4.72542568103144,7.38941714669406,4.725683022127464,7.400233210858392,1.0819125123901907,0.44440781122147566,19
0.32,4.745398551717312,7.388375783853641,4.745670439921792,7.3997569595853285,1.1384422876514135,0.5737321091663367,20
0.34,4.7653714224031845,7.38733442101322,4.765656781857629,7.399279500072255,1.1948487090206503,0.6437007129081465,20
0.36000000000000004,4.785344293089057,7.386293058172799,4.785644254288173,7.398800937118104,1.251147523001837,0.6961535634120305,21
0.38000000000000006,4.80531716377493,7.385251695332379,4.805631814041704,7.398320940040477,1.3073031860686668,0.6976881918320499,22
0.4000000000000001,4.825290192957009,7.3842140337327145,4.825618240728713,7.397839754277306,1.3629668950485108,0.666271504234446,22
0.4200000000000001,4.845278970894189,7.3835441407725035,4.845612856083749,7.397357527497869,1.3817421327596102,0.618492359830352,23
0.4400000000000001,4.865267748831368,7.382874247812292,4.865607315279013,7.396874025109063,1.400389480578716,0.5663621257590149,24
0.46000000000000013,4.885256526768547,7.38220435485208,4.88560057929263,7.396389085849386,1.4188902903511391,0.4593847895687709,24
0.48000000000000015,4.905245304705725,7.381534461891868,4.905595295148238,7.395903212854805,1.4373012820725415,0.3524074533785269,25
0.5000000000000001,4.925234082642905,7.380864568931656,4.925588528185833,7.395416222684529,1.4555969860726674,0.2022228217385268,25
0.5200000000000001,4.945223037672359,7.3802000662446146,4.94558326210958,7.394928506001856,1.4732844237548055,0.04367656654536286,26
0.5400000000000001,4.965212680758238,7.379556506380164,4.9655766855263925,7.394439511932073,1.4887456254491689,0.13301373407135073,26
0.5600000000000002,4.985202323844119,7.378912946515713,4.985571275334478,7.393949623883896,1.5041203125982632,0.3377866793452497,27
0.5800000000000002,5.005191966929998,7.378269386651262,5.005565864691666,7.393458901807479,1.519411630260686,0.542559624619155,28
0.6000000000000002,5.025181610015879,7.377625826786811,5.025559234880101,7.392966754672778,1.5345574897687215,0.6781948993765363,28
0.6200000000000002,5.045171259548745,7.3769824722188355,5.04555393229789,7.39247423999989,1.5496493390927562,0.6111811978667218,29
0.6400000000000002,5.065161895203295,7.376370519502499,5.065547484685451,7.391980365590884,1.5614607716872289,0.5473075465772202,29
0.6600000000000003,5.085152530857845,7.375758566786163,5.085542450011469,7.391485970983522,1.5732236958979309,0.483433895287719,30
0.6800000000000003,5.105143166512395,7.375146614069828,5.105535968187457,7.390990284881269,1.5848539299798254,0.3933586338771648,30
0.7000000000000003,5.125133802166945,7.374534661353492,5.125529486363445,7.390494598779016,1.5964841640618084,0.29405640625472007,30
0.7200000000000003,5.1451244378214955,7.373922708637156,5.145524268830241,7.38999742863621,1.607969178446951,0.1947541786324529,31
0.7400000000000003,5.165115073476046,7.37331075592082,5.165519058537118,7.389499632645112,1.6193916559124615,0.08233980140575822,32
0.7600000000000003,5.185105709130595,7.372698803204485,5.185512514705616,7.389000706268141,1.6306978085246555,0.04819782034883314,32
0.7800000000000004,5.2050963447851455,7.372086850488149,5.205505970874115,7.388501779891169,1.6420039611368495,0.178735442103602,32
0.8000000000000004,5.225090460658968,7.371615285435107,5.22550074040225,7.388001462995356,1.6391313080523915,0.3212944791788702,33
0.8200000000000004,5.245086863081698,7.371235956885946,5.245494106483337,7.387500865887034,1.627000651511422,0.46222791813822045,33
0.8400000000000004,5.265083265504429,7.370856628336785,5.26548842955178,7.386999387664575,1.614784309498414,0.6031613570975661,34
0.8600000000000004,5.285079667927159,7.370477299787624,5.285481757867328,7.38649757891826,1.6025324325687724,0.7651184346564558,34
0.8800000000000004,5.30507607034989,7.370097971238463,5.305476106826219,7.38599442575562,1.5901487207127276,0.9495288343767314,35
0.9000000000000005,5.325072472772621,7.369718642689302,5.325469393671974,7.3854912919271705,1.577764273208018,1.1339392340969119,35
0.9200000000000005,5.345068875195352,7.3693393141401415,5.345463753139651,7.384987604639656,1.5653271994956766,1.3183496338170926,36
0.9400000000000005,5.365065277618083,7.368959985590981,5.36545699638483,7.3844830836638495,1.5528039714404638,1.5248838095689816,36
0.9600000000000005,5.385061680040813,7.36858065704182,5.3854512136232,7.38397775647581,1.5402026080746103,1.5402026080746103,37
0.9800000000000005,5.405058082463544,7.368201328492659,5.405444416144459,7.383471945375812,1.527550305898512,1.5092817617630105,37
1.0000000000000004,5.425049579246758,7.367645517388849,5.4254371781673845,7.38296614542005,1.532553020921955,1.4932996665838518,37
1.0200000000000005,5.445036176650153,7.366913448925787,5.445430400795341,7.38245925917493,1.555080798476498,1.4969465067011845,38
1.0400000000000005,5.465022774053548,7.366181380462725,5.465423586622229,7.381952178811726,1.5775890823660796,1.5019021027797885,39
1.0600000000000005,5.485009371456942,7.365449311999664,5.485415876122418,7.38144407765343,1.599993044865898,1.5068583898591024,39
1.0800000000000005,5.504995968860338,7.364717243536603,5.505408165622607,7.380935976495133,1.6223970073657172,1.514479043952667,39
1.1000000000000005,5.524982566263732,7.363985175073542,5.525401339568248,7.380427552420822,1.6447709381884346,1.5220998039486593,40
1.1200000000000006,5.544969163667127,7.36325310661048,5.545393613593998,7.379918366280538,1.6670663982304323,1.5320539831569753,40
1.1400000000000006,5.5649557610705225,7.362521038147419,5.565386818993368,7.379408722494452,1.689318482518524,1.5422753260922482,41
1.1600000000000006,5.584942358473917,7.3617889696843575,5.585379076979663,7.378898420369929,1.7115023395112596,1.5524966690275213,41
1.1800000000000006,5.604928955877312,7.361056901221296,5.605371334965959,7.378388118245406,1.733686196503997,1.564395949137308,41
1.2000000000000006,5.62491709720933,7.360368717517032,5.625365061662246,7.377877152622766,1.7514164895957043,1.5725852536755143,42
1.2200000000000006,5.644905726384048,7.359694400295199,5.645357855893527,7.377365624260808,1.7677007029925806,1.5805269907375539,42
1.2400000000000007,5.664894355558764,7.359020083073366,5.665351593676435,7.376853979764366,1.7839757225969084,1.589342354519577,43
1.2600000000000007,5.684882984733481,7.358345765851532,5.685344369354461,7.37634139077294,1.8001538603143772,1.5981577183017754,43
1.2800000000000007,5.704877056079977,7.357859777561365,5.7053377582901525,7.375828786058378,1.7974913432119166,1.5887557673319266,43
1.3000000000000007,5.724871269450417,7.357378704077014,5.725332074956677,7.375315510095552,1.7942724204012501,1.5801969130923146,44
1.3200000000000007,5.744865482820856,7.3568976305926626,5.745325451681301,7.374801870260572,1.791014710823204,1.5716380588528776,44
1.3400000000000007,5.764859696191295,7.356416557108312,5.76531980396447,7.374288059693612,1.7877424417944574,1.5639650436442838,45
1.3600000000000008,5.784853909561734,7.355935483623961,5.785313150698839,7.373773324337681,1.7843751392295806,1.556921601327224,45
1.3800000000000008,5.804848122932174,7.35545441013961,5.805306497433207,7.373258588981751,1.7810078366647921,1.5498781590102504,45
1.4000000000000008,5.824842336302614,7.354973336655259,5.825300813205695,7.372743151050923,1.7775727966161639,1.5439159168268357,46
1.4200000000000008,5.844836549673053,7.354492263170909,5.845294129434808,7.37222730583707,1.7740944665065908,1.5381803463892454,46
1.4400000000000008,5.864830763043492,7.354011189686558,5.865288289131258,7.371711383688351,1.77061062298319,1.5324907144864093,47
1.4600000000000009,5.884824976413931,7.353530116202207,5.885281579032049,7.37119458417141,1.7670368264013783,1.5277686979846128,47
1.4800000000000009,5.90481918978437,7.353049042717856,5.905274868932841,7.37067778465447,1.7634630298196574,1.523046681482728,47
1.5000000000000009,5.92481340315481,7.3525679692335055,5.925269142460107,7.370159813033713,1.7597746066053552,1.5190309686054722,48
1.520000000000001,5.944808744969872,7.352136909750153,5.945262233350372,7.3696418663388386,1.751082970287266,1.5101852041568502,48
1.540000000000001,5.964804309266143,7.351715710897256,5.965255291291666,7.369123920497549,1.7414050254753646,1.500353131471369,48
1.560000000000001,5.984799873562415,7.35129451204436,5.985249356526651,7.368604912122759,1.731623474688927,1.4914130510832344,49
1.580000000000001,6.004795437858686,7.350873313191464,6.005242377674814,7.368085772046908,1.7218260511724073,1.4824899549228379,49
1.600000000000001,6.0247910021549576,7.350452114338567,6.025236387359422,7.367565707475811,1.7119387782496591,1.4735668587625328,50
1.620000000000001,6.044786566451228,7.350030915485671,6.045229371952156,7.367045385445289,1.7020231041863367,1.4650882972033248,50
1.640000000000001,6.0647821307475,7.349609716632774,6.065223771821211,7.366524856175827,1.692090401246231,1.4569601943541433,51
1.660000000000001,6.084777695043771,7.3491885177798775,6.085216704282451,7.366002856334423,1.682006867222956,1.4488320915047839,51
1.680000000000001,6.104773259340043,7.348767318926981,6.105209636743692,7.3654808564930185,1.6719233331996808,1.441082720558794,51
1.700000000000001,6.124768823636313,7.348346120074084,6.125202569204932,7.364958856651615,1.6618397991765832,1.4335146237695484,51
1.720000000000001,6.144764387932585,7.347924921221188,6.1451968880284635,7.364435305688947,1.6516048304790087,1.42863197972213,52
1.740000000000001,6.164759952228856,7.347503722368292,6.165189766553684,7.36391157943073,1.6413485727755188,1.4287290408019757,52
1.7600000000000011,6.184755516525128,7.347082523515395,6.185153041901357,7.363414784061109,1.6337097690772269,1.4288261018820014,53
1.7800000000000011,6.204751857687885,7.346704493706425,6.205146739398753,7.362928139723198,1.6228450993336367,1.4342311564819692,53
1.8000000000000012,6.224749629740873,7.34640597583969,6.225139932773347,7.362441507655578,1.604028107844461,1.4450391289113667,53
1.8200000000000012,6.24474740179386,7.346107457972955,6.244975878915818,7.362152193374081,1.6046362076415437,1.4558471013407637,54
1.8400000000000012,6.264745173846847,7.345808940106219,6.264973846721793,7.3618674222005405,1.6060110163301038,1.4700689974715522,54
1.8600000000000012,6.2847429458998345,7.345510422239484,6.284971814527768,7.361582651027001,1.6073858250187527,1.4882082277327153,54
1.8800000000000012,6.304740717952821,7.345211904372749,6.304711495837352,7.361502734619302,1.6290856455510188,1.506347457993878,55
1.9000000000000012,6.324738490005809,7.344913386506014,6.324708668072262,7.361538605085526,1.662524532643885,1.5244866882550419,55
1.9200000000000013,6.344736262058796,7.344614868639279,6.344705840307172,7.36157447555175,1.6959634197367508,1.518499308646356,55
1.9400000000000013,6.364730618169148,7.344952398297694,6.364499581130177,7.361815466080151,1.686465040103529,1.4464140430122185,56
1.9600000000000013,6.384724030325451,7.345465691925362,6.3844962722035135,7.362089436175889,1.6625304408312023,1.323897937031951,56
1.9800000000000013,6.404717442481753,7.345978985553032,6.4044844972259325,7.362364857296937,1.6387527461454297,0.6274065135814461,57
2.0000000000000013,6.424710854638056,7.346492279180701,6.424481165132237,7.362649134447021,1.615848784279899,0.2914369204943851,57
2.0200000000000014,6.444704266794359,7.347005572808371,6.444847917795759,7.362916411452856,1.591148710778001,0.8151379646890607,58
2.0400000000000014,6.464697678950661,7.347518866436039,6.464835066452152,7.362735957487871,1.5217711240699152,0.5666230563650696,58
2.0600000000000014,6.484691091106964,7.348032160063709,6.484822215108546,7.362555503522887,1.4523935373618293,0.3181081480409813,58
2.0800000000000014,6.504684503263267,7.348545453691378,6.50480936376494,7.362375049557902,1.3830159506536548,0.0029304152800116463,58
2.1000000000000014,6.524679738491308,7.348980064793903,6.5253874735252095,7.36123198321483,1.2272342639906164,0.3539173896954328,59
2.1200000000000014,6.544675468572177,7.349393318387991,6.545292910986714,7.360082140800552,1.0706640915924093,0.7086636994051175,59
2.1400000000000015,6.564671198653047,7.349806571982079,6.565683775667599,7.358274118035726,0.8527874786899534,0.8527874786899534,60
2.1600000000000015,6.584666928733916,7.350219825576167,6.585348873416466,7.3559225009505305,0.5743305230913156,0.5743305230913156,60
2.1800000000000015,6.604662658814785,7.3506330791702545,6.605206388297181,7.35341518138516,0.28347371102466734,0.28347371102466734,61
2.2000000000000015,6.624658388895654,7.351046332764342,6.624388663689688,7.349666229022997,0.1406214074601215,0.1406214074601215,61
2.2200000000000015,6.644654118976523,7.3514595863584296,6.643570939082195,7.345917276660835,0.5647165259449275,0.5647165259449275,61
2.2400000000000015,6.664649849057392,7.3518728399525175,6.661655584156295,7.3413098234173875,1.097920491745056,1.097920491745056,62
2.2600000000000016,6.6846455791382615,7.3522860935466054,6.680055660926807,7.336094011829078,1.6830058215434682,1.6830058215434682,62
2.2800000000000016,6.704431815742172,7.349381207086778,6.697261294889017,7.330809182334314,1.9908201142033357,1.9908201142033357,63
2.3000000000000016,6.724216792503316,7.3464563661405045,6.715462346233444,7.3237818915593955,2.4305804389516124,2.4305804389516124,63
2.3200000000000016,6.744001769264459,7.343531525194231,6.733663397577871,7.316754600784477,2.870340763699889,2.870340763699889,63
2.3400000000000016,6.763786746025604,7.340606684247957,6.748312401364466,7.309562493815985,3.468713165236078,3.468713165236078,64
2.3600000000000017,6.783571722786747,7.3376818433016835,6.765327625420871,7.301081053718127,4.089578079503279,4.089578079503279,64
2.3800000000000017,6.803356699547891,7.33475700235541,6.778689771194294,7.293870678645587,4.775090387527645,4.775090387527645,65
2.4000000000000017,6.823052563577499,7.331521281413487,6.794560999224507,7.284295485544751,5.515473719197778,5.515473719197778,65
2.4200000000000017,6.841382564173827,7.323520589059783,6.810031938,7.274961789,5.779981682269507,5.779981682269507,65
2.4400000000000017,6.859712564770155,7.31551989670608,6.825056501502525,7.264713277465566,6.150085592786994,6.150085592786994,66
2.4600000000000017,6.878042565366483,7.307519204352377,6.838961847329813,7.25516919484705,6.532860030239086,6.532860030239086,67
2.4800000000000018,6.896372565962811,7.299518511998674,6.854567502570712,7.243519145152503,6.988270467282604,6.988270467282604,67
2.5000000000000018,6.914702566559139,7.2915178196449695,6.87017315781161,7.231869095457957,7.44368090432605,7.44368090432605,67
2.520000000000002,6.931446663633275,7.280611676559299,6.88413123242685,7.221174392228146,7.597065748637526,7.597065748637526,68
2.540000000000002,6.9480907066588316,7.26952222969467,6.899722698257049,7.208762705907049,7.766069770259147,7.766069770259147,68
2.560000000000002,6.964734749684388,7.258432782830042,6.914153575865783,7.19701914547913,7.956186270781506,7.956186270781506,69
2.580000000000002,6.981378792709945,7.247343335965413,6.92951247609113,7.184369329648781,8.158333329283805,8.158333329283805,69
2.600000000000002,6.998022835735502,7.236253889100784,6.94426075640406,7.172212916387952,8.361583199398224,8.361583199398224,70
2.620000000000002,7.014234705354393,7.224678359276474,6.959470869424614,7.159444101858572,8.517385788262095,8.517385788262095,70
2.640000000000002,7.02719555523924,7.209446275694034,6.974567263467308,7.14676976373851,8.184181233173279,8.184181233173279,71
2.660000000000002,7.040156405124088,7.194214192111594,6.989669884719715,7.134088375878944,7.8511161755405565,7.8511161755405565,71
2.680000000000002,7.053117255008935,7.178982108529153,7.004772505972123,7.121406988019379,7.518051117907768,7.518051117907768,71
2.700000000000002,7.066078104893783,7.1637500249467125,7.020176294357487,7.108571457530887,7.177499921680767,7.177499921680767,72
2.720000000000002,7.079038954778631,7.148517941364273,7.035759466343829,7.095644078984865,6.832832093718327,6.832832093718327,73
2.740000000000002,7.0919998046634785,7.133285857781832,7.050986280940244,7.083180288435659,6.47508857676901,6.47508857676901,73
2.760000000000002,7.104960654548326,7.118053774199392,7.066869351181801,7.070218064681999,6.114901877539084,6.114901877539084,74
2.780000000000002,7.117921504433173,7.102821690616952,7.082223556788292,7.057991598102755,5.7306898894357525,5.7306898894357525,74
2.800000000000002,7.130882354318021,7.087589607034511,7.097577762394783,7.045765131523511,5.346477901332493,5.346477901332493,74
2.820000000000002,7.143843204202868,7.072357523452071,7.11344444887757,7.033192526665601,4.9578032419728055,4.9578032419728055,75
2.840000000000002,7.156804054087716,7.057125439869631,7.1289105660692815,7.021188166882131,4.549213408505498,4.549213408505498,75
2.860000000000002,7.169764903972564,7.041893356287191,7.144931454119453,7.009053461814332,4.117230744803449,4.117230744803449,76
2.880000000000002,7.182725753857412,7.02666127270475,7.160505173860619,6.99727665210082,3.684033256406342,3.684033256406342,76
2.900000000000002,7.195686603742259,7.01142918912231,7.176572288112985,6.985305616888355,3.2369709424679622,3.2369709424679622,77
2.920000000000002,7.2091733521155,6.996666580411245,7.192391543818792,6.973730850471534,2.8419655127654098,2.8419655127654098,77
2.940000000000002,7.222843171105749,6.982067400681759,7.208559490206948,6.962019155602281,2.4616166858095063,2.4616166858095063,78
2.960000000000002,7.2365129900959975,6.967468220952273,7.224526005549269,6.950643565902963,2.0658093233688746,2.0658093233688746,78
2.980000000000002,7.250182809086247,6.952869041222787,7.2407811492035785,6.939294099031274,1.6512730363337187,1.6512730363337187,79
3.000000000000002,7.263852628076496,6.938269861493302,7.256852981254652,6.928163156703576,1.2293922780675361,1.2293922780675361,79
3.0200000000000022,7.277522447066744,6.923670681763816,7.273047989439112,6.917017287182703,0.8018006642143224,0.8018006642143224,80
3.0400000000000023,7.291192266056993,6.90907150203433,7.2892212466324215,6.906140650733442,0.35319692693953136,0.35319692693953136,80
3.0600000000000023,7.304862085047242,6.894472322304844,7.305399372114071,6.895289957684399,0.09783685430768997,0.09783685430768997,81
3.0800000000000023,7.318531904037491,6.879873142575358,7.3216468246249145,6.884613381888795,0.5672089475194425,0.5672089475194425,81
3.1000000000000023,7.332201723027739,6.865273962845872,7.3378146863327425,6.873990865693947,1.0367726478167294,1.0367726478167294,82
3.1200000000000023,7.3458715420179885,6.850674783116386,7.35412318581704,6.863489543061305,1.5241643541046805,0.9211392674919607,82
3.1400000000000023,7.359920008933029,6.836501424851752,7.370435673949818,6.853025167575339,1.9586048206328204,0.4994455607616807,83
3.1600000000000024,7.37601681620902,6.824631597746036,7.3871631114939005,6.842476209480228,2.1039725913657223,0.3825466477024285,84
3.1800000000000024,7.392113623485011,6.81276177064032,7.404075556654853,6.831912174209453,2.2579322443785337,0.22084093975978758,84
3.2000000000000024,7.408210430761002,6.8008919435346025,7.420988001815805,6.821348138938677,2.4118918973913455,0.04683975260226423,84
3.2200000000000024,7.4243072380369926,6.789022116428886,7.438141509709515,6.81056894462518,2.5605719635069053,0.12716143455521284,85
3.2400000000000024,7.440404045312984,6.777152289323169,7.454936083662538,6.799785886600409,2.6897209228862633,0.32252249082766876,85
3.2600000000000025,7.456500852588975,6.765282462217453,7.47273907130892,6.788081214619779,2.799040654044461,0.5338239799627267,86
3.2800000000000025,7.472597659864966,6.7534126351117365,7.489027259717761,6.776480090081603,2.832029714021007,0.7451254690978295,86
3.3000000000000025,7.488756543804104,6.741634783541722,7.505313171100054,6.76488058733634,2.8539258951046658,0.9439089868841501,86
3.3200000000000025,7.505786013887139,6.731146830991723,7.5222952831037295,6.7513889010000465,2.612082250404302,0.9845110520525641,87
3.3400000000000025,7.522815483970174,6.720658878441725,7.537658909076815,6.738858451434939,2.3485138407763118,1.025113117220978,87
3.3600000000000025,7.539844954053209,6.710170925891727,7.553292160033933,6.7247138567866855,1.980717515708773,1.0612039731366145,88
3.3800000000000026,7.556874424136244,6.699682973341729,7.568280708057605,6.710305102005136,1.5586305855996405,1.0594765462075193,89
3.4000000000000026,7.57390389421928,6.689195020791731,7.581420707621468,6.696195070908609,1.027147435191868,1.027147435191868,89
3.4200000000000026,7.590830486399389,6.678570797052837,7.594580888922928,6.682063368202148,0.5124799734777064,0.5124799734777064,89
3.4400000000000026,7.605582105970705,6.665065623228589,7.6074559458783595,6.666559046567483,0.23961613611504431,0.23961613611504431,90
3.4600000000000026,7.6203337255420225,6.651560449404342,7.619623748220819,6.651080180684215,0.08571615017928204,0.08571615017928204,91
3.4800000000000026,7.635085345113339,6.638055275580094,7.630522470006868,6.63496868940045,0.5508796917805261,0.5508796917805261,91
3.5000000000000027,7.649836964684656,6.624550101755847,7.641421191792917,6.618857198116686,1.0160432333818434,1.0160432333818434,91
3.5200000000000027,7.664588584255973,6.611044927931599,7.651055554174454,6.603320427263827,1.5582387934899073,1.5582387934899073,92
3.5400000000000027,7.679340203827289,6.597539754107351,7.660494894131784,6.586783064256636,2.1699126112910334,2.1699126112910334,92
3.5600000000000027,7.694091823398606,6.584034580283103,7.668171395619972,6.571546680609192,2.877179546870617,2.8538870146725586,93
3.5800000000000027,7.708843442969923,6.5705294064588555,7.6762311470618565,6.554817509922505,3.61998002365243,2.994389277046863,93
3.6000000000000028,7.72359506254124,6.557024232634608,7.684092656,6.53849982,4.363019580527504,3.134891539421098,93
3.6200000000000028,7.7365273977933855,6.541975539526955,7.6902371999807935,6.523283261079942,4.992177568025389,3.4154646553833947,94
3.640000000000003,7.747448910101309,6.525220821716503,7.696437691,6.507928153,5.3862611016738855,3.9370778810253553,94
3.660000000000003,7.758370422409233,6.508466103906051,7.702584260021596,6.489677791387138,5.886507114790689,4.458691106667258,95
3.680000000000003,7.769291934717157,6.4917113860955995,7.708764863400031,6.471326375134303,6.386763682899694,4.980304332309094,95
3.700000000000003,7.78021344702508,6.474956668285148,7.7135190310986905,6.456403034886835,6.922703538388178,5.390937123598355,96
3.720000000000003,7.786909717756625,6.456123049380433,7.718862985555424,6.437193216864804,7.063070382158047,6.239904802970893,96
3.740000000000003,7.793519336724212,6.437246796121289,7.723023352366479,6.4208599374649875,7.237549963342138,7.098030238768506,97
3.760000000000003,7.800128955691798,6.418370542862146,7.727525053465566,6.401493696691167,7.453961735315691,7.453961735315691,97
3.780000000000003,7.806738574659384,6.399494289603003,7.731043538837615,6.38563586088404,7.695319677971464,7.695319677971464,98
3.800000000000003,7.81334819362697,6.380618036343859,7.734601729875777,6.366200944880479,8.005534385399502,8.005534385399502,98
3.820000000000003,7.819957812594557,6.361741783084716,7.738159920913939,6.346766028876918,8.315749092827627,8.315749092827627,98
3.840000000000003,7.826567431562142,6.342865529825572,7.740668209513816,6.3308436447499625,8.673639414501128,8.673639414501128,99
3.860000000000003,7.833177050529729,6.3239892765664285,7.743386229191388,6.311422749079522,9.066592088372053,9.066592088372053,99
3.880000000000003,7.839786669497315,6.3051130233072845,7.745530399232493,6.295079390535494,9.47888087847625,9.47888087847625,100
3.900000000000003,7.846396288464901,6.286236770048141,7.747591331419354,6.275718927020381,9.936319519182657,9.936319519182657,100
3.920000000000003,7.853005907432487,6.267360516788997,7.749450544,6.258253424,10.395505006829557,10.395505006829557,100
3.940000000000003,7.854512653513433,6.247962156182169,7.750884708851968,6.239875363849471,10.39429994034799,10.39429994034799,101
3.960000000000003,7.851862668782745,6.2281384940349485,7.752406280150643,6.220377236551213,9.975876080559862,9.975876080559862,101
3.980000000000003,7.849212684052057,6.208314831887729,7.753412167789467,6.203166859406835,9.593873324597798,9.593873324597798,102
4.000000000000003,7.846562699321369,6.18849116974051,7.754466722315144,6.183542265770832,9.222884923510835,9.222884923510835,102
4.020000000000002,7.843912714590681,6.16866750759329,7.755241288986174,6.165566803047067,8.872562249665297,8.872562249665297,103
4.040000000000002,7.841262729859993,6.14884384544607,7.755930409185791,6.1458599043077555,8.53844766708901,8.53844766708901,103
4.060000000000001,7.838612745129305,6.1290201832988505,7.756345923148112,6.127380922591658,8.228315243445316,8.228315243445316,104
4.080000000000001,7.835788948122343,6.109229028173656,7.75673900732815,6.107653867510717,7.906563267741245,7.906563267741245,104
4.1000000000000005,7.831095420757121,6.089787557013482,7.756848092679516,6.089888176991965,7.4247396257670575,7.4247396257670575,105
4.12,7.826401893391899,6.070346085853307,7.756821737026364,6.0704403808807195,6.958022025981584,6.958022025981584,105
4.14,7.821708366026676,6.050904614693133,7.756796803,6.052041601,6.4921519948535265,6.4921519948535265,105
4.159999999999999,7.8170148386614535,6.031463143532959,7.756169162500427,6.033525646468925,6.088062274528204,6.088062274528204,106
4.179999999999999,7.812321311296231,6.012021672372785,7.755505519064486,6.013947573203882,5.684842426076626,5.684842426076626,106
4.199999999999998,7.8064672147192455,5.9928978164004185,7.754285488542189,5.996959006481521,5.233952437395781,5.233952437395781,107
4.219999999999998,7.800606956965943,5.973775646568916,7.7527709290853375,5.977498620417823,4.798068463114842,4.798068463114842,107
4.2399999999999975,7.7947466992126415,5.954653476737413,7.750775758858631,5.960640248457925,4.437662708284032,4.437662708284032,108
4.259999999999997,7.788886441459339,5.93553130690591,7.748112946668784,5.9410827370912385,4.114968109886137,4.114968109886137,108
4.279999999999997,7.783026183706037,5.916409137074407,7.745078063773192,5.924343751961621,3.876877506248984,3.876877506248984,109
4.299999999999996,7.776316099946486,5.8975807353470096,7.741025047580928,5.904959781001465,3.605424651603611,3.605424651603611,109
4.319999999999996,7.769116131635977,5.878921677055454,7.736671575405716,5.888379375582648,3.379492995124922,3.379492995124922,110
4.339999999999995,7.761916163325468,5.860262618763899,7.732035556377407,5.872486210956879,3.2284158308445754,3.2284158308445754,111
4.359999999999995,7.754716195014959,5.841603560472344,7.724464575813201,5.853978926774052,3.268501423327856,3.268501423327856,111
4.379999999999995,7.74751622670445,5.822944502180789,7.717226351,5.836285065,3.309754049056144,3.309754049056144,111
4.399999999999994,7.740316258393941,5.804285443889235,7.709096226601959,5.821758752197766,3.5777183907308086,3.5777183907308086,112
4.419999999999994,7.733116290083433,5.78562638559768,7.701390036932364,5.8098344953191345,3.9907238883336764,3.9907238883336764,113
4.439999999999993,7.722832577485271,5.768800020033621,7.689491296291532,5.794240445965691,4.193872081078675,4.193872081078675,113
4.459999999999993,7.709884386054016,5.753557174542717,7.681203791791574,5.784641305438451,4.229420386755114,4.229420386755114,114
4.479999999999992,7.694063601714718,5.741691274397794,7.6667443787791685,5.771299946168253,4.028664028946875,4.028664028946875,114
4.499999999999992,7.676941644949473,5.731354998640586,7.656033015177679,5.763915341141306,3.8695564380147482,3.8695564380147482,115
4.519999999999992,7.659819688184227,5.721018722883377,7.64397717,5.756173678,3.855977504692281,3.855977504692281,115
4.539999999999991,7.640866233576606,5.723023112370398,7.629322694024548,5.749873388000443,2.9226539425654505,2.9226539425654505,116
4.559999999999991,7.62148035214439,5.727941201541618,7.617348919182413,5.74665486024735,1.9164283458401357,1.9164283458401357,117
4.57999999999999,7.602094470712175,5.732859290712838,7.600094604,5.742845608,1.0184596203400886,1.0184596203400886,117
4.59999999999999,7.582708589279959,5.737777379884059,7.582649089804608,5.742631781664908,0.4854766404007593,0.4854766404007593,118
4.6199999999999894,7.565754318672462,5.746306999388054,7.5654831424624165,5.744568351483488,0.17596684554046985,0.17596684554046985,119
4.639999999999989,7.553905269365214,5.762419107583892,7.549425757790077,5.748264092130271,1.4846901577232854,1.4846901577232854,120
4.659999999999989,7.542056220057967,5.778531215779731,7.530924444641621,5.754899933610796,2.6121905000742283,2.6121905000742283,121
4.679999999999988,7.53020717075072,5.794643323975569,7.511479975581291,5.764684103066495,3.533076218244647,3.533076218244647,122
4.699999999999988,7.518358121443472,5.810755432171407,7.492486333576971,5.776972993715517,4.255117572330156,4.255117572330156,123
4.719999999999987,7.506509072136225,5.826867540367246,7.474167358942348,5.7918612432165615,4.765949278493244,4.765949278493244,124
4.739999999999987,7.494660022828978,5.842979648563085,7.45974389383586,5.805186833459024,5.145321114715552,5.145321114715552,124
4.7599999999999865,7.4828109735217305,5.859091756758923,7.442994503291788,5.823129862968929,5.3652671010255455,5.3652671010255455,125
4.779999999999986,7.470961924214484,5.875203864954762,7.428087585409588,5.841123087479441,5.476959303554585,5.476959303554585,126
4.799999999999986,7.459112874907237,5.891315973150601,7.4144654599489375,5.859666846499424,5.472713111648339,5.472713111648339,127
4.819999999999985,7.447263825599989,5.907428081346438,7.401558742911327,5.87878973989298,5.393615841698686,5.393615841698686,128
4.839999999999985,7.439851695890362,5.925898334058187,7.3911586058769565,5.895387737507535,5.746227907880296,5.746227907880296,128
4.859999999999984,7.433126725870545,5.944733800026209,7.380018685005962,5.9152345106584265,6.075090186720162,5.815463694264332,129
4.879999999999984,7.426401755850727,5.963569265994232,7.369178010552683,5.935264552264449,6.384131769677347,5.766180834200041,130
4.8999999999999835,7.41967678583091,5.982404731962254,7.360370819039053,5.953070084190277,6.616433523449576,5.734040781953736,130
4.919999999999983,7.412951815811092,6.001240197930277,7.350932373414148,5.973329999368045,6.801022290076025,5.710238570942757,131
4.939999999999983,7.4062268457912745,6.020075663898299,7.341994585165287,5.993337809444401,6.957511168458665,5.705439468554437,132
4.959999999999982,7.399501875771457,6.038911129866322,7.334318743919668,6.0117774578560725,7.060507655096431,5.700640366166001,132
4.979999999999982,7.392793579263932,6.0577525317234455,7.3262852395613,6.031464117161042,7.151531297705038,5.713188469730118,133
4.999999999999981,7.386103062619364,6.076600263338383,7.3189379955389535,6.050052267471759,7.222148101811772,5.745387240448825,133
5.019999999999981,7.379412545974796,6.095447994953322,7.311487740678936,6.069138438100196,7.284210290957044,5.779305035864597,134
5.0399999999999805,7.3727220293302285,6.11429572656826,7.30427992025149,6.087742496666633,7.341250788084118,5.843983329434634,135
5.05999999999998,7.366031512685661,6.1331434581831985,7.297048979539586,6.10638056197091,7.399217859286908,5.90866162300464,135
5.07999999999998,7.359340996041093,6.151991189798136,7.289953335365995,6.124587151158364,7.460314194276675,5.9935978299716135,136
5.099999999999979,7.352650479396525,6.1708389214130746,7.282611226043998,6.143177542048224,7.530371118706997,6.091889184786424,136
5.119999999999979,7.345616065124245,6.189559426840568,7.275266180875433,6.161775366569607,7.56376904655455,6.157141952400368,136
5.139999999999978,7.338428971403165,6.208223447946547,7.268033544906389,6.179606792510866,7.598966403391621,6.232999120180225,137
5.159999999999978,7.331241877682086,6.226887469052524,7.260503115100803,6.198131243037931,7.636028461270618,6.312101027148308,137
5.1799999999999775,7.324054783961006,6.245551490158503,7.253111473272723,6.215822631540368,7.692046779727294,6.421420834700367,138
5.199999999999977,7.316867690239926,6.264215511264481,7.245692598593331,6.233403619533372,7.755814814028684,6.530740642252509,139
5.219999999999977,7.309680596518846,6.282879532370459,7.23775377130053,6.251742213121287,7.837729796319268,6.641617546468266,139
5.239999999999976,7.302215348212837,6.301423702336229,7.23027777865049,6.268946356013247,7.892903102610843,6.756404278987745,140
5.259999999999976,7.293586265255631,6.319466399676639,7.2220502699914135,6.287170350381539,7.848842856443043,6.744533890808235,140
5.279999999999975,7.284957182298425,6.337509097017049,7.213822761332337,6.305394344749833,7.804782610275092,6.745743526711951,140
5.299999999999975,7.276328099341219,6.355551794357459,7.205976521112545,6.3223713674618605,7.778357981116227,6.7623079313205885,141
5.3199999999999745,7.267699016384014,6.37359449169787,7.197445172291989,6.3404601598645,7.7675520955770985,6.789820515928945,141
5.339999999999974,7.259069933426807,6.3916371890382795,7.189352522666868,6.357401414958214,7.766984994147546,6.836215078137438,142
5.359999999999974,7.24898891042545,6.408899590092192,7.180563906192823,6.3752984715078815,7.623002278860949,6.717823417323256,142
5.379999999999973,7.2387034902838625,6.4260521447856185,7.172278925965804,6.3921352752466785,7.458268421131928,6.582714820096747,143
5.399999999999973,7.228418070142275,6.443204699479046,7.1632048772189325,6.4099063650555355,7.322253482799532,6.471796103728013,143
5.419999999999972,7.218132650000687,6.460357254172473,7.154130828472061,6.427677454864392,7.186238544467176,6.360877387359157,143
5.439999999999972,7.207847229859099,6.4775098088659,7.145336591519173,6.444385483083693,7.074461721001021,6.262808107666588,144
5.4599999999999715,7.197561809717512,6.4946623635593275,7.135985200770142,6.462032979033694,6.968755630655325,6.175322436498454,144
5.479999999999971,7.1872431434001225,6.511794714089999,7.126977030789214,6.478747749828353,6.873213350494201,6.093366754730931,145
5.499999999999971,7.176755541231818,6.528824399957899,7.11737308542416,6.496261989511515,6.772434297818762,6.0059199887451,145
5.51999999999997,7.166267939063514,6.545854085825799,7.108131574868037,6.5130462512990315,6.675470656219582,5.918473222759304,146
5.53999999999997,7.1557803368952095,6.562883771693699,7.098309380425323,6.5304514437342265,6.599065641766588,5.8352207268672585,146
5.559999999999969,7.145292734726905,6.5799134575616,7.088840117134088,6.5471083545976905,6.529221097155095,5.774540114591775,147
5.579999999999969,7.13376142537181,6.5962387398847975,7.078837227088747,6.564321814563778,6.352446520030469,5.588269126405147,147
5.599999999999969,7.121891720083926,6.61233563698886,7.068848125493883,6.581511546693291,6.134938850210454,5.361278602180362,147
5.619999999999968,7.110022014796042,6.628432534092922,7.059153603810479,6.598012526354949,5.927033074797572,5.155881253480503,148
5.639999999999968,7.0981523095081585,6.644529431196984,7.048936451722043,6.615097672947065,5.734482584597172,4.953720900929453,148
5.659999999999967,7.0862826042202745,6.6606263283010465,7.038960334735887,6.631596242480512,5.551705208222556,4.751560548378359,149
5.679999999999967,7.0744128989323904,6.676723225405109,7.028540126617141,6.648582340962174,5.381654594190609,4.5602448231463635,149
5.699999999999966,7.062543193644507,6.692820122509171,7.018119918498395,6.665568439443836,5.2116039801587375,4.37781086296765,149
5.719999999999966,7.050673488356623,6.708917019613233,7.00790912901257,6.6820023702232945,5.0529088472786094,4.195376902788768,150
5.739999999999966,7.038932382928446,6.725107845574533,6.99727901824111,6.698892424049065,4.921637040187132,4.041347079032467,150
5.759999999999965,7.027209522538041,6.741311997643279,6.986874960332117,6.715421012216247,4.792932332848383,3.893486683340376,151
5.779999999999965,7.015486662147636,6.757516149712025,6.97608785251029,6.732225829193482,4.681737404821569,3.7456262876481627,151
5.799999999999964,7.0037638017572315,6.773720301780772,6.965300744688461,6.749030646170716,4.57054247679488,3.6120311729692887,151
5.819999999999964,6.9920409413668265,6.789924453849518,6.95463344953113,6.7655039619869,4.467304408980782,3.4790560681357814,152
5.839999999999963,6.979743857455805,6.805696891505413,6.943739040621878,6.782192098926164,4.2997931455339975,3.2762028806973,152
5.859999999999963,6.967433491696644,6.821459343563252,6.932845233596743,6.798879313894843,4.130623849022774,3.0827652697526657,152
5.879999999999963,6.955123125937483,6.8372217956210894,6.921988412826876,6.815261441139176,3.9751306669008293,2.8893276588080306,153
5.899999999999962,6.942812760178322,6.852984247678928,6.910972920219531,6.831882083015291,3.819786331842001,2.699065775203916,153
5.919999999999962,6.930502394419161,6.868746699736767,6.900032046110814,6.848301548861027,3.6693954820429817,2.516804869894899,154
5.939999999999961,6.91819202866,6.884509151794605,6.888917356470876,6.864866281825163,3.5254060367808058,2.3345439645858073,154
5.959999999999961,6.905756630537403,6.900172184890854,6.877809849489724,6.88142031014269,3.3654945810352466,2.139965377403444,154
5.9799999999999605,6.893172922799447,6.9157172902158655,6.866724981085836,6.897820874052376,3.1933921343665177,1.9315379527250585,155
5.99999999999996,6.880589215061492,6.931262395540878,6.855557626126791,6.9143243767846485,3.022378076915897,1.7239493083929684,155
6.01999999999996,6.868005507323536,6.946807500865889,6.844400369457458,6.930724970403362,2.8563093665684813,1.5235051663883052,156
6.039999999999959,6.8554217995855815,6.9623526061909,6.833177548699664,6.947197268208192,2.6916369867531365,1.3230610243837906,156
6.059999999999959,6.842838091847626,6.9778977115159115,6.821954727941871,6.963669566013022,2.526964606937718,1.1226168823791276,156
6.079999999999958,6.830232381857499,6.993424952233461,6.810751509265101,6.97997729774137,2.367158229396378,0.9298826515691817,157
6.099999999999958,6.817602804214396,7.008932813741639,6.799425335107179,6.996384899220095,2.2087791695500814,0.7406677814046342,157
6.1199999999999575,6.8049732265712946,7.024440675249817,6.788187146246855,7.0122629837441455,2.0738096900772667,0.5514529112401361,158
6.139999999999957,6.792343648928192,7.039948536757995,6.7764611849811835,7.028426386109459,1.9621738368340118,0.394125779240774,158
6.159999999999957,6.779744286092438,7.0554803607446726,6.764734252785009,7.044591126833311,1.8543907761485547,0.255353599159979,158
6.179999999999956,6.767520791823017,7.071310275079419,6.753245815128781,7.060079090104525,1.8163547989346094,0.1644719882684516,159
6.199999999999956,6.7552972975535965,7.087140189414166,6.740879594654115,7.075796711127261,1.8345153489224695,0.12586058008699383,159
6.219999999999955,6.743073803284176,7.102970103748913,6.72851337417945,7.0915143321499965,1.8526758989102596,0.10545140784068523,159
6.239999999999955,6.730850309014755,7.118800018083659,6.716277431819254,7.106365790928546,1.9156689554829642,0.08504223559437664,160
6.2599999999999545,6.718626814745334,7.134629932418407,6.703311302439087,7.121562055947755,2.013291614880984,0.1334907771278919,160
6.279999999999954,6.706403320475913,7.1504598467531535,6.6908124601684165,7.135686525310129,2.147849975177026,0.200653267333734,161
6.299999999999954,6.693724747100169,7.1659164391590435,6.67709719036461,7.150160782599897,2.290668803218807,0.20895486982801195,161
6.319999999999953,6.680589699565056,7.180998565211107,6.66335292680643,7.164665638125544,2.3745964758561,0.2281001129815719,161
6.339999999999953,6.667454652029944,7.19608069126317,6.650319247,7.178420587,2.4606937804738607,0.2637896933697171,161
6.359999999999952,6.654319604494831,7.211162817315233,6.6360955894478595,7.191825010018084,2.6571893336642964,0.3419287117866209,162
6.379999999999952,6.641184556959719,7.226244943367296,6.621611110591516,7.205475231916015,2.853945893843085,0.4813307574203698,162
6.3999999999999515,6.628049509424606,7.241327069419359,6.607913512565761,7.2173022020297495,3.134729051429726,0.6207328030541187,163
6.419999999999951,6.6144114613766725,7.25588883719624,6.592733914844054,7.230024700226557,3.3747142173232567,0.6877714219936887,163
6.439999999999951,6.598892557257895,7.268504843495866,6.577407440511749,7.2428703003294705,3.344757158517391,0.5700442154573733,163
6.45999999999995,6.583373653139119,7.281120849795492,6.563562020476893,7.254093181291074,3.351112730911468,0.4774263840606834,164
6.47999999999995,6.567854749020342,7.2937368560951175,6.547451651123583,7.265902291633994,3.4511583309450997,0.42209866999632517,164
6.499999999999949,6.552335844901565,7.306352862394744,6.531341281770271,7.277711401976916,3.551203930978712,0.4426478141232544,164
6.519999999999949,6.5368169407827885,7.31896886869437,6.516799141735896,7.287920600428869,3.6941944195836243,0.4631969582503778,165
6.5399999999999485,6.521298036664012,7.331584874993995,6.5000913676103425,7.298692630034715,3.913595010745418,0.483746102377307,165
6.559999999999948,6.505779132545235,7.344200881293621,6.483383593484787,7.309464659640561,4.132995601907335,0.4148140554580621,165
6.579999999999948,6.490260228426458,7.356816887593246,6.4686881880268965,7.318482260716649,4.398745894875365,0.5689286955219545,166
6.599999999999947,6.474741324307682,7.369432893892872,6.451509703622745,7.328149107371046,4.737150229018001,0.6786098476027369,166
6.619999999999947,6.459222420188905,7.3820489001924985,6.434331219218592,7.3378159540254435,5.075554563160636,1.1094272412750765,166
6.639999999999946,6.443703516070128,7.394664906492124,6.4198956210957085,7.345589058860916,5.454589520609728,1.3581892595082685,167
6.659999999999946,6.427770761501257,7.406576995636388,6.402320298207412,7.354115278206335,5.830915775058079,1.5253236220368676,167
6.6799999999999455,6.409200457985787,7.414002884629856,6.384371651951272,7.36282260585578,5.688488854249113,1.2177942463990226,167
6.699999999999945,6.390630154470317,7.421428773623323,6.369657855828689,7.369736343764042,5.578480631023459,0.9952006208194178,168
6.719999999999945,6.372059850954847,7.428854662616791,6.351125290353393,7.377255249313684,5.568442583704003,0.7726069952398914,168
6.739999999999944,6.353489547439377,7.436280551610259,6.332592724878096,7.384774154863326,5.558404536384626,0.5728089131959059,168
6.759999999999944,6.334919243923907,7.4437064406037265,6.3140601594028,7.392293060412968,5.5483664890651685,0.47472283830357714,168
6.779999999999943,6.316348940408437,7.451132329597194,6.298109002368555,7.398176909024396,5.600867707543816,0.3766367634112483,169
6.799999999999943,6.297778636892967,7.458558218590662,6.279221692698262,7.404682444329372,5.698209569767422,0.2842106459375466,169
6.8199999999999426,6.279208333377497,7.46598410758413,6.262695037856182,7.409782905272171,5.857699267019441,0.31115708092208927,170
6.839999999999942,6.260638029862027,7.4734099965775975,6.243592042373465,7.415395835187753,6.0466590868240075,0.3381035159066319,170
6.859999999999942,6.242067726346557,7.480835885571065,6.224489046890748,7.421008765103334,6.23561890662866,0.36504995089125747,170
6.879999999999941,6.223497422831087,7.488261774564533,6.209263956891304,7.4249001134648305,6.494067792972685,0.5062472473237419,171
6.899999999999941,6.204756604687449,7.495133526482992,6.189953910967882,7.429237892433633,6.753779925436105,0.6005617405891729,171
6.91999999999994,6.18522406262606,7.49943234034498,6.170440389823669,7.4336213797625765,6.745101566549507,0.4256810568880826,171
6.93999999999994,6.165691520564669,7.503731154206968,6.150926868679454,7.438004867091521,6.736423207662841,0.34817077903943283,171
6.95999999999994,6.14615897850328,7.508029968068956,6.1352583669639795,7.440737395129462,6.816974185625084,0.3007407997862014,172
6.979999999999939,6.1266264364418905,7.512328781930944,6.1155467055387165,7.443930454253301,6.928991027548695,0.2533108205329911,172
6.999999999999939,6.1070938943805,7.516627595792932,6.1000898608278575,7.4464206186963,7.055548255843432,0.2853529884872946,173
7.019999999999938,6.087561352319111,7.52092640965492,6.080325167522928,7.448392396727348,7.289406972985995,0.3647257008086481,173
7.039999999999938,6.0680288102577205,7.525225223516908,6.060560474217999,7.450364174758397,7.523265690128464,0.44409841313008896,173
7.059999999999937,6.048496268196331,7.529524037378896,6.04079578091307,7.452335952789444,7.757124407271018,0.5838035423380136,173
7.079999999999937,6.02887367053718,7.533212917888816,6.025778159923694,7.453706586215323,7.956656937517007,0.7263449163322224,174
7.099999999999937,6.008932236717159,7.534742367855867,6.005807451227944,7.4544841285748475,8.031904666293675,0.6507154268266396,174
7.119999999999936,5.988990802897139,7.536271817822918,5.985836742532194,7.455261670934372,8.107152395070347,0.6109851825374886,174
7.139999999999936,5.969049369077118,7.537801267789969,5.97021041031081,7.455404254952451,8.240519244132882,0.6458949243545867,175
7.159999999999935,5.949107935257097,7.53933071775702,5.95029448202044,7.45512362325045,8.421545379833786,0.6808046661717788,175
7.179999999999935,5.929166501437076,7.5408601677240705,5.930378553730071,7.45484299154845,8.602571515534606,0.8153084281050678,175
7.1999999999999345,5.909225067617055,7.542389617691121,5.915442039939077,7.454516867859131,8.809239983045256,0.9761011086417702,176
7.219999999999934,5.889283633797034,7.543919067658172,5.895707595483119,7.453120661467414,9.102536926882602,1.1368937891784734,176
7.239999999999934,5.869342199977013,7.545448517625223,5.875973151027161,7.451724455075698,9.395833870719946,1.2976864697151764,176
7.259999999999933,5.849490355813572,7.5441412972895465,5.856128155965705,7.450320427259752,9.405538817105231,1.3064260898109343,176
7.279999999999933,5.8296851761460715,7.54135654266157,5.8405630051959605,7.448515613523896,9.347601450631732,1.17286883266065,177
7.299999999999932,5.809879996478572,7.538571788033595,5.820704167124658,7.446188826753497,9.301491388511666,1.0393115755103721,177
7.319999999999932,5.790074816811072,7.53578703340562,5.800845329053356,7.443862039983099,9.255381326391522,0.9942766336854881,177
7.3399999999999315,5.7702696371435716,7.533002278777643,5.7834884661265,7.4415449854134605,9.240765092340634,0.9801462053920009,178
7.359999999999931,5.750464457476072,7.530217524149668,5.76369430088625,7.438684025116628,9.248464846605268,0.9660157770986895,178
7.379999999999931,5.730659277808572,7.527432769521692,5.743900135645999,7.435823064819795,9.256164600869903,1.0037059285599261,178
7.39999999999993,5.7108540981410725,7.5246480148937165,5.725199615970871,7.433040139436411,9.272430494539314,1.0896618937086784,179
7.41999999999993,5.691048918473572,7.52186326026574,5.7054428399771995,7.429946287724845,9.303716900968277,1.175617858857359,179
7.439999999999929,5.671243738806072,7.519078505637765,5.685686063983527,7.426852436013279,9.335003307397315,1.277778491395051,179
7.459999999999929,5.651757053248881,7.5145978434878815,5.665987739579805,7.42376746053245,9.193840819417888,1.2511019028134043,180
7.4799999999999285,5.632290985577851,7.510007395859722,5.6462860784416495,7.4206807383285724,9.04163390652021,1.213258919387521,180
7.499999999999928,5.6128249179068215,7.505416948231561,5.626584417303495,7.417594016124695,8.889426993622441,1.1758675387125168,180
7.519999999999928,5.593358850235791,7.500826500603401,5.60688275616534,7.414507293920817,8.73722008072476,1.1615864229773603,180
7.539999999999927,5.573892782564762,7.496236052975242,5.586307672546319,7.411369616467584,8.57697005868763,1.1473053072422703,181
7.559999999999927,5.554426714893732,7.491645605347082,5.566591995771881,7.4084854614572055,8.40452472816232,1.1326763351016031,181
7.579999999999926,5.534960647222703,7.487055157718922,5.546876318997444,7.405601306446827,8.23207939763701,1.1175602700876264,181
7.599999999999926,5.515494579551673,7.482464710090762,5.526060673836723,7.402633716425991,8.052719973987239,1.1024442050736691,182
7.6199999999999255,5.496028511880644,7.477874262462603,5.506332630789855,7.400022595690502,7.853061113788266,1.087328140059712,182
7.639999999999925,5.4765624442096135,7.473283814834443,5.486604587742986,7.397411474955014,7.653402253589209,1.0661452303554668,182
7.659999999999925,5.457096376538584,7.468693367206283,5.465479685220396,7.394905364172182,7.426270434218711,1.0390200905853952,183
7.679999999999924,5.437630308867555,7.464102919578123,5.44574679344182,7.392663442502502,7.189906958148022,1.0118949508153234,183
7.699999999999924,5.418164241196525,7.459512471949964,5.426013901663245,7.390421520832822,6.953543482077344,0.9709339453047041,183
7.719999999999923,5.398698173525496,7.454922024321804,5.406281009884669,7.388179599163141,6.717180006006743,0.9283078261584214,183
7.739999999999923,5.379232105854466,7.450331576693644,5.385249514697772,7.38616868058927,6.444444464566544,0.8856817070120516,184
7.7599999999999225,5.359766038183436,7.445741129065484,5.3655264104537475,7.384318982569057,6.169166855355016,0.8430555878655768,184
7.779999999999922,5.340299970512406,7.441150681437324,5.344609031619605,7.382524574647734,5.8784253035400305,0.7736999411466489,185
7.799999999999922,5.320833902841377,7.436560233809164,5.324911973259686,7.381076826660484,5.563307583769627,0.7039590431686157,185
7.819999999999921,5.301367835170347,7.431969786181004,5.305214914899766,7.379629078673234,5.248189863999306,0.6342181451906695,185
7.839999999999921,5.281901767499318,7.427379338552845,5.2855178565398475,7.378181330685983,4.93307214422899,0.5422378014330925,185
7.85999999999992,5.262435699828288,7.422788890924685,5.264804654173242,7.3768818900992,4.596808316081464,0.443855745715419,186
7.87999999999992,5.2429696321572585,7.418198443296525,5.245154031819783,7.375867852449861,4.238691452928949,0.3374195316272256,186
7.8999999999999195,5.223503564486228,7.413607995668365,5.225503409466322,7.374853814800522,3.8805745897765176,0.20783021407027014,186
7.919999999999919,5.204037496815199,7.409017548040206,5.205257679924523,7.373880884963334,3.515784320742452,0.07824089651332941,187
7.939999999999919,5.184571429144169,7.404427100412046,5.185655839618656,7.373200176200508,3.1245747579315455,0.059746720586415426,187
7.959999999999918,5.16510536147314,7.399836652783886,5.166053999312789,7.372519467437682,2.7333651951206357,0.23561879462027702,187
7.979999999999918,5.145639293802111,7.395246205155726,5.14608276411858,7.371993089362315,2.325734421690066,0.11972861656720257,188
7.999999999999917,5.126173226131081,7.390655757527567,5.126536259466514,7.371620309444092,1.9038909552316914,0.017706415502226167,188
8.019999999999918,5.1067071584600505,7.386065309899406,5.106989754814449,7.371247529525868,1.4820474887733182,0.4894434458532374,188
8.039999999999917,5.08724109078902,7.381474862271246,5.087255223243698,7.370927040777649,1.054783096124846,0.9965933072085235,189
8.059999999999917,5.067775023117991,7.3768844146430865,5.0677830400367485,7.370900951054116,0.5983468959685581,0.5983468959685581,189
8.079999999999917,5.048308955446961,7.372293967014927,5.048310856829799,7.3708748613305834,0.14191069581227,0.14191069581227,189
8.099999999999916,5.028842887775932,7.367703519386767,5.02883867362285,7.370848771607051,0.31452550434401794,0.31452550434401794,189
8.119999999999916,5.009376820104902,7.363113071758607,5.009479512314534,7.370834575478934,0.7722186568125688,0.7722186568125688,190
8.139999999999915,4.989910752433873,7.3585226241304476,4.99007792703701,7.37109260704049,1.2571094530974207,1.2571094530974207,190
8.159999999999915,4.9704446847628425,7.353932176502288,4.970676341759485,7.3713506386020455,1.7420002493822715,1.7420002493822715,190
8.179999999999914,4.950978617091813,7.349341728874128,4.951534259900474,7.371664120758043,2.232930626665041,2.232930626665041,191
8.199999999999914,4.931512549420784,7.344751281245967,4.9321944392952615,7.372145522226845,2.7402726373835233,2.7402726373835233,191
8.219999999999914,4.912046481749754,7.340160833617808,4.912854618690047,7.3726269236956465,3.2476146481019144,3.2476146481019144,191
8.239999999999913,4.89234752012291,7.336863874681132,4.8932498711142385,7.373114919653372,3.6262273768903848,3.6262273768903848,191
8.259999999999913,4.872502814086357,7.334376377480568,4.87393784076028,7.373772783324788,3.9422532833359725,3.9422532833359725,192
8.279999999999912,4.8526581080498055,7.3318888802800055,4.854209917689684,7.374491379227656,4.263075216018369,4.263075216018369,192
8.299999999999912,4.832813402013253,7.329401383079443,4.834481994619088,7.375209975130525,4.583897148700766,4.583897148700766,192
8.319999999999911,4.812968695976701,7.32691388587888,4.815244309864693,7.375975589504526,4.911444982098369,4.911444982098369,193
8.339999999999911,4.793101591458525,7.325231966230679,4.795497699259534,7.376891490462159,5.171506334151551,5.171506334151551,193
8.35999999999991,4.773149325523725,7.326612938376308,4.775524349866491,7.377817908175155,5.1260020217802715,5.1260020217802715,193
8.37999999999991,4.753197059588925,7.327993910521936,4.755551000473448,7.37874432588815,5.080497709409083,5.080497709409083,193
8.39999999999991,4.7332447936541255,7.329374882667565,4.736004968160645,7.379803033588147,5.050363322153597,5.050363322153597,194
8.41999999999991,4.713292527719325,7.330755854813194,4.716036937178377,7.380895979671962,5.021517603406103,5.021517603406103,194
8.439999999999909,4.693340261784526,7.3321368269588225,4.696068906196108,7.381988925755777,4.9926718846586935,4.9926718846586935,194
8.459999999999908,4.673640476097472,7.335390103349467,4.676647382944623,7.383140022148217,4.7844500562495345,4.7844500562495345,195
8.479999999999908,4.654035098912113,7.339343479807608,4.656871474595121,7.384385350218309,4.513108814453249,4.513108814453249,195
8.499999999999908,4.634429721726754,7.3432968562657495,4.637095566245621,7.385630678288402,4.241767572656963,4.241767572656963,195
8.519999999999907,4.614824344541395,7.347250232723891,4.617319657896119,7.386876006358495,3.970426330860672,3.970426330860672,195
8.539999999999907,4.595218967356035,7.351203609182032,4.5978293763305365,7.388186563577189,3.707496663259996,3.707496663259996,196
8.559999999999906,4.5756135901706765,7.355156985640173,4.578043528982921,7.389583130031357,3.451179537888333,3.451179537888333,196
8.579999999999906,4.556008212985318,7.359110362098314,4.558257681635304,7.390979696485526,3.194862412516665,3.194862412516665,196
8.599999999999905,4.536402835799959,7.3630637385564555,4.538649610104553,7.39240227801025,2.942444378501737,2.942444378501737,197
8.619999999999905,4.516944398780275,7.3676568313483655,4.518954931852642,7.3939105159068,2.633055632015514,2.633055632015514,197
8.639999999999905,4.497578979312034,7.3726548838509975,4.49932189741862,7.395414033058942,2.2825788840601846,2.2825788840601846,197
8.659999999999904,4.478213559843794,7.3776529363536305,4.479809387198473,7.397001384057094,1.941414673581113,1.941414673581113,198
8.679999999999904,4.4588481403755535,7.382650988856263,4.460165368606411,7.398621589600479,1.6024830056613204,1.6024830056613204,198
8.699999999999903,4.439482720907312,7.387649041358895,4.440521350014349,7.400241795143863,1.2635513377414394,1.2635513377414394,198
8.719999999999903,4.420117301439072,7.392647093861528,4.4209564274708315,7.401968326595646,0.9358926871216117,0.9358926871216117,199
8.739999999999903,4.400751881970832,7.39764514636416,4.40130036371591,7.403737825893556,0.6117317718788648,0.6117317718788648,199
8.759999999999902,4.381789774765631,7.4038984535499415,4.381932276531304,7.405481400655132,0.15893483856761784,0.15893483856761784,199
8.779999999999902,4.363137319942768,7.41111551175125,4.362757549645778,7.407249379406893,0.3884739989054715,0.3884739989054715,200
8.799999999999901,4.3556424588559155,7.408094109549464,4.355628272374675,7.407949688528623,0.014511611733622622,0.014511611733622622,200
8.8199999999999,4.363068729864107,7.3895239587985175,4.364790284326836,7.407049703817759,1.7610096202111531,1.7610096202111531,200
8.8399999999999,4.360906755311081,7.371489346813286,4.364403581602259,7.407087689638077,3.5769677185879423,3.5769677185879423,200
8.8599999999999,4.351458703614899,7.353861689023714,4.35676084112724,7.407838436265841,5.42365366246802,5.42365366246802,200
8.8799999999999,4.342010651918717,7.3362340312341425,4.349118100652223,7.408589182893605,7.270339606348018,7.270339606348018,200
8.899999999999899,4.332562600222535,7.31860637344457,4.3414753601772045,7.409339929521368,9.117025550228007,9.117025550228007,200
8.919999999999899,4.323114548526353,7.300978715654999,4.333832619702187,7.4100906761491325,10.963711494108004,10.963711494108004,200
8.939999999999898,4.31366649683017,7.283351057865427,4.326189879227168,7.410841422776897,12.81039743798808,12.81039743798808,200
8.959999999999898,4.304218445133988,7.2657234000758555,4.31854713875215,7.411592169404661,14.65708338186808,14.65708338186808,200
8.979999999999897,4.294770393437806,7.248095742286283,4.31209957732825,7.412241219271569,16.505768152084205,16.505768152084205,201
8.999999999999897,4.285322341741623,7.230468084496712,4.304596143900457,7.413033372549673,18.35798568784675,18.35798568784675,201
9.019999999999897,4.275874290045442,7.21284042670714,4.297092710472664,7.413825525827778,20.21020322360938,20.21020322360938,201
9.039999999999896,4.2664262383492595,7.195212768917568,4.289589277044871,7.414617679105882,22.06242075937201,22.06242075937201,201
9.059999999999896,4.256978186653077,7.177585111127996,4.273538798,7.416312162,23.930077030011397,23.91463829513456,202
9.079999999999895,4.247530134956895,7.159957453338424,4.273538798,7.416312162,25.767069528033463,25.766855830897185,202
9.099999999999895,4.2380820832607125,7.142329795548853,4.2684582094847885,7.4168742880024245,27.621981714020873,27.621981714020873,202
9.119999999999894,4.22863403156453,7.1247021377592805,4.216382426,7.422636052,29.818571242382657,29.47795701114299,203
9.139999999999894,4.219185979868349,7.107074479969709,4.216382426,7.422636052,31.557402563664983,31.333932308265023,203
9.159999999999894,4.209737928172166,7.089446822180137,4.172412079,7.42750323,34.01107964832828,33.189907605387134,204
9.179999999999893,4.200289876475984,7.071819164390566,4.172412079,7.42750323,35.677489558623435,35.04588290250917,204
9.199999999999893,4.190841824779802,7.0541915066009935,4.139708466,7.430914999,38.01778664065123,36.77140824188569,205
9.219999999999892,4.181615080250131,7.0364716134032195,4.102059536,7.434219905,40.562641443709275,38.06012160498392,206
9.239999999999892,4.175747623722536,7.017351651219764,4.102059536,7.434219905,42.333092880391746,39.632313123281556,206
9.259999999999891,4.1698801671949415,6.998231689036308,4.06800476,7.436019493,44.94849940659725,41.21965006843155,207
9.279999999999891,4.164012710667346,6.979111726852852,4.06800476,7.436019493,46.68856748251333,42.823256731270895,207
9.29999999999989,4.158145254139751,6.959991764669397,3.976026796,7.411838808,48.716822901520175,44.45890420233096,210
9.31999999999989,4.1522777976121565,6.940871802485941,3.969464542,7.397111947,49.15035665117039,46.10731429681507,211
9.33999999999989,4.146410341084562,6.921751840302486,3.972731251,7.382897296,49.27672448966852,47.76859833768516,213
9.35999999999989,4.138875137371302,6.903335306476475,3.994191122,7.376958914,49.52300333254859,49.344470402838844,217
9.379999999999889,4.129277267802777,6.8857887712131935,4.013926716,7.380698447,50.8174514304493,50.8174514304493,219
9.399999999999888,4.1324954034372405,6.8855613542958904,4.013926716,7.380698447,50.91358111664002,50.91358111664002,219
9.419999999999888,4.146469660840042,6.899869398538212,4.013926716,7.380698447,49.87626750986275,49.87626750986275,219
9.439999999999888,4.160443918242843,6.914177442780534,4.013955758641184,7.380707566246203,48.898786999717494,48.898786999717494,220
9.459999999999887,4.174418175645645,6.928485487022855,4.025789399,7.384423271,47.955164070741205,47.955164070741205,221
9.479999999999887,4.188392433048446,6.942793531265177,4.038874477,7.389292256,47.08680604699459,47.06129765529295,222
9.499999999999886,4.202366690451248,6.957101575507499,4.050193893,7.393944072,46.258829106013806,46.20806078637788,223
9.519999999999886,4.216340947854049,6.971409619749821,4.081783398,7.408077519,45.69295224192562,44.84942212030914,225
9.539999999999885,4.230315205256851,6.985717663992142,4.099367817,7.416244092,45.00002485604822,43.27527697689821,226
9.559999999999885,4.2436956600534534,7.000574956764513,4.099367817,7.416244092,44.001290466062464,41.65727910734635,226
9.579999999999885,4.256872563603504,7.015620527967783,4.122151903,7.426619704,43.2515871492141,40.022694505440676,227
9.599999999999884,4.270049467153554,7.030666099171052,4.142692506,7.435299475,42.42027397235884,38.38810990353499,228
9.619999999999884,4.283226370703605,7.045711670374321,4.164761672,7.443586783,41.51367125247202,36.758089706537305,229
9.639999999999883,4.296403274253656,7.0607572415775905,4.1921207270932905,7.45196310298392,40.48664911312398,35.13192254423335,230
9.659999999999883,4.309580177803706,7.07580281278086,4.260528708900792,7.465032732584738,39.23085228134442,33.50575538192931,232
9.679999999999882,4.322757081353757,7.090848383984129,4.292208975,7.467178162,37.756759477380314,31.879588219625344,233
9.699999999999882,4.335933984903807,7.1058939551873985,4.328909445,7.466668953,36.084337766895885,30.253421057321304,234
9.719999999999882,4.349110888453858,7.120939526390668,4.328909445,7.466668953,34.63191226906725,28.633863162211863,234
9.739999999999881,4.362287792003908,7.135985097593937,4.354191762,7.464708163,32.88227477407591,27.017221044240213,235
9.75999999999988,4.375464695553959,7.1510306687972065,4.354191762,7.464708163,31.43980090129942,25.40057892626856,235
9.77999999999988,4.38864159910401,7.166076240000476,4.393239249,7.460107165,29.406686865514448,23.783936808296904,236
9.79999999999988,4.40181850265406,7.181121811203745,4.393239249,7.460107165,27.91172356306258,22.16729469032526,236
9.81999999999988,4.414995406204111,7.196167382407015,4.426811481,7.455445718,25.954744254461538,20.550652572353517,237
9.839999999999879,4.429368109389791,7.2100484524410176,4.454376508,7.451612279,24.28548996888167,19.04665006211215,238
9.859999999999879,4.44405899052882,7.223619672406771,4.454376508,7.451612279,22.82259403046524,17.57336280587652,238
9.879999999999878,4.45874987166785,7.237190892372525,4.486733454690514,7.447302846401272,21.196724781098762,16.100075549640884,239
9.899999999999878,4.47344075280688,7.25076211233828,4.497807403313455,7.445895159860963,19.664851866311935,14.626788293405246,240
9.919999999999877,4.48813163394591,7.264333332304034,4.510604080567308,7.44429721340213,18.13615432142146,13.155247166072293,240
9.939999999999877,4.50282251508494,7.277904552269788,4.52340075782116,7.442699266943298,16.607456776530967,11.689911509070132,240
9.959999999999877,4.517602030042965,7.291347028144613,4.535104031067283,7.441251482477215,15.09227135609827,10.236735889587345,241
9.979999999999876,4.535522529838254,7.300227100615434,4.551760686933634,7.439306745015394,14.002437370784238,9.214484875427404,241
9.999999999999876,4.553443029633543,7.309107173086255,4.568417342799984,7.437362007553571,12.912603385470122,8.200832761404808,241
10.019999999999875,4.571363529428832,7.317987245557075,4.584271283033533,7.435604840873417,11.832374584637895,7.188853027410115,242
10.039999999999875,4.589284029224122,7.326867318027896,4.601015591625512,7.43376726368945,10.75417497478122,6.176873293415327,242
10.059999999999874,4.607204529019411,7.3357473904987165,4.617130554465709,7.432051233526764,9.6814028751681,5.166325234490368,243
10.079999999999874,4.6251250288147,7.3446274629695365,4.633957031866854,7.430316930537352,8.614342186127177,4.167447605235494,243
10.099999999999874,4.6430455286099885,7.353507535440357,4.650312515759351,7.428642390323908,7.548546562485556,3.168569975980537,244
10.119999999999873,4.660966028405278,7.362387607911177,4.667216015843902,7.427007496397726,6.492143198510759,2.169692346725751,244
10.139999999999873,4.678886528200567,7.371267680381998,4.684119515928452,7.425372602471544,5.435739834535873,1.1708147174707884,244
10.159999999999872,4.697604227744611,7.37818579461285,4.701736057625419,7.423747378984692,4.574855176545364,0.37135371038762227,245
10.179999999999872,4.716639651107888,7.384321970733268,4.720064278683657,7.422085253040773,3.7918248438833055,0.1667497485624654,245
10.199999999999871,4.735675074471166,7.390458146853685,4.738226721691609,7.420486826869754,3.0136896440162073,0.6672384509095624,246
10.219999999999871,4.754710497834443,7.396594322974103,4.756608009089567,7.418924901374792,2.241105264535011,0.2945835577027875,246
10.23999999999987,4.773745921197721,7.4027304990945195,4.774912227835332,7.417387704641474,1.4703535140183266,0.3643203379137762,247
10.25999999999987,4.792781344560998,7.408866675214937,4.793342685055753,7.4159211519263915,0.7076775029877946,0.7076775029877946,247
10.27999999999987,4.811824055617642,7.4149751736968215,4.811782572630599,7.41445384881691,0.05229727226430049,0.05229727226430049,247
10.29999999999987,4.8314130300636355,7.4190090403473405,4.8309663700030905,7.413012628102672,0.6013024614758693,0.6013024614758693,248
10.319999999999869,4.851002004509629,7.42304290699786,4.850148439601454,7.4115837963248365,1.149085682049255,1.149085682049255,248
10.339999999999868,4.870590978955624,7.427076773648379,4.869414739431297,7.410204925267787,1.6912800099222507,1.6912800099222507,249
10.359999999999868,4.890179953401618,7.431110640298898,4.88862910018208,7.408865374909112,2.229925958346019,2.229925958346019,249
10.379999999999868,4.909768927847613,7.435144506949417,4.9079559536697515,7.407542672249675,2.7661311504725723,2.7661311504725723,250
10.399999999999867,4.9293579022936065,7.439178373599937,4.927196960332607,7.406278863208889,3.29704026989282,3.29704026989282,250
10.419999999999867,4.948946876739601,7.443212240250456,4.94659765238965,7.405041234848664,3.824322826893726,3.824322826893726,251
10.439999999999866,4.968765913711117,7.445355292935471,4.96621050708222,7.403834166935969,4.159968758663362,4.159968758663362,251
10.459999999999866,4.988750650376297,7.4461365102057355,4.986071933736457,7.4026118007281685,4.360706201916349,4.360706201916349,251
10.479999999999865,5.008735387041478,7.446917727476,5.006124566224963,7.401434250889255,4.555834750902341,4.555834750902341,252
10.499999999999865,5.028720123706659,7.447698944746266,5.025998974947991,7.4002934295645915,4.748354999583306,4.748354999583306,252
10.519999999999865,5.048704860371839,7.448480162016531,5.04605205996028,7.399168284750339,4.938318124158783,4.938318124158783,253
10.539999999999864,5.06868959703702,7.449261379286796,5.065937221307688,7.3980985350849275,5.1236824637950065,5.1236824637950065,253
10.559999999999864,5.088674333702201,7.4500425965570605,5.085822382655096,7.397028785419517,5.3090468034311415,5.3090468034311415,253
10.579999999999863,5.1086590703673815,7.450823813827326,5.105894278948788,7.396015855327454,5.487764924367655,5.487764924367655,254
10.599999999999863,5.128643807032563,7.451605031097591,5.125788980898945,7.39501226565302,5.666472564936161,5.409545116166433,254
10.619999999999862,5.148628543697743,7.452386248367856,5.145864281835463,7.394036917527998,5.841477170290407,5.200992194951678,255
10.639999999999862,5.168613280362924,7.4531674656381215,5.165767339818275,7.393094023010911,6.014081714333807,4.9924392737370225,255
10.659999999999862,5.188595776746904,7.453082121834085,5.185879704845798,7.3921517428240415,6.099088565416605,4.679874653497622,256
10.679999999999861,5.208576207011755,7.452197584423112,5.205859862702702,7.391261094411599,6.099700272413842,4.261022168172846,256
10.69999999999986,5.228556637276607,7.451313047012137,5.225840020559609,7.390370445999157,6.100311979410897,3.8421696828479677,256
10.71999999999986,5.2485370675414575,7.4504285096011635,5.245961287644067,7.38950746395348,6.0975474125970734,3.414053721814813,257
10.73999999999986,5.268517497806308,7.449543972190189,5.2659433956629496,7.388662607933769,6.093575728229956,2.9646884184424778,257
10.75999999999986,5.288497928071159,7.448659434779215,5.286066766171429,7.387846779788897,6.086123195560686,2.5153231150702138,258
10.779999999999859,5.30847835833601,7.447774897368241,5.306050619544728,7.3870478674089215,6.077553852759164,2.0452787314936107,258
10.799999999999859,5.3284587886008605,7.446890359957267,5.3260344729180265,7.386248955028946,6.068984509957732,1.5680267586948398,258
10.819999999999858,5.348439218865711,7.446005822546293,5.346159700723048,7.385479180311588,6.056955194791098,1.0907747858958772,259
10.839999999999858,5.368365722549896,7.444356592123667,5.366120005416085,7.384727447273029,5.967141829270943,0.5281535373949469,259
10.859999999999857,5.388272543695805,7.442428258162767,5.38617997128695,7.383979688923657,5.848601632343735,0.0759399926743154,260
10.879999999999857,5.408179364841715,7.440499924201867,5.406130258674102,7.383265429849764,5.727116359763448,0.6800335227435776,260
10.899999999999856,5.428086185987624,7.438571590240967,5.426080546061254,7.382551170775871,5.60563108718325,1.2841270528129267,260
10.919999999999856,5.447993007133533,7.436643256280067,5.446122133902286,7.381854556561112,5.482063282689489,1.8932114715686166,261
10.939999999999856,5.467899828279442,7.434714922319166,5.466071540544695,7.381173342897381,5.357278565671539,2.5120659651758226,261
10.959999999999855,5.487806649425352,7.432786588358266,5.486090659655889,7.38049052447671,5.232420967766932,3.130920458783008,262
10.979999999999855,5.507713470571261,7.430858254397366,5.5060392766768285,7.379835950878199,5.104976377612473,3.0387883838733605,262
10.999999999999854,5.52762029171717,7.428929920436466,5.525987893697769,7.379181377279689,4.977531787457922,2.5864217716774727,262
11.019999999999854,5.547527112863079,7.427001586475566,5.546000299730392,7.3785487584567395,4.847687800760366,2.108070751898105,263
11.039999999999853,5.567433934008989,7.425073252514665,5.565948077821299,7.377920177405799,4.717647995381699,1.62912326431633,263
11.059999999999853,5.587338552197581,7.4231247496812705,5.585894290057757,7.377291645697016,4.585585364988836,1.1482120169769996,263
11.079999999999853,5.6071922677677515,7.420710214931317,5.605856800787598,7.376679912743718,4.405055031195799,0.6080256764023935,264
11.099999999999852,5.627045983337923,7.418295680181363,5.625765435831314,7.376076071220953,4.2239024405005425,0.062176422932570766,264
11.119999999999852,5.6468996989080935,7.41588114543141,5.6457150979667885,7.375482730543304,4.0415779156929155,0.4836728305372658,265
11.139999999999851,5.666753414478264,7.413466610681456,5.665622497739178,7.374898986736161,3.8584201293488483,1.0295220840071024,265
11.159999999999851,5.6866071300484355,7.411052075931503,5.685529897511569,7.374315242929018,3.6752623430047775,1.5752618356844579,265
11.17999999999985,5.706460845618606,7.408637541181549,5.705471654975403,7.373736862675452,3.4914694017197725,2.1209679799998233,266
11.19999999999985,5.726314561188778,7.4062230064315955,5.72537781460164,7.373172661986891,3.306361689352962,2.666674124315188,266
11.21999999999985,5.746168276758948,7.403808471681642,5.745283974227878,7.37260846129833,3.1212539769862384,2.901867940805457,266
11.23999999999985,5.766021992329119,7.401393936931688,5.765212614955081,7.372052421483896,2.9352676547576566,2.7114970598077397,267
11.259999999999849,5.78587570789929,7.398979402181735,5.785117788604558,7.371503342919537,2.7486510768686823,2.521220684583817,267
11.279999999999848,5.805754602210896,7.396785520036101,5.805042039839568,7.3709537381053964,2.584160797722338,2.3530670627876002,267
11.299999999999848,5.825641890235491,7.394665195762133,5.824988802490017,7.370414148984082,2.4259839105701366,2.1923548918718696,268
11.319999999999848,5.845529178260086,7.392544871488165,5.844918737466799,7.369877430036626,2.2675659635853638,2.0316868920172224,268
11.339999999999847,5.865416466284681,7.390424547214197,5.864859364328421,7.369340689956236,2.1091216168436704,1.8710227132159658,269
11.359999999999847,5.885303754309276,7.38830422294023,5.884788763636118,7.3688140924173915,1.9496933173981614,1.7104498716170833,269
11.379999999999846,5.905191042333871,7.386183898666261,5.904718162943816,7.368287494878546,1.790265017952652,1.5498770300180236,269
11.399999999999846,5.925078330358466,7.384063574392293,5.924654903552162,7.36776752418409,1.6301550314267184,1.389415647680735,270
11.419999999999845,5.944965618383061,7.381943250118326,5.94458383005436,7.367249702896473,1.4698506464561512,1.2289576293705262,270
11.439999999999845,5.964852906407656,7.3798229258443575,5.964512756556557,7.366731881608856,1.3095462614854974,1.0684996110601397,270
11.459999999999845,5.984740194432251,7.377702601570389,5.984447123614554,7.366222506820152,1.1483834985692634,0.9081407519512384,271
11.479999999999844,6.00463645093671,7.375675355995226,6.004382141028038,7.36571359361157,0.9965007943703743,0.7571298422781653,271
11.499999999999844,6.0245627106438295,7.373959496419264,6.024339198030226,7.365204117763008,0.8758231174322254,0.6374098088572842,271
11.519999999999843,6.044488970350948,7.372243636843302,6.044299358867248,7.364698668121968,0.7547350894231262,0.5177229271176285,272
11.539999999999843,6.064415230058068,7.370527777267339,6.064256135690186,7.364197137339928,0.6332638700291593,0.39804542086369726,272
11.559999999999842,6.084341489765188,7.368811917691377,6.084212912513125,7.363695606557888,0.5117926506351014,0.27852610075698436,272
11.579999999999842,6.1042677494723065,7.367096058115415,6.104170869302968,7.363197564987539,0.3899696710682263,0.1590067806502692,273
11.599999999999842,6.124194009179426,7.3653801985394525,6.124127444971714,7.362701630695292,0.2679394799114003,0.03948746054364284,273
11.619999999999841,6.14412287309102,7.363695366571647,6.144092045869722,7.362228525607189,0.14671648621012273,0.07678102315257959,274
11.63999999999984,6.164056369084438,7.362065723211769,6.164050975192023,7.361809067502316,0.025671238238604847,0.025671238238604847,274
11.65999999999984,6.183989865077855,7.360436079851892,6.184009904514323,7.361389609397442,0.0953740097327354,0.0953740097327354,274
11.67999999999984,6.203923361071273,7.3588064364920145,6.203944774862917,7.361055141179164,0.2248806643640116,0.2248806643640116,275
11.69999999999984,6.22385685706469,7.357176793132138,6.22389198064096,7.360865189465693,0.36885635658067284,0.36885635658067284,275
11.719999999999839,6.243790353058108,7.35554714977226,6.243839186419003,7.360675237752223,0.5128320487974228,0.5128320487974228,275
11.739999999999839,6.263723849051525,7.353917506412382,6.263762492821581,7.360515637550687,0.659824430126939,0.659824430126939,276
11.759999999999838,6.283657345044943,7.3522878630525055,6.2837048492106184,7.36039883965466,0.8111115711568153,0.8111115711568153,276
11.779999999999838,6.30359084103836,7.350658219692628,6.303647205599654,7.360282041758631,0.9623987121866913,0.9623987121866913,276
11.799999999999837,6.3235243370317775,7.349028576332751,6.323589561988692,7.360165243862603,1.1136858532165677,1.1136858532165677,276
11.819999999999837,6.3434578330251945,7.347398932972873,6.343696096514482,7.359822602503659,1.2425954051922807,1.2425954051922807,277
11.839999999999836,6.363439779157965,7.346598378503927,6.363686043471055,7.3594392315116375,1.284321424245221,1.284321424245221,277
11.859999999999836,6.383427410970262,7.345895118569,6.384072721419289,7.358754016794834,1.2875080161226091,1.2875080161226091,278
11.879999999999836,6.403415042782558,7.345191858634072,6.404045345944916,7.357751711381529,1.2575658357091457,0.755072061522991,278
11.899999999999835,6.423402674594854,7.344488598699144,6.424017970470542,7.356749405968224,1.2276236552957667,0.054063731180157615,278
11.919999999999835,6.44339030640715,7.343785338764216,6.4445245207605035,7.355214827706378,1.1485628397190815,0.9644956576207427,279
11.939999999999834,6.463377938219446,7.343082078829288,6.464386346990469,7.353243823708926,1.0211657419260012,1.0211657419260012,279
11.959999999999834,6.483365570031742,7.34237881889436,6.484248173220437,7.351272819711474,0.8937686441328412,0.8664783604463221,279
11.979999999999833,6.503353201844038,7.341675558959432,6.504455817200752,7.3486114804375395,0.7023016971027021,0.23043273922635235,280
11.999999999999833,6.523340833656334,7.3409722990245045,6.524059815076403,7.345494999205897,0.4579492462399341,0.4579492462399341,280
12.019999999999833,6.543328465468631,7.340269039089577,6.543663812952055,7.342378517974254,0.2135967953770784,0.2135967953770784,280
12.039999999999832,6.563316097280927,7.339565779154649,6.563083119863881,7.338539217106313,0.10526671439423668,0.10526671439423668,281
12.059999999999832,6.583303729093222,7.338862519219721,6.582243483568929,7.334190788238422,0.47905313831993707,0.47905313831993707,281
12.079999999999831,6.603291360905518,7.338159259284793,6.601403847273978,7.32984235937053,0.852839562245531,0.852839562245531,281
12.099999999999831,6.623226097770093,7.336896638488667,6.619608916590799,7.324945837119592,1.2486218524714292,1.2486218524714292,282
12.11999999999983,6.642991257296927,7.333840747640032,6.638562645386258,7.31920906106926,1.528721215135849,1.1963482642400833,282
12.13999999999983,6.662756416823762,7.330784856791397,6.657516374181718,7.3134722850189275,1.8088205778002433,0.9825776337627238,282
12.15999999999983,6.682521576350596,7.327728965942763,6.674565652071602,7.307503166223857,2.173429790451833,0.7375444271290891,283
12.17999999999983,6.702286735877431,7.324673075094128,6.692723351509663,7.300360740024764,2.612561878866624,0.39142113136610734,283
12.199999999999829,6.722051895404265,7.321617184245493,6.710881050947723,7.293218313825671,3.0516939672813326,0.03539999358224076,283
12.219999999999828,6.7418170549311,7.318561293396859,6.729038750385784,7.286075887626577,3.490826055696124,0.5156068257152046,283
12.239999999999828,6.761582214457934,7.315505402548224,6.743942562647989,7.279053596664308,4.049557343926306,1.1238590025476978,284
12.259999999999827,6.781347373984769,7.312449511699589,6.7611556356975315,7.2707238964530205,4.635443088600027,1.7322215341834903,284
12.279999999999827,6.801112533511603,7.309393620850955,6.774791627506642,7.263999567197549,5.247294731583409,2.487443409680225,285
12.299999999999827,6.820877693038437,7.30633773000232,6.790909713395217,7.254653791936051,5.974369638660095,3.246804179967959,285
12.319999999999826,6.840038794618354,7.300753100162136,6.80767304833059,7.244933880898088,6.452384653763089,3.821554695292596,285
12.339999999999826,6.859051183403794,7.294545921038631,6.824595236881534,7.235121861516685,6.8690837095006145,4.380130274686757,285
12.359999999999825,6.878063572189234,7.288338741915126,6.836631307034216,7.227961871199857,7.322567250113875,4.997121587128512,286
12.379999999999825,6.897075960974673,7.282131562791622,6.852452775081045,7.217104745756089,7.886517389234606,5.637073946853712,286
12.399999999999824,6.916088349760113,7.275924383668117,6.868274243127875,7.206247620312321,8.450467528355214,6.27702630657884,286
12.419999999999824,6.935100738545553,7.269717204544612,6.884095711174704,7.195390494868552,9.014417667476014,6.9722933478921085,286
12.439999999999824,6.954113127330992,7.263510025421108,6.895653468481953,7.186608946936415,9.659869349455485,7.672831679034068,287
12.459999999999823,6.973125516116432,7.257302846297603,6.910693168586387,7.175175872724433,10.31631610915472,8.402406722207486,287
12.479999999999823,6.991266627682422,7.249010609425665,6.926185224368051,7.163398920909034,10.754045874942339,8.915645446645842,287
12.499999999999822,7.009042807571393,7.239845052783815,6.939234695096465,7.15315644479992,11.130178489807689,9.345174698628906,288
12.519999999999822,7.026818987460363,7.230679496141967,6.95449552283962,7.140867291653607,11.531225264388333,9.786135724560866,288
12.539999999999822,7.044595167349334,7.2215139395001176,6.969756350582777,7.128578138507294,11.93227203896892,10.227233421324025,288
12.559999999999821,7.062371347238304,7.212348382858269,6.983599139310851,7.1171286455074965,12.357936366123589,10.668407499778851,289
12.57999999999982,7.0801475271272745,7.20318282621642,6.99865433614689,7.10467396826775,12.7848094512654,11.108753795260107,289
12.59999999999982,7.097923707016245,7.194017269574571,7.013709532982929,7.092219291028004,13.21168253640728,11.540960774907388,289
12.61999999999982,7.115699886905215,7.184851712932722,7.028464922331786,7.079961509296619,13.642541501842913,11.966535333464847,290
12.63999999999982,7.133476066794186,7.1756861562908725,7.043478892835517,7.067474707482949,14.074519165377094,12.38323749664203,290
12.659999999999819,7.150740488444301,7.165683932563573,7.058601677670592,7.054897407090663,14.409446442231221,12.692662308252329,290
12.679999999999819,7.1669965834414215,7.154033208318077,7.074872117700573,7.041383029962936,14.552312486846144,12.793882551283383,291
12.699999999999818,7.183252678438541,7.142382484072582,7.090322866080388,7.028747524537463,14.679527939777046,12.895102794314564,291
12.719999999999818,7.199508773435662,7.130731759827086,7.1057736144602055,7.016112019111991,14.80674339270782,12.982306444339079,291
12.739999999999817,7.215764868432783,7.11908103558159,7.122845851701996,7.002179214648571,14.933177628245042,13.048411145469114,292
12.759999999999817,7.232020963429902,7.107430311336095,7.138483140962467,6.989749968202098,15.032626980034,13.09962606751491,292
12.779999999999816,7.248277058427023,7.095779587090599,7.15412043022294,6.977320721755624,15.13207633182296,13.149831827689873,292
12.799999999999816,7.264533153424143,7.084128862845103,7.172069084595778,6.963385870194823,15.208048625133399,13.169497108541822,293
12.819999999999816,7.2807892484212635,7.072478138599608,7.187939941696429,6.951232088090297,15.271410715251116,13.187331719046947,293
12.839999999999815,7.297045343418384,7.060827414354112,7.203810798797081,6.939078305985772,15.334772805368688,13.181726860111787,293
12.859999999999815,7.313301438415504,7.049176690108616,7.223037053918405,6.924854944582341,15.3634486751315,13.16233516606956,294
12.879999999999814,7.328854871341495,7.0366412264153135,7.239181360576217,6.91313329526483,15.262879017420994,13.017355456018176,294
12.899999999999814,7.343883784345786,7.023445326525217,7.25529619601322,6.901433043664954,15.078049600446636,12.784468120563568,294
12.919999999999813,7.3589126973500765,7.010249426635122,7.274493460082572,6.887599182771699,14.88948956162849,12.528153860525482,295
12.939999999999813,7.373941610354367,6.997053526745026,7.290854178354529,6.8763382238517545,14.654591672558452,12.268623454953644,295
12.959999999999813,7.388970523358659,6.98385762685493,7.307214896626486,6.86507726493181,14.419693783488535,11.991162159951585,295
12.979999999999812,7.40399943636295,6.970661726964834,7.326829314576423,6.852076542646412,14.14838281796956,11.710986798940493,296
12.999999999999812,7.419028349367241,6.957465827074738,7.3434197555416745,6.841280199434237,13.862092024833931,11.415158777316833,296
13.019999999999811,7.434057262371532,6.944269927184642,7.360010196506926,6.830483856222063,13.575801231698376,11.113667348348155,296
13.03999999999981,7.449086175375823,6.931074027294546,7.379829680988436,6.8176763571165155,13.28739764462381,10.794847916204748,297
13.05999999999981,7.464115088380114,6.9178781274044505,7.396645500745282,6.807406263165017,12.944565672184646,10.471844621654592,297
13.07999999999981,7.479144001384405,6.904682227514354,7.413461320502128,6.79713616921352,12.601733699745285,10.14884132710436,297
13.09999999999981,7.493125571043646,6.890440749172439,7.429979423034971,6.787047903082831,12.115080119769251,9.691774056074328,297
13.11999999999981,7.506296105392472,6.875389602207295,7.448285098857743,6.776276554607171,11.484194827569265,9.136820984704528,298
13.139999999999809,7.5194666397412995,6.860338455242151,7.464656584265832,6.766694301109896,10.850516017392595,8.596328928642755,298
13.159999999999808,7.532637174090127,6.845287308277007,7.48102806967392,6.757112047612621,10.216837207216047,8.134451551378865,298
13.179999999999808,7.545807708438953,6.830236161311864,7.497208620686483,6.747614123301752,9.585547712737393,7.672574174114797,299
13.199999999999807,7.55897824278778,6.81518501434672,7.5135711153217155,6.737989544535859,8.955974421602022,7.262306726421033,299
13.219999999999807,7.572148777136607,6.800133867381576,7.529933609956948,6.728364965769965,8.326401130466653,6.928356777986694,299
13.239999999999807,7.585319311485433,6.785082720416432,7.5448738440682925,6.719537570530254,7.701949433872289,6.606779698053641,300
13.259999999999806,7.59848984583426,6.770031573451289,7.561138750361141,6.709501103474299,7.112694376027506,6.395838894403609,300
13.279999999999806,7.611660380183086,6.754980426486145,7.577403656653989,6.6994646364183446,6.523439318182602,6.21922802203052,300
13.299999999999805,7.6248309145319135,6.739929279521001,7.593668562946838,6.689428169362389,5.934184260337822,5.934184260337822,300
13.319999999999805,7.638001448880741,6.724878132555857,7.608136250325076,6.680043396113583,5.38709910491485,5.38709910491485,301
13.339999999999804,7.650817726043706,6.709525375424416,7.624097196502645,6.669411531970853,4.819862171858913,4.819862171858913,301
13.359999999999804,7.663575270733397,6.694122614194996,7.640040532612649,6.658791398200735,4.245207559172248,4.245207559172248,301
13.379999999999804,7.6763328154230885,6.6787198529655765,7.654728277355765,6.648912989213491,3.681311168371684,3.681311168371684,302
13.399999999999803,7.68909036011278,6.663317091736157,7.670410954743591,6.637545909354271,3.182882382851852,3.182882382851852,302
13.419999999999803,7.701847904802471,6.647914330506737,7.686093632131418,6.626178829495052,2.6844535973319683,2.6844535973319683,302
13.439999999999802,7.714605449492162,6.632511569277318,7.700812639476494,6.615137940676594,2.2182979486178147,2.2182979486178147,303
13.459999999999802,7.727362994181854,6.617108808047898,7.716138778581301,6.602970619168553,1.805190850397071,1.805190850397071,303
13.479999999999801,7.740120538871545,6.601706046818478,7.731464917686108,6.590803297660511,1.3920837521763416,1.3920837521763416,303
13.499999999999801,7.752878083561235,6.586303285589058,7.746513783,6.578856102,0.9796165833778057,0.9796165833778057,303
13.5199999999998,7.7648418928184215,6.570331833482227,7.760939776038502,6.5659650803306,0.5856197439581968,0.5856197439581968,304
13.5399999999998,7.775323847379693,6.5532986708699745,7.775230860880361,6.553194612198254,0.013955176895373783,0.013955176895373783,304
13.5599999999998,7.785805801940965,6.536265508257723,7.78952194572222,6.540424144065909,0.5577093901673901,0.5577093901673901,304
13.5799999999998,7.796287756502236,6.519232345645471,7.803813030564079,6.527653675933563,1.129373957230213,1.129373957230213,304
13.599999999999799,7.806769711063509,6.502199183033219,7.818049542958118,6.513363869466124,1.5870879960346869,1.5870879960346869,305
13.619999999999798,7.81725166562478,6.485166020420967,7.831752879871743,6.4995192050673705,2.040340962021042,2.040340962021042,305
13.639999999999798,7.827733620186051,6.468132857808715,7.845456216785368,6.485674540668617,2.4935939280072708,2.4935939280072708,305
13.659999999999798,7.8382155747473234,6.451099695196463,7.859713189246197,6.470081190616063,2.8678294884920343,2.8678294884920343,306
13.679999999999797,7.848697529308595,6.434066532584211,7.872756156056475,6.455309294819094,3.20947420672235,3.20947420672235,306
13.699999999999797,7.859179483869867,6.417033369971959,7.885799122866754,6.4405373990221255,3.5511189249525987,3.5511189249525987,306
13.719999999999796,7.869661438431138,6.4000002073597075,7.899793280049087,6.4236137810519995,3.8282224880621065,3.8282224880621065,307
13.739999999999796,7.878692067508963,6.382176253191229,7.911882838016463,6.408187033256393,4.2168565620374725,4.2168565620374725,307
13.759999999999796,7.8873218927870745,6.364133910891261,7.923925927485371,6.3928195810783945,4.650508606893539,4.650508606893539,307
13.779999999999795,7.895951718065186,6.346091568591292,7.937199823830945,6.374994270933999,5.03663819623207,5.03663819623207,308
13.799999999999795,7.904581543343299,6.3280492262913235,7.948520829508657,6.358837648828841,5.365247273956646,5.365247273956646,308
13.819999999999794,7.91321136862141,6.310006883991354,7.96167037016746,6.339744217508459,5.685581619805981,5.685581619805981,309
13.839999999999794,7.921841193899522,6.291964541691386,7.972074182646995,6.322790499558574,5.893719400288302,5.893719400288302,309
13.859999999999793,7.930471019177634,6.273922199391417,7.982477995126532,6.30583678160869,6.10185718077067,6.10185718077067,309
13.879999999999793,7.939100844455746,6.255879857091449,7.992881807606067,6.288883063658806,6.3099949612529915,6.3099949612529915,309
13.899999999999793,7.9446459427070195,6.236736269295938,8.004638752380393,6.268036780433898,6.766726837994232,6.766726837994232,310
13.919999999999792,7.949393158647389,6.217307838046465,8.013622162251703,6.250818531305248,7.244536884223331,7.244536884223331,310
13.939999999999792,7.954140374587759,6.197879406796993,8.022605572123014,6.233600282176599,7.722346930452472,7.722346930452472,310
13.959999999999791,7.9588875905281276,6.17845097554752,8.03296109855662,6.211931288383044,8.12884735938119,8.12884735938119,311
13.97999999999979,7.963634806468497,6.159022544298048,8.041058160455975,6.194016946227537,8.496460385991893,8.496460385991893,311
13.99999999999979,7.968382022408867,6.139594113048575,8.050793929820678,6.170528629583743,8.802651189566435,8.802651189566435,312
14.01999999999979,7.9731292383492365,6.120165681799102,8.057772308334924,6.151937697886239,9.040968036025374,9.040968036025374,312
14.03999999999979,7.977876454289605,6.10073725054963,8.06475068684917,6.133346766188735,9.279284882484397,9.279284882484397,312
14.059999999999789,7.982623670229975,6.0813088193001565,8.073484057884322,6.10852472120321,9.484890806485256,9.484890806485256,313
14.079999999999789,7.9873708861703445,6.061880388050684,8.079215274684088,6.089391033037641,9.587610384794479,9.587610384794479,313
14.099999999999788,7.992118102110714,6.042451956801211,8.086180194081717,6.064418245333638,9.659293440956812,9.659293440956812,314
14.119999999999788,7.996865318051083,6.023023525551739,8.090728174586244,6.044943286700202,9.638833832858614,9.638833832858614,314
14.139999999999787,8.000900880278893,6.0035023046510405,8.095259899901192,6.025537934597473,9.689785122084784,9.689785122084784,314
14.159999999999787,8.001294074132671,5.983506170059742,8.10003982256525,5.998724889113215,9.991162216248298,9.991162216248298,315
14.179999999999787,8.00168726798645,5.963510035468444,8.103059250675939,5.979133510392007,10.256886390657407,10.256886390657407,315
14.199999999999786,8.002080461840226,5.943513900877145,8.106078678786627,5.959542131670799,10.522610565066705,10.522610565066705,315
14.219999999999786,8.002473655694004,5.923517766285846,8.108778315301455,5.93160322776247,10.661170358617301,10.661170358617301,316
14.239999999999785,8.002866849547782,5.903521631694547,8.110292721716357,5.911692371850427,10.773615459015552,10.773615459015552,316
14.259999999999785,8.00326004340156,5.883525497103248,8.111329138112655,5.883886671693133,10.80696982449747,10.80696982449747,317
14.279999999999784,8.003653237255337,5.86352936251195,8.111395970259917,5.863889446377833,10.774333471582647,10.774333471582647,317
14.299999999999784,8.004046431109115,5.843533227920651,8.110895425679272,5.837124753268726,10.704100236833474,10.704100236833474,318
14.319999999999784,8.004439624962894,5.823537093329352,8.109701826978744,5.817223789623144,10.545135834550749,10.545135834550749,318
14.339999999999783,8.004832818816672,5.803540958738053,8.10718203239389,5.790915352513894,10.312500886013344,10.312500886013344,319
14.359999999999783,8.005226012670448,5.783544824146754,8.104758214000096,5.771266719247943,10.028664398329324,10.028664398329324,319
14.379999999999782,8.004138055876588,5.76361176842111,8.100344513146739,5.743941944688638,9.819666178715,9.819666178715,320
14.399999999999782,8.002046188667633,5.743721466975931,8.09635709260451,5.724439197270486,9.626189550587739,9.626189550587739,320
14.419999999999781,7.999954321458678,5.723831165530752,8.090598795969646,5.697733754706174,9.432653715215169,9.432653715215169,321
14.439999999999781,7.997862454249723,5.703940864085573,8.085150415807586,5.678809825430371,9.083367952921588,9.083367952921588,321
14.45999999999978,7.995770587040767,5.684050562640395,8.07789474419986,5.654505480419394,8.727708217245214,8.727708217245214,322
14.47999999999978,7.993678719831812,5.6641602611952155,8.07131928854248,5.636228199965069,8.251216852247024,8.251216852247024,322
14.49999999999978,7.9915868526228575,5.644269959750037,8.061689598967293,5.612719195580684,7.687552123206959,7.687552123206959,323
14.51999999999978,7.989494985413902,5.624379658304858,8.053893181570814,5.595396310207544,7.06198423617198,7.06198423617198,323
14.539999999999779,7.986055255013109,5.604745533906502,8.043088428473508,5.573190910939245,6.518034293841797,6.518034293841797,324
14.559999999999778,7.980704093668802,5.5854746991485795,8.033671153657314,5.556169726161549,6.053338653666475,6.052399559962396,324
14.579999999999778,7.975352932324495,5.566203864390656,8.020474174907093,5.536054619735874,5.426696495522452,5.426696495522452,325
14.599999999999778,7.970001770980188,5.546933029632733,8.009920493064621,5.520260020434755,4.800993431082409,4.800993431082409,325
14.619999999999777,7.964650609635881,5.52766219487481,7.996211105949001,5.502600627875674,4.0300708033267085,4.0300708033267085,326
14.639999999999777,7.959299448291574,5.508391360116887,7.982046697300659,5.48668740823934,3.1440401787893952,3.1440401787893952,327
14.659999999999776,7.953948286947266,5.489120525358963,7.969871835039807,5.473927306988589,2.2008936101168457,2.2008936101168457,327
14.679999999999776,7.9485971256029595,5.46984969060104,7.955930373812026,5.461026600029848,1.1472726638564827,1.1472726638564827,328
14.699999999999775,7.943245964258653,5.450578855843117,7.943292570580491,5.450522780856011,0.007291469957592181,0.007291469957592181,328
14.719999999999775,7.93626642109892,5.431902839774131,7.930159713983425,5.441130046796104,1.10649546416054,1.10649546416054,329
14.739999999999775,7.927936464967517,5.413720105357965,7.917995108,5.433079324,2.1762580839269274,2.1762580839269274,329
14.759999999999774,7.919606508836113,5.395537370941797,7.904330379852762,5.426291894948856,3.433949422482406,3.433949422482406,330
14.779999999999774,7.907959366692509,5.3794155695677075,7.888565019667252,5.418461057586276,4.359691309191843,4.359691309191843,330
14.799999999999773,7.895348334922801,5.363892622756507,7.878310099583819,5.414282011150848,5.319202878460575,5.319202878460575,331
14.819999999999773,7.882737303153092,5.348369675945305,7.8622827270694735,5.408862652959241,6.385757551590227,6.385757551590227,331
14.839999999999772,7.870126271383383,5.332846729134104,7.854284618,5.406158241,7.500357160817495,7.500357160817495,331
14.859999999999772,7.857515239613675,5.3173237823229025,7.839625989602572,5.403101117970452,8.762292266725662,8.762292266725662,332
14.879999999999772,7.844904207843967,5.301800835511702,7.824438171200616,5.3999336299800085,10.024422180877016,10.024422180877016,332
14.899999999999771,7.830483062988193,5.2879945535920605,7.820586943156659,5.399513222045188,11.195689617562072,11.195689617562072,333
14.91999999999977,7.815649731662112,5.274579178764249,7.80468833408436,5.398102386149131,12.400860857015598,12.400860857015598,333
14.93999999999977,7.80081640033603,5.261163803936438,7.793016517,5.397066634,13.61264757471558,13.61264757471558,333
14.95999999999977,7.783834140677763,5.250894061938629,7.788177659284372,5.3972102795156545,14.638067386077097,14.638067386077097,334
14.97999999999977,7.765881233996298,5.24421047022537,7.770438792932684,5.397736872516312,15.359403485766904,15.359403485766904,334
14.999999999999769,7.750175324826424,5.2543763539079595,7.762377591,5.397976176,14.411732791249124,14.411732791249124,334
15.019999999999769,7.745530701802538,5.273829566418133,7.762377591,5.397976176,12.528446969319115,12.528446969319115,334
15.039999999999768,7.7456405363605745,5.29377465403555,7.759924243146945,5.398311396903356,10.550807973311226,10.550807973311226,335
15.059999999999768,7.746204327168177,5.3137667059543805,7.757796089625897,5.398602183855934,8.56237541086657,8.56237541086657,335
15.079999999999767,7.746768117975778,5.333758757873212,7.755667936104849,5.398892970808514,6.573942848421926,6.573942848421926,335
15.099999999999767,7.746629935857929,5.353750929384968,7.752850659238588,5.39927791829769,4.595001761520654,4.595001761520654,335
15.119999999999767,7.746072957049167,5.373743172245802,7.74962225173446,5.399719041915194,2.6217232841097298,2.6217232841097298,335
15.139999999999766,7.745230826001881,5.393724077386257,7.7461154389782525,5.400198206310317,0.6534285381226556,0.6534285381226556,335
15.159999999999766,7.74419876325983,5.413697430797651,7.738141526,5.401287747,1.3809068584794904,1.3115466878755289,336
15.179999999999765,7.74316675452894,5.433670786671083,7.734985386324895,5.402105790527324,3.260803225043922,3.260803225043922,336
15.199999999999765,7.742377386987226,5.453655203071971,7.702513109,5.410522318,5.8733350271159335,5.1755152669329565,337
15.219999999999764,7.741588019445512,5.473639619472859,7.702513109,5.410522318,7.423370104972935,7.090227308822013,337
15.239999999999764,7.740798651903798,5.493624035873747,7.673760215,5.422111822,9.80211648350966,9.00493935071096,338
15.259999999999764,7.739613731955886,5.513569009425379,7.651453143,5.433827677,11.887375463921174,10.90590884834177,339
15.279999999999763,7.736441268596034,5.533315793371894,7.651453143,5.433827677,13.08467301523231,12.657372263127911,339
15.299999999999763,7.733268805236182,5.553062577318411,7.619289506,5.455307503,15.015770113240636,14.36037976260865,340
15.319999999999762,7.73009634187633,5.572809361264926,7.619289506,5.455307503,16.15080232453937,15.925371734048024,340
15.339999999999762,7.726923878516479,5.592556145211442,7.593861471,5.476649444,17.646520246156165,17.391332665547143,341
15.359999999999761,7.723751415156627,5.612302929157958,7.574428882,5.495818716,18.938265713454523,16.450751521641614,342
15.379999999999761,7.720578951796775,5.6320497131044736,7.569513975794202,5.501506248423379,19.96552607511318,14.5858121597073,342
15.39999999999976,7.7158205107346935,5.651461710238468,7.546658066516686,5.527978423483537,20.943747191372175,12.692936324635257,343
15.41999999999976,7.710741177251186,5.670805969628874,7.535680344513953,5.543017043969997,21.674017781598174,10.790760645693208,343
15.43999999999976,7.705661843767678,5.69015022901928,7.5173612192293575,5.5696377162875885,22.356294622863526,8.888584966751111,344
15.45999999999976,7.70058251028417,5.709494488409685,7.5004296144513045,5.598144708736973,22.904138303687326,6.986409287809135,345
15.479999999999759,7.695503176800662,5.728838747800092,7.491010951352384,5.615074896651706,23.400701719585566,5.097492381083504,345
15.499999999999758,7.6867857408866245,5.746836992494144,7.4755605657987445,5.6462342952879085,23.395934962312364,3.1569522702313093,346
15.519999999999758,7.678051501929472,5.764829020446528,7.462785105743935,5.6751791507925216,23.318816534225974,1.24234071208782,347
15.539999999999758,7.66931726297232,5.782821048398911,7.455108677855595,5.693611714871852,23.204228736601273,0.6722708460556688,347
15.559999999999757,7.660497507401375,5.800766385743993,7.444823501043357,5.7212625810803415,22.986111453335038,2.5892499398479183,348
15.579999999999757,7.65008527355134,5.817842257207908,7.440039895,5.734239312,22.60719210742725,4.550316947419481,348
15.599999999999756,7.639673039701305,5.834918128671824,7.429928632922544,5.764249545109425,22.132953909880637,6.428098004450458,349
15.619999999999756,7.6292608058512705,5.85199400013574,7.426598187,5.774134311,21.710427971822547,8.291709113092681,349
15.639999999999755,7.6188485720012356,5.869069871599656,7.416907100209464,5.804392854336786,21.204592566575865,10.155320221734957,350
15.659999999999755,7.608436338151201,5.8861457430635715,7.413507894,5.815006218,20.75040490339361,11.928436489365742,350
15.679999999999755,7.598024104301166,5.903221614527487,7.404885432952191,5.842375984026061,20.249626446323244,13.567151180822323,351
15.699999999999754,7.586517405219427,5.91957205640541,7.400375261,5.856692355,19.647583745448042,15.251222609996265,351
15.719999999999754,7.574846338735709,5.935813552861482,7.393557583360573,5.878112593020373,19.02498714639546,16.86337609642935,352
15.739999999999753,7.563175272251992,5.952055049317556,7.387790147952891,5.8962331093799705,18.40544234833995,17.47490583779286,352
15.759999999999753,7.551504205768275,5.968296545773629,7.386887806,5.899068148,17.85808784023988,17.45878187149352,352
15.779999999999752,7.539833139284557,5.984538042229701,7.376422818053189,5.931024010606492,17.194965735792795,17.194965735792795,353
15.799999999999752,7.528253922091474,6.000845134328696,7.372816275,5.942036942,16.61904498408451,16.60896242042197,353
15.819999999999752,7.516678140268728,6.017154679852473,7.364805300595794,5.965666733293302,16.036323790445447,16.036323790445447,354
15.839999999999751,7.505102358445982,6.0334642253762505,7.361035034,5.976787804,15.48147625810992,15.472383640077576,354
15.85999999999975,7.4935265766232355,6.049773770900027,7.352837513068407,5.999922782443799,14.92599532828463,14.92599532828463,355
15.87999999999975,7.481950367590433,6.066083013192324,7.346411911972712,6.018057062804639,14.379556621077457,14.379556621077457,355
15.89999999999975,7.470373722709595,6.082391946121947,7.340681262075454,6.03398917505605,13.843035285729751,13.843035285729751,356
15.91999999999975,7.4587970778287564,6.09870087905157,7.333923382113708,6.052096528449428,13.328692875365483,13.328692875365483,356
15.939999999999749,7.447220432947918,6.115009811981194,7.327165502151962,6.070203881842807,12.814350465001297,12.814350465001297,356
15.959999999999749,7.43564378806708,6.131318744910817,7.320902537374861,6.086359240940544,12.323518818773936,12.323518818773936,357
15.979999999999748,7.424067143186242,6.14762767784044,7.313821862536222,6.104429847041263,11.840639548333577,11.840639548333577,357
15.999999999999748,7.412490498305404,6.1639366107700635,7.307401411724304,6.120706359002347,11.363349324186986,11.363349324186986,358
16.019999999999747,7.400913853424566,6.180245543699686,7.299987938296677,6.138727886035979,10.913182964782862,10.913182964782862,358
16.039999999999747,7.389151425116979,6.19641856225706,7.29259539490182,6.156698533929749,10.44066454840547,10.44066454840547,358
16.059999999999746,7.377112885510313,6.2123895848961626,7.28566385796046,6.173129776789984,9.952013450728407,9.952013450728407,359
16.079999999999746,7.365074345903648,6.228360607535266,7.278000921184634,6.190979281159185,9.475834978477018,9.475834978477018,359
16.099999999999746,7.353035806296982,6.2443316301743685,7.270804514484627,6.207385921100441,9.01497131005084,9.01497131005084,360
16.119999999999745,7.340997266690317,6.260302652813472,7.262812128260163,6.225174840581885,8.571393739363495,8.571393739363495,360
16.139999999999745,7.32935768849817,6.276562251526246,7.254778872620023,6.243054724479249,8.176034580768247,8.176034580768247,360
16.159999999999744,7.317957818558686,6.292995235593749,7.247198624752182,6.2596685903884115,7.821463283036609,7.821463283036609,361
16.179999999999744,7.306557948619202,6.309428219661253,7.238794389183188,6.2775124786573295,7.490336782326709,7.490336782326709,361
16.199999999999743,7.295158078679718,6.325861203728756,7.230390153614196,6.295356366926247,7.159210281616811,7.159210281616811,361
16.219999999999743,7.283758208740233,6.34229418779626,7.222226523253721,6.31223740800483,6.848034995706088,6.848034995706088,362
16.239999999999743,7.272358338800749,6.358727171863763,7.213549662273355,6.330000517844237,6.544983640973628,6.544983640973628,362
16.259999999999742,7.260958468861264,6.375160155931267,7.205131449050488,6.346850838997024,6.259451706208951,6.259451706208951,363
16.279999999999742,7.24955859892178,6.39159313999877,7.196171140027143,6.364520899723634,5.9859226195643735,5.9859226195643735,363
16.29999999999974,7.238030396026876,6.4079361574826015,7.187220870925814,6.382171161352776,5.696878852990818,5.696878852990818,363
16.31999999999974,7.226469186691586,6.424256036118964,7.178542386065825,6.39901967256252,5.4165046513175605,5.4165046513175605,364
16.33999999999974,7.2149079773562965,6.4405759147553265,7.169304737069617,6.4165630464603405,5.15390470264726,5.15390470264726,364
16.35999999999974,7.2033467680210075,6.456895793391689,7.1600670880734105,6.43410642035816,4.89130475397696,4.89130475397696,364
16.37999999999974,7.19199214407421,6.4733565279301235,7.150921148435439,6.451110914152556,4.670860750547624,4.670860750547624,365
16.39999999999974,7.181023256511429,6.49008026870888,7.1414295416876765,6.468634806423644,4.502854768002278,4.502854768002278,365
16.41999999999974,7.170054368948648,6.506804009487636,7.132062590333591,6.485640198886249,4.348887353688161,4.348887353688161,366
16.43999999999974,7.159085481385866,6.5235277502663935,7.12235500770645,6.503066565857872,4.204506824960326,4.204506824960326,366
16.459999999999738,7.148116593823085,6.54025149104515,7.11264742507931,6.5204929328294945,4.060126296232413,4.060126296232413,366
16.479999999999738,7.137147706260303,6.556975231823906,7.10311490247371,6.537415077239223,3.9253425085633933,3.9253425085633933,367
16.499999999999737,7.126178818697523,6.573698972602663,7.093166073608347,6.554725090777993,3.807688970779293,3.807688970779293,367
16.519999999999737,7.115209931134741,6.590422713381419,7.083217244742984,6.572035104316763,3.690035432995071,3.690035432995071,367
16.539999999999736,7.104241043571959,6.607146454160175,7.073473599367626,6.588948210201938,3.5746492219941244,3.5746492219941244,368
16.559999999999736,7.093272156009178,6.623870194938933,7.063302710614303,6.606143949139414,3.4819354494610746,3.4819354494610746,368
16.579999999999735,7.082303268446396,6.640593935717689,7.05313182186098,6.623339688076888,3.389221676928025,3.389221676928025,368
16.599999999999735,7.0713343808836155,6.6573176764964455,7.042960933107658,6.640535427014362,3.29650790439502,3.29650790439502,368
16.619999999999735,7.060365493320834,6.674041417275202,7.032818599479969,6.657377408974833,3.2195038948798773,3.2195038948798773,369
16.639999999999734,7.049396605758052,6.690765158053958,7.022473570291114,6.674478541890119,3.146591337975534,3.146591337975534,369
16.659999999999734,7.038427718195271,6.707488898832715,7.012257820270448,6.691361338882951,3.0740230111839995,3.0740230111839995,370
16.679999999999733,7.02745883063249,6.724212639611472,7.001769191538187,6.708381045779071,3.017609848985826,3.017609848985826,370
16.699999999999733,7.0164899430697085,6.740936380390228,6.991280562805928,6.725400752675193,2.9611966867874076,2.9611966867874076,370
16.719999999999732,7.005521055506927,6.757660121168985,6.980877550705452,6.7422183491312975,2.908179245789705,2.908179245789705,371
16.739999999999732,6.994552167944145,6.774383861947741,6.9702602903724,6.75916242170001,2.866683727194079,2.866683727194079,371
16.75999999999973,6.983583280381365,6.791107602726497,6.959643030039347,6.776106494268722,2.825188208598527,2.825188208598527,371
16.77999999999973,6.973734280114643,6.808470697758484,6.949109156503327,6.7928193949844955,2.9178073812293577,2.9178073812293577,372
16.79999999999973,6.964909001277972,6.826418245040911,6.938444892231834,6.809598114922474,3.1357070092836676,3.1357070092836676,372
16.81999999999973,6.956083722441301,6.84436579232334,6.927780627960341,6.826376834860453,3.3536066373379287,3.3536066373379287,372
16.83999999999973,6.94725844360463,6.862313339605768,6.917171875929639,6.842952882691589,3.577749077824799,3.577749077824799,373
16.85999999999973,6.937322815077091,6.879661901266735,6.906367820066547,6.859742618560438,3.681018255369289,3.681018255369289,373
16.87999999999973,6.927170444904991,6.896893540187297,6.895553503190927,6.876548300264099,3.759733755045784,3.759733755045784,373
16.89999999999973,6.917018074732892,6.9141251791078595,6.884778847744084,6.893182235592341,3.844443574732433,3.844443574732433,374
16.919999999999728,6.906865704560793,6.931356818028422,6.873894065803949,6.909938092066464,3.931781764219938,3.931781764219938,374
16.939999999999728,6.896713334388693,6.948588456948985,6.863071265482389,6.926541748714826,4.022245820755672,4.022245820755672,375
16.959999999999727,6.886555237063147,6.965816216098823,6.852121402890321,6.943250639127145,4.116909277487716,4.116909277487716,375
16.979999999999727,6.874317848584996,6.981635391906518,6.841192609750268,6.959927378710005,3.960453616440525,3.960453616440525,375
16.999999999999726,6.862080460106844,6.997454567714214,6.830263816610216,6.976604118292866,3.803997955393333,3.803997955393333,375
17.019999999999726,6.849843071628692,7.01327374352191,6.819379434884194,6.9929335161056985,3.663001522036168,3.663001522036168,376
17.039999999999726,6.8376056831505405,7.029092919329605,6.808300639052874,7.0095262711848685,3.5236902945436426,3.5236902945436426,376
17.059999999999725,6.8243878750081,7.044069519200302,6.797308645384756,7.025989022330731,3.2560544283601054,3.2560544283601054,376
17.079999999999725,6.810588673214836,7.0585464674239,6.786395400635014,7.041562050864576,2.955985189377999,2.955985189377999,377
17.099999999999724,6.7967894714215715,7.0730234156475,6.775031774659645,7.057748847729631,2.6584013870398397,2.6584013870398397,377
17.119999999999724,6.782990269628308,7.087500363871098,6.763668148684277,7.073935644594684,2.360817584701681,2.360817584701681,377
17.139999999999723,6.7691910678350435,7.101977312094697,6.752208770969663,7.089138453194729,2.128930963364522,2.128930963364522,378
17.159999999999723,6.755391866041779,7.116454260318296,6.740225870569816,7.104988551204529,1.9012361876871835,1.9012361876871835,378
17.179999999999723,6.741382297568657,7.1307111050363785,6.7282723453076825,7.120799793945881,1.6434869510210048,1.6434869510210048,378
17.199999999999722,6.72629622480958,7.143841619447772,6.716190016303913,7.135481358612854,1.3115998306949361,1.3115998306949361,379
17.21999999999972,6.711210152050504,7.156972133859167,6.703611762349601,7.150686441278285,0.9861311133320153,0.9861311133320153,379
17.23999999999972,6.696124079291428,7.170102648270562,6.6910335083952885,7.165891523943718,0.6606623959690379,0.6606623959690379,379
17.25999999999972,6.681038006532352,7.183233162681956,6.677986415880204,7.180478242683856,0.411117862713463,0.411117862713463,380
17.27999999999972,6.665951933773275,7.196363677093351,6.664681092073825,7.1952163845461765,0.1712109463166501,0.1712109463166501,380
17.29999999999972,6.650865861014199,7.209494191504745,6.6510083496991435,7.209636926473483,0.020168365486075705,0.020168365486075705,381
17.31999999999972,6.635779788255124,7.2226247059161395,6.6368870394511,7.223733870934432,0.15672435193023754,0.15672435193023754,381
17.33999999999972,6.6206937154960475,7.235755220327534,6.6227657292030555,7.237830815395381,0.2932803383743993,0.2932803383743993,381
17.35999999999972,6.604580540985571,7.247533020407446,6.608806337359381,7.251766120836048,0.5981345520159186,0.5981345520159186,381
17.37999999999972,6.5878802410713755,7.258537564140646,6.593920702908151,7.265302133248292,0.9068989712953631,0.9068989712953631,382
17.399999999999718,6.57117994115718,7.2695421078738445,6.5791619894720075,7.278481013359098,1.198403632231404,1.198403632231404,382
17.419999999999717,6.554479641242983,7.280546651607044,6.563465806964274,7.29183552003906,1.4428781128212633,1.4428781128212633,383
17.439999999999717,6.537779341328787,7.291551195340244,6.547880969543921,7.30424136325019,1.621984137343591,1.4968336146903782,383
17.459999999999717,6.521079041414591,7.302555739073442,6.532296132123569,7.31664720646132,1.801090161865974,1.4619422290973265,383
17.479999999999716,6.504378741500395,7.313560282806642,6.5167112947032155,7.32905304967245,1.980196186388302,1.4818891442448463,383
17.499999999999716,6.487678441586199,7.3245648265398415,6.499642877092643,7.341477679264752,2.0716956926208034,1.5018360593923652,384
17.519999999999715,6.470649703170158,7.334963603338452,6.483390956181076,7.352974560528068,2.2062051291173783,1.5325277246234292,384
17.539999999999715,6.452315367775566,7.342954357097553,6.465936146010369,7.364782511609048,2.572924268414062,1.143119193827642,385
17.559999999999715,6.4339810323809745,7.350945110856655,6.449151229679943,7.375256306950109,2.865604895277827,0.5290024652844418,385
17.579999999999714,6.415646696986382,7.358935864615756,6.432366313349516,7.385730102291171,3.158285522141741,0.17641349559133557,385
17.599999999999714,6.397312361591791,7.366926618374857,6.41558139701909,7.3962038976322315,3.4509661490055055,0.46611544315810094,385
17.619999999999713,6.378978026197198,7.374917372133958,6.396240604755224,7.407131453275573,3.6547826779038077,0.8527681684590359,386
17.639999999999713,6.360643690802606,7.382908125893059,6.378669834226857,7.416547112385563,3.816442399662941,0.8816624013334319,386
17.659999999999712,6.342309355408014,7.390898879652161,6.361099063698489,7.425962771495551,3.9781021214218755,0.9328382013627049,386
17.679999999999712,6.323975020013422,7.398889633411262,6.340862217845569,7.435763320858039,4.055670445863065,0.984014001391746,387
17.69999999999971,6.30564068461883,7.4068803871703635,6.322681544567861,7.444089600316946,4.092574313058125,1.0681804936067203,387
17.71999999999971,6.287306349224238,7.414871140929464,6.304500871290154,7.452415879775854,4.129478180253384,1.226614131108172,387
17.73999999999971,6.2689720138296465,7.422861894688566,6.283613500279633,7.460957581630834,4.081243057045729,1.43180530652875,388
17.75999999999971,6.249426733752571,7.427066949556949,6.26517559142813,7.468043905944253,4.3899173942706735,1.284259584857104,388
17.77999999999971,6.229858493242994,7.431200224694093,6.246741714067045,7.475128680816853,4.7061155985833185,1.1291797454317103,388
17.79999999999971,6.210290252733417,7.435333499831238,6.2250837591312305,7.482457718936929,4.9391698268669915,1.0404640966553294,389
17.81999999999971,6.19072201222384,7.439466774968381,6.206089818250186,7.488420406303975,5.130913644766031,1.0148519428355323,389
17.83999999999971,6.171011564315121,7.442752762568706,6.18720855139945,7.4943477223901835,5.407755791074289,0.9034543434213794,389
17.859999999999708,6.151166151240871,7.445234612667401,6.164684732236954,7.500393152812611,5.679099033384068,0.7106401163586404,390
17.879999999999708,6.131320738166622,7.447716462766097,6.1453900295694535,7.50512201257067,5.9104501596266505,0.6259622590060446,390
17.899999999999707,6.111475325092373,7.450198312864792,6.126095326901955,7.509850872328728,6.141801285869256,0.553617757435158,390
17.919999999999707,6.091629912018123,7.452680162963487,6.102686566235936,7.5145168581302215,6.281740580154437,0.5388807529872809,391
17.939999999999706,6.071784498943874,7.455162013062183,6.083025955693439,7.518032255773858,6.386734508711996,0.5888347079746197,391
17.959999999999706,6.051939085869624,7.457643863160878,6.0633653451509435,7.521547653417495,6.491728437269746,0.6387886629617817,391
17.979999999999706,6.032093672795375,7.460125713259573,6.039509169853377,7.524679978543888,6.497878702326575,0.6887426179490233,392
17.999999999999705,6.012248259721125,7.462607563358269,6.019640836434867,7.526962299740845,6.477794597962655,0.8367862237837062,392
18.019999999999705,5.9924028466468755,7.465089413456964,5.999772503016356,7.529244620937801,6.457710493598727,1.0075754275630757,392
18.039999999999704,5.972557433572626,7.4675712635556595,5.976304092150548,7.530901833485529,6.3441299940508555,1.213273270372159,393
18.059999999999704,5.952712020498376,7.470053113654354,5.956381579693965,7.5320804562623636,6.213579399751222,1.4893946779931737,393
18.079999999999703,5.932758253234704,7.469744825897235,5.932510382834719,7.532720181774671,6.2975843683311385,1.4866826599101632,394
18.099999999999703,5.912780135554797,7.468809510994228,5.91252889331793,7.532641534822545,6.383251826992649,1.4444865198113888,394
18.119999999999703,5.892802017874891,7.467874196091219,5.892547403801141,7.5325628878704185,6.4689192856541595,1.4921804324039618,394
18.139999999999702,5.872823900194985,7.466938881188211,5.872565914284352,7.532484240918293,6.554586744315671,1.5398743449966235,394
18.1599999999997,5.852845782515078,7.466003566285203,5.8481058231236,7.530941219632997,6.511041420042589,1.5939787752072572,395
18.1799999999997,5.832867664835171,7.4650682513821955,5.828165673624894,7.529485738967909,6.458886458358832,1.7335686421032412,395
18.1999999999997,5.812889547155264,7.464132936479187,5.808225524126189,7.528030258302821,6.40673149667507,1.873158508999127,395
18.2199999999997,5.7929114294753585,7.463197621576179,5.7846618663433125,7.525034037376235,6.238427374641025,2.0127483758951006,396
18.2399999999997,5.772933311795452,7.462262306673171,5.764910505212587,7.522399018860308,6.06695111085015,2.2014161033550117,396
18.2599999999997,5.752955194115545,7.4613269917701635,5.745159144081861,7.51976400034438,5.895474847059188,2.394631653966977,396
18.2799999999997,5.732977076435638,7.460391676867155,5.722747413531852,7.5157642077624,5.630953010698978,2.5878472045788543,397
18.2999999999997,5.712998958755732,7.459456361964147,5.703261552172488,7.512164339924079,5.359988831697452,2.798574516699228,397
18.3199999999997,5.693025782261443,7.458465959751197,5.683770627827046,7.508563536736769,5.0945314832964455,3.0097348128646915,397
18.339999999999698,5.673200119908916,7.455830981139598,5.6627613070173295,7.5041746227205,4.945782542619816,3.056135376672614,398
18.359999999999697,5.65337445755639,7.453196002527999,5.643275223728121,7.499967004700961,4.784894113960355,3.1026221308180606,398
18.379999999999697,5.633548795203863,7.450561023916401,5.623789140438912,7.4957593866814225,4.624005685300913,3.1491714095268866,398
18.399999999999697,5.613723132851336,7.4479260453048015,5.603821117201421,7.491300245151213,4.44901239180968,3.195720688235638,399
18.419999999999696,5.593897470498809,7.445291066693203,5.584405788326885,7.486867866201408,4.264648036823509,3.242269966944463,399
18.439999999999696,5.574071808146282,7.442656088081605,5.565007060869635,7.482439304580158,4.080286703358281,3.272808751724944,400
18.459999999999695,5.554246145793756,7.440021109470005,5.545589134462748,7.4780148610331825,3.896753781071655,3.2990559832340955,400
18.479999999999695,5.534420483441229,7.437386130858407,5.526171208055861,7.473590417486207,3.7132208587849407,3.3253032147434225,400
18.499999999999694,5.5145936305475525,7.434760204264959,5.50675411060521,7.469166162819856,3.528778906374878,3.335334292492783,400
18.519999999999694,5.494760866707198,7.43217922025635,5.487535037138859,7.464794780075673,3.3406396921525734,3.3396959673572915,401
18.539999999999694,5.474928102866843,7.429598236247739,5.46808511667478,7.460485738281826,3.16364385152706,3.16364385152706,401
18.559999999999693,5.455095339026489,7.4270172522391285,5.448635196210702,7.456176696487979,2.986648010901528,2.986648010901528,401
18.579999999999693,5.435262575186134,7.424436268230519,5.429384188693904,7.451979100071126,2.8163149922407746,2.8163149922407746,402
18.599999999999692,5.4154298113457795,7.421855284221908,5.409888618085806,7.447818217138529,2.654766860530962,2.654766860530962,402
18.619999999999692,5.395597047505425,7.4192743002132975,5.390393047477708,7.443657334205932,2.4932187288211494,2.4932187288211494,402
18.63999999999969,5.37576428366507,7.416693316204688,5.370897476869612,7.439496451273335,2.3316705971112315,2.3316705971112315,402
18.65999999999969,5.355931519824716,7.414112332196077,5.351664016702931,7.4355262410831875,2.1834996604531596,2.1834996604531596,403
18.67999999999969,5.336098755984361,7.411531348187467,5.332094118284396,7.431626224368146,2.049002615480959,2.049002615480959,403
18.69999999999969,5.3162659921440065,7.408950364178857,5.312524219865862,7.427726207653104,1.914505570508828,1.914505570508828,403
18.71999999999969,5.296434838842577,7.40635704212743,5.293190715836153,7.423947484661859,1.788709039049826,1.788709039049826,404
18.73999999999969,5.2766040961598435,7.403760574401616,5.273549180391899,7.420325088187667,1.6843860226133007,1.5523097187012904,404
18.75999999999969,5.25677335347711,7.401164106675803,5.2539076449476445,7.416702691713475,1.580063006176688,1.2102970510450628,404
18.77999999999969,5.236942610794376,7.398567638949989,5.234455639592296,7.413343802071621,1.4983992203583631,0.8671112698779283,405
18.799999999999688,5.217111868111642,7.395971171224176,5.214746217663316,7.410026515686548,1.4253035115357284,0.5206483192908751,405
18.819999999999688,5.197281125428908,7.3933747034983615,5.195036795734335,7.406709229301474,1.352207802713094,0.17294803042749926,405
18.839999999999687,5.177425386475648,7.390982447929356,5.1755827329515025,7.403731629314769,1.2881653543245275,0.15575358186096439,406
18.859999999999687,5.157553854022656,7.388719220594408,5.155797394508278,7.400872032097763,1.2279086996260766,0.09786901018494773,406
18.879999999999686,5.137682321569663,7.386455993259459,5.136012056065053,7.398012434880757,1.167652044927538,0.37353350154233167,406
18.899999999999686,5.117810789116671,7.384192765924512,5.116535391739757,7.395234545457123,1.1115193822684166,0.6491202786406384,407
18.919999999999686,5.097939256663679,7.381929538589564,5.096667514120082,7.392939676326097,1.1083341647473655,0.924624533474455,407
18.939999999999685,5.078067724210686,7.379666311254616,5.076799636500406,7.390644807195071,1.1051489472263043,0.8751572453914084,407
18.959999999999685,5.058196191757694,7.377403083919668,5.057167655473488,7.388476892287403,1.1121471065162567,0.6514971916478169,408
18.979999999999684,5.038324659304701,7.37513985658472,5.037257671933943,7.386627651284819,1.1537239233064684,0.4278371379044031,408
18.999999999999684,5.018453126851709,7.372876629249772,5.017347688394399,7.384778410282235,1.1953007400967604,0.20417708416081165,408
19.019999999999683,4.998581485917629,7.3706143581605765,4.997695621944527,7.383179963491649,1.259679293769349,0.03651234309652502,409
19.039999999999683,4.9787079585150655,7.3683687160297975,4.977762847142109,7.381774720638942,1.3439278071671332,0.2874851775198852,409
19.059999999999683,4.958834431112502,7.366123073899018,4.95783007233969,7.380369477786235,1.4281763205649176,0.5384580119431567,409
19.079999999999682,4.938960903709938,7.363877431768239,4.9382425393471205,7.379440630500694,1.5579769001613781,0.8097153395518064,410
19.09999999999968,4.919087376307374,7.36163178963746,4.918307829755121,7.378520486435185,1.6906678335871272,1.0836633320588822,410
19.11999999999968,4.89921384890481,7.359386147506681,4.898843645656538,7.377881546105674,1.8499103215579116,1.3576113245659578,411
19.13999999999968,4.879340321502246,7.357140505375902,4.878933146479487,7.37748301825397,2.0346587470470276,1.6424598362441831,411
19.15999999999968,4.859466794099682,7.354894863245123,4.859681329613119,7.377220534105762,2.2326701611838895,1.9392172038825175,412
19.17999999999968,4.839514626408307,7.3536423530674755,4.839743038848404,7.377412128413183,2.3770872769593203,2.1370134552089572,412
19.19999999999968,4.819535342731918,7.35273228505993,4.820552109848944,7.377647276356327,2.4935729519502683,2.3019526515634388,413
19.21999999999968,4.799556059055529,7.3518222170523835,4.800643122201191,7.378459751212637,2.6659706157820766,2.4854314904794625,413
19.23999999999968,4.77957677537914,7.350912149044837,4.781827158604148,7.379586146693368,2.8762169003873415,2.668910329395572,414
19.25999999999968,4.759597491702751,7.3500020810372915,4.76204116787307,7.381138984291291,3.1232647942086498,2.8523891683115075,414
19.279999999999678,4.739618208026362,7.349092013029745,4.743574804265639,7.382813090610883,3.395240384764795,3.046764576978449,415
19.299999999999677,4.7196438964292025,7.348910539282043,4.723892749175995,7.385122445789748,3.6460319836593653,3.1740504118628956,415
19.319999999999677,4.699678893939052,7.35009319543168,4.704853233327049,7.3876299615340715,3.789172201850726,3.1650762616562376,416
19.339999999999677,4.679713891448901,7.351275851581318,4.685624646974264,7.390479238981768,3.96464703920838,3.1608457272225534,417
19.359999999999676,4.659748888958751,7.3524585077309546,4.6663213110674615,7.393421865975339,4.148726854147928,3.1682889391635647,418
19.379999999999676,4.639835674415131,7.354233271235886,4.646630249888363,7.396581225251143,4.288957291859888,3.116312992513226,418
19.399999999999675,4.619968505402289,7.3565344873089975,4.626680485500242,7.3997064233408185,4.369057950600982,3.011506476609251,419
19.419999999999675,4.6001826322469155,7.359188934540015,4.606061101887544,7.4025344455648066,4.374231053929523,2.8759972799233093,420
19.439999999999674,4.581308301836354,7.365804042366268,4.584300427752028,7.404888877108549,3.919919800616714,2.349020380653163,422
19.459999999999674,4.562433971425792,7.3724191501925205,4.564074828676957,7.406190831317018,3.381151961230773,1.8220434813830109,423
19.479999999999674,4.5449509791628895,7.381910664144318,4.545454337567163,7.406795736182647,2.489016231437622,0.9983435688723558,424
19.499999999999673,4.528262303589604,7.392928419495678,4.527998655338984,7.4067186242520116,1.3792724807726273,0.02685423962796817,426
19.519999999999673,4.511709791605563,7.404154030704792,4.511642805653534,7.406316185529888,0.21631922257292444,0.10829653889336567,428
19.539999999999672,4.494835252880551,7.414810434854683,4.49504930065634,7.405826179895016,0.8986804417067819,0.8986804417067819,430
19.559999999999672,4.4766875138431805,7.4232163594220015,4.476583623082014,7.405597290616036,1.7619375099009376,1.7180572403735588,433
19.57999999999967,4.457341927010066,7.427713553588835,4.456449134410984,7.406107961646118,2.162403019374927,2.1247435973596103,438
19.59999999999967,4.438847370503194,7.4234367733331466,4.4559659,7.40612793,2.434420073989702,1.6579841859856448,438
19.61436884235207,4.436489304346697,7.411169389713449,4.4559659,7.40612793,2.0118501293202224,0.4267216939539429,438
