robot_distance_meters,robot_x_meters,robot_y_meters,matched_gui_x_meters,matched_gui_y_meters,deviation_cm,nearest_curve_lower_bound_cm,gui_segment_index
0,4.42627,7.40708,4.42627,7.40708,0,0,0
0.02,4.4462675814881845,7.406778874247911,4.446265974023431,7.406703185137802,0.007570617763385018,0.007570617763385018,5
0.04,4.466260919668079,7.406262707197042,4.466261070053361,7.406269471693254,0.0006766167655037101,0.0006766167655037101,7
0.06,4.486254257847972,7.405746540146174,4.486255955193856,7.405821965128036,0.007544407777903842,0.007544407777903842,8
0.08,4.506245273410472,7.405160954731907,4.506250007630072,7.4053679610130025,0.020706040965891404,0.020706040965891404,10
0.1,4.526228399839567,7.404339578984279,4.5262415159899465,7.404909961554587,0.05705333556519629,0.05705333556519629,11
0.12000000000000001,4.546211526268663,7.403518203236651,4.546233038605621,7.404449320480883,0.09313657193329761,0.09313657193329761,12
0.14,4.5661946526977575,7.402696827489022,4.566224579648732,7.403986484513291,0.12900042103196235,0.09593325668076672,13
0.16,4.586170828987165,7.401745277353923,4.586212222206988,7.403521823853884,0.17770286618881415,0.0341921536759166,14
0.18,4.606127810355574,7.400434211123328,4.606189124476424,7.4030557388467395,0.26222446541139305,0.18716816020901708,15
0.19999999999999998,4.626084791723982,7.399123144892735,4.626166144581525,7.402588150527632,0.3465960521601511,0.3465960521601511,16
0.21999999999999997,4.64604177309239,7.39781207866214,4.646142895804991,7.402119127972489,0.43082362475594554,0.43082362475594554,16
0.23999999999999996,4.665998754460799,7.396501012431546,4.666120078142781,7.401648300397229,0.5148717591543444,0.5148717591543444,17
0.25999999999999995,4.685955189378308,7.395182119090592,4.6860970113092115,7.401176185131929,0.5995743587579124,0.5995743587579124,18
0.27999999999999997,4.705900744159097,7.393707383695161,4.706066894590973,7.400703051506302,0.6997640608794646,0.6007257104471616,19
0.3,4.725846298939886,7.392232648299729,4.726036210644885,7.400228770769109,0.7998377398011252,0.5122100360583554,19
0.32,4.745791853720675,7.390757912904299,4.746006425507968,7.399752460180572,0.8997106299084305,0.42156039790334987,20
0.34,4.765737408501464,7.389283177508868,4.765976749842964,7.3992756667711985,0.9995355218077253,0.3276612667437868,21
0.36000000000000004,4.7856829632822535,7.387808442113436,4.7859461711270495,7.398797356717153,1.099206634520265,0.22045504129976518,21
0.38000000000000006,4.805628518063043,7.3863337067180055,4.805916553661312,7.398317377749128,1.1987132096044697,0.11324881585574535,22
0.4000000000000001,4.825574072843832,7.384858971322575,4.825887354285761,7.397836488257647,1.2981297741825923,0.0036312907785457076,23
0.4200000000000001,4.845534926705585,7.3836697718333335,4.845865273570907,7.397354214846507,1.368842977233749,0.09967165485564573,23
0.4400000000000001,4.865523869209046,7.383004807478375,4.8658599277427586,7.3968706308493575,1.386989520844891,0.1432597621835512,24
0.46000000000000013,4.8855128117125055,7.382339843123418,4.88585440515609,7.396385815214105,1.4050125197059398,0.036342427124509594,25
0.48000000000000015,4.905501754215965,7.38167487876846,4.905847694414469,7.395899584963734,1.422891214966256,0.26678472323256386,25
0.5000000000000001,4.925490696719426,7.381009914413502,4.925842247388842,7.395412588768033,1.4406964164452871,0.33720166948133135,26
0.5200000000000001,4.945479639222886,7.380344950058545,4.945835509127176,7.394924579084907,1.4583971541905751,0.42210156704905993,26
0.5400000000000001,4.9654688695645985,7.379688800317561,4.96583010375497,7.394435410871239,1.4751034301435524,0.5061203056386546,27
0.5600000000000002,4.9854586100915395,7.379048274232537,4.985823537440708,7.393945650067973,1.4901844810371796,0.5951412289356425,27
0.5800000000000002,5.0054483506184795,7.378407748147513,5.005818262223171,7.393454396557404,1.5051194735507243,0.6998535191396529,28
0.6000000000000002,5.02543809114542,7.37776722206249,5.025811665859661,7.392962872344108,1.5200241627959814,0.8105866767401113,28
0.6200000000000002,5.04542783167236,7.3771266959774655,5.045806354367706,7.392469648093983,1.5347620632548977,0.9373673072402137,29
0.6400000000000002,5.065417572199301,7.376486169892441,5.065801062085242,7.391976265623174,1.5494842052756614,1.0641479377403162,30
0.6600000000000003,5.0854084764876655,7.375883061906578,5.085794643231598,7.391481282487715,1.56030000337092,1.2073194075768934,30
0.6800000000000003,5.10539938616594,7.37528012722101,5.105789587511284,7.390986086007959,1.5710805151463405,1.3564802981728523,31
0.7000000000000003,5.125390295844215,7.374677192535441,5.125783135931949,7.390489363101847,1.5817049704532165,1.5140118820893618,31
0.7200000000000003,5.14538120552249,7.374074257849873,5.145776684352614,7.389992640195735,1.5923294257600058,1.5923294257600058,31
0.7400000000000003,5.165372115200764,7.3734713231643045,5.1657714324816935,7.389494812442918,1.6028464148280033,1.6028464148280033,32
0.7600000000000003,5.185363024879039,7.372868388478737,5.185766112518931,7.388996432611718,1.6133080524215322,1.6133080524215322,33
0.7800000000000004,5.205353934557314,7.372265453793168,5.205759602423295,7.388496736021585,1.6236350858367592,1.6236350858367592,33
0.8000000000000004,5.225344844235589,7.371662519107599,5.225753092327659,7.387997039431452,1.633962119251988,1.633962119251988,33
0.8200000000000004,5.245337408089142,7.371125675697844,5.245747726115325,7.3874958942841085,1.6375360070688585,1.6375360070688585,34
0.8400000000000004,5.26533344989263,7.370727791049777,5.265741179981132,7.386994760198234,1.6272078204762441,1.6272078204762441,34
0.8600000000000004,5.285329491696118,7.370329906401711,5.285735745980843,7.386492372477123,1.6167571004412413,1.6167571004412413,35
0.8800000000000004,5.305325533499606,7.369932021753645,5.305729157011183,7.385989824854785,1.6062874972248495,1.6062874972248495,35
0.9000000000000005,5.325321575303094,7.369534137105579,5.325723636026913,7.385486282637642,1.5957211532776132,1.5957211532776132,36
0.9200000000000005,5.3453176171065815,7.369136252457513,5.34571700538592,7.384982366187037,1.5851146057200103,1.5851146057200103,36
0.9400000000000005,5.365313658910069,7.3687383678094465,5.365711489180597,7.384477690142781,1.5744349349425035,1.5744349349425035,37
0.9600000000000005,5.385309700713558,7.36834048316138,5.385704814534195,7.38397233483804,1.563684436746593,1.563684436746593,37
0.9800000000000005,5.405305742517045,7.367942598513314,5.405698139887793,7.3834669795333,1.5529339385507714,1.5529339385507714,37
1.0000000000000004,5.425301784320533,7.367544713865248,5.425692388659511,7.382960590488474,1.5420824355790446,1.5420824355790446,38
1.0200000000000005,5.445297826124021,7.367146829217182,5.445685676214259,7.382454004644529,1.5312088272214275,1.528871645770527,38
1.0400000000000005,5.465285936268819,7.3664642782329794,5.465678979146794,7.38194643863225,1.548714865082211,1.5199826096323008,39
1.0600000000000005,5.485273109749356,7.365748110474065,5.48567144888877,7.381438893325743,1.569583832002925,1.5171449004188438,39
1.0800000000000005,5.505260283229894,7.3650319427151505,5.505664825921368,7.380930517903249,1.5903721193508746,1.516506737434973,40
1.1000000000000005,5.525247456710431,7.364315774956236,5.525657278151527,7.380421805623144,1.6111243820915493,1.5158685744511051,40
1.1200000000000006,5.545234630190968,7.3635996071973215,5.545650602726817,7.3799126944580555,1.6318389906081507,1.5186781318500793,41
1.1400000000000006,5.565221803671505,7.362883439438407,5.5656430386119,7.379402901055985,1.6524831345876456,1.5222789208223475,41
1.1600000000000006,5.585208977152043,7.362167271679493,5.585635474496983,7.378893107653914,1.6731272785669609,1.5260724971941813,41
1.1800000000000006,5.60519615063258,7.361451103920578,5.605628779581788,7.378382264506112,1.6936687001325144,1.5333307656232844,42
1.2000000000000006,5.625183324113117,7.360734936161663,5.625621199364991,7.377871413550607,1.714207082116976,1.5405890340523904,42
1.2200000000000006,5.645170497593654,7.360018768402749,5.645614567165079,7.377359914344409,1.7346830844688517,1.5486897648608489,43
1.2400000000000007,5.665158970140444,7.359340020290217,5.665607310508594,7.3768479430480465,1.7513662334869697,1.555339511767543,43
1.2600000000000007,5.6851476894001225,7.358668378750567,5.685601173934134,7.376335800689666,1.767324096471124,1.561278179196669,44
1.2800000000000007,5.705136408659801,7.357996737210916,5.705593960774,7.3758226290648015,1.7831763073897604,1.5684520624436922,44
1.3000000000000007,5.725125127919478,7.357325095671266,5.725586747613866,7.375309457439937,1.7990285183083967,1.5770655543288135,44
1.3200000000000007,5.74511893677086,7.3568297328323435,5.745581009271657,7.374796099059168,1.7972307208379434,1.5680438317667047,45
1.3400000000000007,5.765113109465237,7.356346971745039,5.765574373284529,7.374281894706872,1.7940853545967612,1.5591925112107594,45
1.3600000000000008,5.785107282159615,7.355864210657734,5.785568653318533,7.3737675227745365,1.7909255933676236,1.551173067323489,46
1.3800000000000008,5.805101454853992,7.355381449570429,5.805561989247861,7.3732522913744365,1.7876774840887504,1.543153623436305,46
1.4000000000000008,5.82509562754837,7.354898688483124,5.82555532517719,7.372737059974337,1.7844293748099656,1.5366090870047735,46
1.4200000000000008,5.8450898002427465,7.35441592739582,5.845549611229977,7.372221702425027,1.781171105016902,1.530492176073937,47
1.4400000000000008,5.865083972937124,7.353933166308515,5.865542917795984,7.3717054012803125,1.7778159811303724,1.5243752651432776,47
1.4600000000000009,5.885078145631502,7.35345040522121,5.885537106356434,7.371189036051453,1.7744567300406875,1.5196669797017714,48
1.4800000000000009,5.905072318325879,7.352967644133906,5.905530385500862,7.370671739650298,1.771002042885153,1.5151325453150224,48
1.5000000000000009,5.925066491020257,7.352484883046601,5.92552366464529,7.370154443249143,1.7675473557296189,1.51059811092836,48
1.520000000000001,5.945060663714634,7.352002121959296,5.945517945768977,7.369636603798198,1.76404097629221,1.5073856931056888,49
1.540000000000001,5.965054836409011,7.3515193608719915,5.965511193074058,7.369118156288135,1.7604711343983899,1.5042005707905857,49
1.560000000000001,5.985049510855658,7.351058625092159,5.98550437103691,7.368599710576193,1.7546982012377403,1.5007646885893982,49
1.580000000000001,6.005044925799402,7.350630394748184,6.0054985436611465,7.368080170780814,1.745567107714421,1.4952171476287581,50
1.600000000000001,6.025040340743146,7.35020216440421,6.025491579974842,7.367560439274494,1.7364139003030707,1.4896696066681159,50
1.620000000000001,6.04503575568689,7.349773934060236,6.0454858320894544,7.3670404200650985,1.7272350961124334,1.4844875048369206,51
1.640000000000001,6.065031170630634,7.349345703716262,6.065478825028227,7.36651927324137,1.7179402920166336,1.483816006156733,51
1.660000000000001,6.085026585574378,7.348917473372287,6.085471817966999,7.365998126417642,1.7086454879208335,1.4831445074765433,51
1.680000000000001,6.105022000518122,7.348489243028314,6.10546618168364,7.365476113088075,1.6992676402939464,1.482866624619329,52
1.700000000000001,6.125017415461866,7.348061012684339,6.12545912415326,7.364953327639252,1.6898088977869836,1.4868292642000052,52
1.720000000000001,6.14501283040561,7.347632782340365,6.145452066622879,7.364430542190429,1.6803501552801074,1.4907919037806814,52
1.740000000000001,6.165008245349354,7.347204551996391,6.16544631385054,7.363906429543565,1.6707621542653004,1.4950506414329645,53
1.7600000000000011,6.1850036602930984,7.346776321652417,6.185439206716029,7.363382041995685,1.6611431269019206,1.502920361978149,53
1.7800000000000011,6.2049990752368425,7.3463480913084425,6.205433861952677,7.362856239224261,1.6513872565173808,1.5107900825232459,54
1.8000000000000012,6.2249944901805865,7.345919860964469,6.225426686984426,7.362329674113496,1.6415503698126908,1.518799062576317,54
1.8200000000000012,6.2449899051243305,7.3454916306204945,6.245419512016175,7.3618031090027305,1.6317134831080888,1.5294087283967361,54
1.8400000000000012,6.264982888830629,7.344970555153701,6.265414700153859,7.361275517091233,1.6310678857829375,1.5493056181053892,55
1.8600000000000012,6.284973312566482,7.344351718453868,6.285407490423408,7.360746039423365,1.6400069221266755,1.5789939070517574,55
1.8800000000000012,6.3049637363023345,7.343732881754034,6.3054002806929565,7.3602165617554975,1.6489459584705015,1.6096419647114564,55
1.9000000000000012,6.324954160038187,7.3431140450542,6.325395833293346,7.359685119587889,1.6576959506054787,1.6402900223713313,56
1.9200000000000013,6.34494458377404,7.342495208354367,6.345388548291902,7.359152248439736,1.6662955587131485,1.6662955587131485,56
1.9400000000000013,6.364935007509892,7.341876371654534,6.365381263290459,7.358619377291585,1.6748951668209069,1.6748951668209069,56
1.9600000000000013,6.384925431245745,7.3412575349547,6.385377824124445,7.358082844574664,1.6831390409718348,1.6831390409718348,57
1.9800000000000013,6.404915854981597,7.340638698254867,6.405370433357834,7.357545290482163,1.6912702393178127,1.6912702393178127,57
2.0000000000000013,6.424911074332435,7.340225234593932,6.425362316734495,7.357007755906236,1.6788586638050933,1.6788586638050933,57
2.0200000000000014,6.444908594941315,7.339910322705515,6.445375680228494,7.356444032398796,1.6540306069936908,1.6540306069936908,58
2.0400000000000014,6.4649061155501935,7.3395954108170995,6.465366143065914,7.355879292165148,1.6290378051860483,1.6290378051860483,58
2.0600000000000014,6.484903636159072,7.339280498928683,6.4855183048450975,7.3552883331660714,1.6019630912267955,1.6019630912267955,59
2.0800000000000014,6.504901156767951,7.338965587040267,6.505498458584176,7.354521135388829,1.5567011719791282,1.5567011719791282,59
2.1000000000000014,6.52489867737683,7.33865067515185,6.525478612323254,7.353753937611587,1.511439252731546,1.511439252731546,59
2.1200000000000014,6.544896197985708,7.338335763263434,6.545458766062332,7.352986739834344,1.4661773334838752,1.3712405734740882,59
2.1400000000000015,6.564893718594587,7.338020851375018,6.56568310344534,7.351951965470482,1.3953460803092446,0.18846217933035783,60
2.1600000000000015,6.584883742335707,7.338234759702389,6.585597067734356,7.350823571745438,1.2609005582502093,0.2917512054066574,60
2.1800000000000015,6.604864299567535,7.339116424437782,6.605744876859221,7.349418012078711,1.0339154911809323,0.7187843667981406,61
2.2000000000000015,6.624844856799363,7.339998089173174,6.625505681541759,7.347728863136296,0.7758966130164545,0.3572103621880242,61
2.2200000000000015,6.644825414031192,7.340879753908567,6.645266486224298,7.34603971419388,0.5178777348519841,0.0043636424221679725,61
2.2400000000000015,6.6648059712630205,7.3417614186439595,6.665064884529845,7.343798401480311,0.2053371655431058,0.2053371655431058,62
2.2600000000000016,6.684786528494849,7.342643083379353,6.684617484827308,7.341313143613825,0.1340639974589564,0.1340639974589564,62
2.2800000000000016,6.704767085726677,7.343524748114746,6.704170085124772,7.338827885747341,0.47346516046084225,0.47346516046084225,62
2.3000000000000016,6.724747642958505,7.344406412850138,6.723130501859511,7.335478507121573,0.9073182795039405,0.9073182795039405,63
2.3200000000000016,6.744728200190334,7.345288077585531,6.742321710590547,7.3320023399977385,1.3501926360544367,1.3501926360544367,63
2.3400000000000016,6.764700896795184,7.345603423457186,6.76048099622635,7.328533858590727,1.7583446918653995,1.7583446918653995,64
2.3600000000000017,6.784649285912416,7.344167536404705,6.779614958543865,7.323803602189968,2.0976993796916887,2.0976993796916887,64
2.3800000000000017,6.804597675029649,7.342731649352225,6.798748920861381,7.319073345789209,2.437054067518086,2.437054067518086,64
2.4000000000000017,6.824546064146881,7.341295762299744,6.815650493991138,7.314239324066805,2.8481257315093664,2.8481257315093664,65
2.4200000000000017,6.844494453264113,7.339859875247263,6.834078944913299,7.308180449035717,3.3347696461654706,3.3347696461654706,65
2.4400000000000017,6.864442842381346,7.338423988194782,6.852507395835459,7.302121574004628,3.8214135608216857,3.8214135608216857,65
2.4600000000000017,6.8843912314985785,7.336988101142301,6.866419623453462,7.296251219759606,4.452496154422866,4.452496154422866,66
2.4800000000000018,6.904339620615811,7.33555221408982,6.883648336928115,7.2886505474651475,5.126300374360341,5.126300374360341,66
2.5000000000000018,6.923578815830317,7.331098224437964,6.901397951611176,7.280820072789407,5.4953464592355825,5.4953464592355825,66
2.520000000000002,6.942079049841083,7.3234994520669225,6.914429958799876,7.274251609486801,5.6478511260490665,5.6478511260490665,67
2.540000000000002,6.960579283851849,7.315900679695881,6.93174016241067,7.264533185886863,5.890937400548833,5.890937400548833,67
2.560000000000002,6.979079517862615,7.308301907324839,6.944037422891983,7.257148857814227,6.200470058121395,6.200470058121395,68
2.580000000000002,6.99757975187338,7.300703134953798,6.960171611543557,7.246096227005084,6.619126346169184,6.619126346169184,68
2.600000000000002,7.016079985884146,7.293104362582756,6.976305800195132,7.235043596195942,7.037782634216852,7.037782634216852,68
2.620000000000002,7.033899525888054,7.2843560344691785,6.986081234035179,7.227093265488612,7.460304113806875,7.460304113806875,69
2.640000000000002,7.04945720234665,7.2717878721846745,7.0014305287280685,7.21427556445132,7.4928145043647,7.4928145043647,69
2.660000000000002,7.065014878805247,7.2592197099001705,7.012244382469633,7.205202798020956,7.551524384171652,7.551524384171652,70
2.680000000000002,7.080572555263843,7.2466515476156665,7.026487153295241,7.1912886726199625,7.739689033737221,7.739689033737221,70
2.700000000000002,7.09613023172244,7.234083385331162,7.040729924120851,7.177374547218969,7.927853683302664,7.927853683302664,70
2.720000000000002,7.111687908181036,7.221515223046658,7.052207116895009,7.165922417586491,8.141575124595871,8.141575124595871,71
2.740000000000002,7.127245584639633,7.208947060762154,7.0657306582799055,7.151453082284833,8.42000221270356,8.42000221270356,71
2.760000000000002,7.139606312067038,7.19346221688758,7.078111459417036,7.1380203612851645,8.279744111435178,8.279744111435178,72
2.780000000000002,7.150698327971259,7.1768198858254815,7.091361538489063,7.123323673173238,7.989179779043967,7.989179779043967,72
2.800000000000002,7.161790343875481,7.160177554763383,7.10461161756109,7.108626985061312,7.698615446652823,7.698615446652823,72
2.820000000000002,7.172882359779703,7.143535223701285,7.117613225595475,7.094117256025856,7.414049313731288,7.414049313731288,73
2.840000000000002,7.183974375683925,7.126892892639186,7.131293728311335,7.078827862943416,7.1312675501978315,7.059313696726805,74
2.860000000000002,7.1950663915881465,7.110250561577088,7.144618931876819,7.064223058688754,6.828965670920866,6.677771408769534,74
2.880000000000002,7.206158407492368,7.093608230514989,7.157944135442302,7.049618254434093,6.526663791643898,6.296320047497572,74
2.900000000000002,7.217250423396591,7.07696589945289,7.172205080740446,7.034453728890924,6.193841732639931,5.941085211360989,75
2.920000000000002,7.228342439300812,7.060323568390792,7.186803131843164,7.019195787803214,5.845518283369724,5.586057632807512,76
2.940000000000002,7.239434455205034,7.043681237328694,7.200614676868484,7.00524604368682,5.462819144349574,5.223424102230228,76
2.960000000000002,7.250526471109256,7.027038906266595,7.214426221893804,6.9912962995704255,5.080120005329424,4.853342291321394,76
2.980000000000002,7.261618487013478,7.0103965752044965,7.229607456761549,6.976674329296197,4.649619260638178,4.483260480412434,77
3.000000000000002,7.2727105029176995,6.993754244142398,7.243751919070923,6.963247619458605,4.20624978812311,4.113178669503599,77
3.0200000000000022,7.283802518821922,6.977111913080299,7.259008543986612,6.949373452204842,3.7204346518562295,3.7102971244106464,78
3.0400000000000023,7.294894534726144,6.9604695820182005,7.273443365551045,6.936470912145837,3.2188333517307077,3.2188333517307077,78
3.0600000000000023,7.307785456376797,6.9452121418570085,7.2891020636403,6.923011634208286,2.901605941555789,2.901605941555789,79
3.0800000000000023,7.32103750706373,6.93023271754928,7.304239416168255,6.91027241640545,2.6088109925500875,2.6088109925500875,79
3.1000000000000023,7.334289557750663,6.915253293241552,7.320109900138519,6.897387323098629,2.280911175704657,2.280911175704657,80
3.1200000000000023,7.347541608437595,6.900273868933823,7.335534526517868,6.885145283113968,1.9314350238507485,1.9314350238507485,80
3.1400000000000023,7.360793659124528,6.885294444626094,7.351473084968406,6.8728841662684035,1.5520570592447411,1.5520570592447411,81
3.1600000000000024,7.374045709811461,6.870315020318366,7.367138858043194,6.8611185961943,1.1501252889077689,1.1501252889077689,81
3.1800000000000024,7.387297760498393,6.8553355960106375,7.3830978302385795,6.849442890080157,0.7236255756288669,0.7236255756288669,82
3.2000000000000024,7.400549811185326,6.8403561717029095,7.398965575826223,6.8381334126287445,0.27295529990853035,0.27295529990853035,82
3.2200000000000024,7.413801861872259,6.825376747395181,7.414917277979561,6.827035563847386,0.19989560061531314,0.19989560061531314,83
3.2400000000000024,7.427053912559192,6.810397323087452,7.430979363661623,6.816235147042487,0.7034867083859266,0.7034867083859266,83
3.2600000000000025,7.440305963246124,6.795417898779724,7.447041449343685,6.8054347302375895,1.2070778161565399,0.35273083201476974,83
3.2800000000000025,7.4535580139330575,6.780438474471995,7.462909869988509,6.794984911613679,1.72932369786237,0.07958725792120104,84
3.3000000000000025,7.469139227894434,6.768111428757406,7.4793430801897465,6.784487097230167,1.9294587831678307,0.1604085377946948,85
3.3200000000000025,7.485705507313973,6.756906144905859,7.496305533240123,6.773917613255811,2.0043717346252965,0.10750967913613386,85
3.3400000000000025,7.5022717867335125,6.745700861054311,7.513018255385459,6.763558762853845,2.084205472522015,0.12286357469941545,86
3.3600000000000025,7.5188380661530525,6.734495577202764,7.530130623167206,6.753260939179401,2.19011564542177,0.1382174702626231,86
3.3800000000000026,7.535404345572592,6.723290293351217,7.546977164544027,6.743156293419113,2.2991043857190947,0.15591254340581884,87
3.4000000000000026,7.551970624992131,6.712085009499669,7.56421964847137,6.73311178801153,2.4334419877651303,0.2623360181927481,87
3.4200000000000026,7.568536904411671,6.700879725648122,7.581139200121761,6.723270681984175,2.5693827718104236,0.36875949297952504,88
3.4400000000000026,7.58510318383121,6.6896744417965746,7.598509598511904,6.713494105502617,2.733328252624796,0.4751829677664239,88
3.4600000000000026,7.60226328723334,6.679621457765166,7.615838437403697,6.703740919941925,2.7677304020512103,0.5323657853614614,88
3.4800000000000026,7.621002411622621,6.672632522429718,7.632971122848408,6.6941699926214575,2.4639656464048745,0.2585700233401954,89
3.5000000000000027,7.639741536011901,6.66564358709427,7.650256147542483,6.684564432300203,2.1646141433195223,0.015225738681112825,89
3.5200000000000027,7.658480660401183,6.658654651758822,7.667717755783383,6.674274936032947,1.8147099269699527,0.23486421348549402,90
3.5400000000000027,7.677219784790463,6.651665716423374,7.6846638070396365,6.664253844927392,1.4624446877740143,0.4259495117391966,90
3.5600000000000027,7.695958909179743,6.644676781087927,7.70155788681294,6.6529656585548445,1.0002701644985899,0.6170348099928992,91
3.5800000000000027,7.714673707621245,6.6376407205349786,7.717672654465213,6.642080442310624,0.5357687151942095,0.5357687151942095,91
3.6000000000000028,7.7312247480659515,6.626412939801563,7.7341124486859965,6.630086161206352,0.4672405200708339,0.46555435802192546,92
3.6200000000000028,7.747775788510659,6.615185159068147,7.749796793484212,6.617755923736931,0.32700599513449613,0.14474105003896123,92
3.640000000000003,7.764326828955366,6.603957378334732,7.764553256354183,6.6042004489160915,0.03321937303099999,0.03321937303099999,93
3.660000000000003,7.780877869400074,6.592729597601315,7.77901455522008,6.590729323503065,0.27336854613322736,0.27336854613322736,93
3.680000000000003,7.797428909844781,6.5815018168679,7.792410799284642,6.577002520927119,0.6739814356234509,0.6739814356234509,94
3.700000000000003,7.813979950289489,6.570274036134484,7.805367384238164,6.562551909846107,1.1567520408543581,1.1017685747482142,94
3.720000000000003,7.830530990734196,6.559046255401069,7.816251182008657,6.548300172723991,1.7871520084775925,1.3667453630517177,95
3.740000000000003,7.847082031178903,6.547818474667652,7.827629739152989,6.533179907556085,2.434500589733531,1.6317221513553006,95
3.760000000000003,7.86363307162361,6.536590693934237,7.836089661060799,6.519835380227574,3.223941691222456,1.8966989396588037,96
3.780000000000003,7.880184112068318,6.525362913200821,7.845545444080853,6.504291385141964,4.054437833634906,2.1065171794929007,96
3.800000000000003,7.895075695170481,6.512533150018061,7.851803763521056,6.492573663836462,4.765334361097815,2.5241606658395663,97
3.820000000000003,7.905713342349536,6.495596784927111,7.860111491573324,6.4745626069801405,5.02191739888331,3.5056141298337775,97
3.840000000000003,7.91635098952859,6.478660419836161,7.867815638,6.457860108,5.2804671388858955,4.453476308763717,97
3.860000000000003,7.926988636707645,6.461724054745211,7.872695000531779,6.443401509229356,5.730195985634262,5.363776186114582,98
3.880000000000003,7.9376262838867,6.4447876896542615,7.877246633,6.429914045,6.218462467926402,6.218462467926402,98
3.900000000000003,7.948263931065755,6.427851324563312,7.88129592392401,6.412383089410312,6.873121764733487,6.873121764733487,99
3.920000000000003,7.94942776064898,6.408098974871303,7.885472445,6.394301305,6.542673836924854,6.542673836924854,99
3.940000000000003,7.949768167038154,6.3881018719938805,7.887031795859484,6.380836442250132,6.315567067199199,6.315567067199199,100
3.960000000000003,7.950108573427327,6.368104769116458,7.889321494893897,6.36106508479754,6.1193349899637015,6.1193349899637015,100
3.980000000000003,7.950448979816501,6.348107666239036,7.889723522928542,6.347686206974035,6.072691941934264,6.072691941934264,101
4.000000000000003,7.950789386205674,6.328110563361614,7.8898623206328,6.327687704850686,6.092853295986637,6.092853295986637,101
4.020000000000002,7.951129792594847,6.308113460484192,7.889128632162686,6.314848404596249,6.236588303814148,6.236588303814148,102
4.040000000000002,7.951470198984021,6.2881163576067705,7.8869857270658335,6.295121054154987,6.48638026352148,6.48638026352148,102
4.060000000000001,7.951810605373194,6.268119254729348,7.885185251,6.278546068,6.743631277238342,6.743631277238342,102
4.080000000000001,7.952151011762368,6.248122151851927,7.881892046628985,6.26317120699174,7.185260080341595,7.185260080341595,103
4.1000000000000005,7.952491418151541,6.228125048974505,7.879039453,6.249853409,7.659838649750249,7.659838649750249,103
4.12,7.952831824540715,6.208127946097083,7.873654642837038,6.231973875648413,8.26901110091409,8.26901110091409,104
4.14,7.953172230929888,6.188130843219661,7.868161233434953,6.213733753221425,8.878276125263444,8.878276125263444,104
4.159999999999999,7.953512637319061,6.168133740342239,7.863919750270054,6.200967709749704,9.541988763788446,9.541988763788446,105
4.179999999999999,7.953853043708235,6.148136637464818,7.85749925743638,6.18344833881688,10.262050663147,10.262050663147,105
4.199999999999998,7.945679253580276,6.130370012462194,7.851366271074769,6.167547878197796,10.137619232215457,10.137619232215457,106
4.219999999999998,7.935578095704982,6.11310830311525,7.844118388893346,6.14916141701038,9.830923146686544,9.830923146686544,106
4.2399999999999975,7.925476937829688,6.095846593768306,7.8370507133385034,6.131487554163731,9.53387394277564,9.53387394277564,107
4.259999999999997,7.9153757799543945,6.078584884421362,7.829653894040635,6.113135837585465,9.24229954565401,9.24229954565401,107
4.279999999999997,7.905274622079101,6.061323175074418,7.822031915301578,6.093815601434252,8.935942033382888,8.935942033382888,108
4.299999999999996,7.895173464203807,6.0440614657274745,7.8148494040028265,6.075414646228664,8.622631022321935,8.622631022321935,108
4.319999999999996,7.885072306328514,6.02679975638053,7.807173982888217,6.05525839512107,8.293396718940736,8.293396718940736,109
4.339999999999995,7.87497114845322,6.009538047033587,7.800420897542392,6.03677353253558,7.9369462524302365,7.9369462524302365,109
4.359999999999995,7.865088308464429,5.992150438466981,7.793372389067501,6.015697566813676,7.5482715560070535,7.5482715560070535,110
4.379999999999995,7.855207331833635,5.97476175534198,7.787257047650698,5.997072479046076,7.151929468851359,7.151929468851359,110
4.399999999999994,7.8453263552028405,5.9573730722169795,7.780808379717205,5.975872624862472,6.711782631200476,6.711782631200476,111
4.419999999999994,7.835445378572047,5.939984389091979,7.774852646446071,5.954619262586967,6.233505200691301,6.233505200691301,112
4.439999999999993,7.825570502915115,5.922592845813296,7.770339321012495,5.935932751966447,5.681933254214789,5.681933254214789,112
4.459999999999993,7.8185246583732,5.903875044802195,7.7656792608654,5.916638715958516,5.436494586720522,5.436494586720522,112
4.479999999999992,7.811478813831285,5.885157243791095,7.7612011791509135,5.895004006908218,5.1232795091988175,5.1232795091988175,113
4.499999999999992,7.804432969289371,5.866439442779995,7.757296765272136,5.873546800164067,4.766902829027817,4.766902829027817,114
4.519999999999992,7.797387124747456,5.847721641768894,7.754380541922084,5.854206320804479,4.349272615633719,4.349272615633719,114
4.539999999999991,7.790341280205541,5.829003840757794,7.751464318572033,5.834865841444891,3.9316424022395333,3.9316424022395333,114
4.559999999999991,7.786679022445606,5.8094894206638035,7.7490066342177,5.813744020117329,3.791187744367159,3.791187744367159,115
4.57999999999999,7.784633972858509,5.789594251094627,7.746783974078676,5.793629021957723,3.806444250939477,2.262350821114181,116
4.59999999999999,7.782588923271413,5.7696990815254505,7.744664020663529,5.773741837059423,3.813977071411073,0.26238693245401445,116
4.6199999999999894,7.780543873684316,5.749803911956273,7.742586636518259,5.754298253895353,3.8222388239691067,1.7375769562062504,117
4.639999999999989,7.778498824097219,5.729908742387097,7.740235235951922,5.734439357937137,3.853087924009975,3.737540844866427,117
4.659999999999989,7.776453774510122,5.710013572817919,7.737753344971056,5.715926673411633,3.9149559450134173,3.9149559450134173,118
4.679999999999988,7.774408724923025,5.690118403248743,7.73473622344302,5.696180028270726,4.013291257295063,4.013291257295063,118
4.699999999999988,7.7718660867659635,5.670297780389067,7.731908966941425,5.678450035383919,4.078027324790236,4.078027324790236,119
4.719999999999987,7.767990983704304,5.650676782038792,7.727910909118224,5.658854122890015,4.09057609906335,4.09057609906335,119
4.739999999999987,7.763590342961853,5.631217799663889,7.723723266035047,5.6420112872974695,4.1302338892418,4.1302338892418,120
4.7599999999999865,7.755745014463067,5.612820766730666,7.718546881456366,5.622891672840416,3.853730983158637,3.853730983158637,120
4.779999999999986,7.747899685964282,5.594423733797441,7.712958274329716,5.607408059195899,3.7275929942380306,3.7275929942380306,121
4.799999999999986,7.740054357465497,5.576026700864217,7.70730627231742,5.592220973807732,3.6533430677049257,3.6533430677049257,122
4.819999999999985,7.72482672039974,5.5641415909191965,7.699591708400519,5.5766205700778375,2.815192269530816,2.815192269530816,122
4.839999999999985,7.7075525895222885,5.554061690005565,7.692319944626976,5.564863391687953,1.8673784558626592,1.8673784558626592,123
4.859999999999984,7.690278458644836,5.543981789091932,7.681783915192469,5.550005399891709,1.0413508320030538,1.0413508320030538,123
4.879999999999984,7.673004327767384,5.5339018881783,7.670461298869826,5.536575415318917,0.3689816166888028,0.3689816166888028,124
4.8999999999999835,7.655730196889932,5.523821987264668,7.655345941066682,5.5244324606196695,0.07213392092963494,0.07213392092963494,125
4.919999999999983,7.640770469781674,5.526159229251135,7.645684977694087,5.518351472147828,0.9225695583824948,0.9225695583824948,125
4.939999999999983,7.628287648349401,5.541785462613338,7.621851812,5.510685876,3.175853077578941,2.79570481073727,127
4.959999999999982,7.615804826917129,5.5574116959755395,7.590895681,5.512784381,5.110834366565613,4.650207065029616,129
4.979999999999982,7.603322005484857,5.573037929337741,7.571206303502309,5.521441691975994,6.077491278250944,6.064326793811419,130
4.999999999999981,7.590839184052585,5.588664162699943,7.542561110890833,5.544750174384087,6.526262880099599,6.526262880099599,132
5.019999999999981,7.578356362620313,5.604290396062145,7.5256921213524,5.565548144573122,6.537954082710855,6.537954082710855,133
5.0399999999999805,7.565873541188041,5.619916629424346,7.512016236500905,5.586826459349331,6.321051038993751,6.321051038993751,134
5.05999999999998,7.553390719755768,5.635542862786548,7.500732353424464,5.607850906926352,5.949578106088593,5.949578106088593,135
5.07999999999998,7.540907898323496,5.651169096148751,7.491161862881982,5.628476919214004,5.467726160101909,5.467726160101909,136
5.099999999999979,7.536390959274424,5.670536195210716,7.482705943181736,5.648917198679977,5.787453640305255,5.787453640305255,137
5.119999999999979,7.532338167655389,5.69012126299443,7.4749772642730745,5.6694276247131015,6.097950395135836,6.097950395135836,138
5.139999999999978,7.528285376036354,5.709706330778144,7.467822817359498,5.6900011042454395,6.3592585687778715,6.3592585687778715,139
5.159999999999978,7.524232584417319,5.729291398561857,7.461663622395718,5.708899678503477,6.580803336523484,6.580803336523484,139
5.1799999999999775,7.520179792798284,5.748876466345571,7.455356715569411,5.729376694328539,6.769248444352319,6.769248444352319,140
5.199999999999977,7.516127001179248,5.768461534129285,7.449506727488781,5.749427888667425,6.928593310449484,6.457622672420232,141
5.219999999999977,7.512074209560213,5.788046601912999,7.443886774109696,5.769173962185531,7.075099210329968,4.796611102791315,142
5.239999999999976,7.507406558786234,5.807490971133264,7.43855585097571,5.788434753592539,7.143920067420617,3.1816918718873044,142
5.259999999999976,7.502538705833204,5.826889527977206,7.4332188857423,5.80781452767328,7.189640529282437,1.6215564787005248,143
5.279999999999975,7.497670852880173,5.846288084821149,7.427914002773723,5.8270928252945575,7.234967950908235,0.061421085513781344,143
5.299999999999975,7.492802999927143,5.86568664166509,7.42261756242303,5.846040096408231,7.288334774263328,1.4744254255910034,144
5.3199999999999745,7.487935146974113,5.8850851985090324,7.417381294862739,5.864613889502212,7.346373622547618,2.9699909713399117,145
5.339999999999974,7.483067294021082,5.904483755352975,7.4118118400732005,5.883808875491196,7.419427454067923,4.465556517088704,145
5.359999999999974,7.478199441068052,5.923882312196917,7.406426366627643,5.901961523469314,7.504595387540089,5.961122062837574,146
5.379999999999973,7.472622762879252,5.943081272715032,7.400587148319402,5.921080299509676,7.532046592393102,7.358838799172631,146
5.399999999999973,7.46665319059567,5.962169599167371,7.394935494638532,5.938930093038889,7.53890082074053,7.53890082074053,147
5.419999999999972,7.460683618312087,5.98125792561971,7.388770595546518,5.957955125509163,7.559433402228898,7.559433402228898,147
5.439999999999972,7.454714046028505,6.00034625207205,7.382804343104062,5.975560024722887,7.606157006587518,7.606157006587518,148
5.4599999999999715,7.448744473744922,6.019434578524389,7.376289640801329,5.994460452796565,7.663817438296072,7.663817438296072,148
5.479999999999971,7.442774901461339,6.038522904976728,7.370023496793654,6.01170476582377,7.753695550348063,7.753695550348063,149
5.499999999999971,7.436805329177758,6.057611231429067,7.363114655820532,6.0304468523851655,7.85380088153635,7.85380088153635,149
5.51999999999997,7.42954085355366,6.076224986492053,7.356606646019901,6.047724876136119,7.830488438710502,7.830488438710502,150
5.53999999999997,7.421762011770803,6.0946502306021655,7.3493300243694195,6.066346370122382,7.776568212890093,7.776568212890093,150
5.559999999999969,7.4139831699879455,6.113075474712279,7.342310218764315,6.083657936426162,7.747517987020093,7.747517987020093,151
5.579999999999969,7.406204328205088,6.131500718822392,7.334716544220587,6.102159180816066,7.7275022559629996,7.7275022559629996,151
5.599999999999969,7.39842548642223,6.149925962932505,7.327453141083861,6.119239565421893,7.732223997665864,7.732223997665864,152
5.619999999999968,7.390621343312646,6.168338958230703,7.319516636639063,6.137595331491888,7.746644367848457,7.746644367848457,152
5.639999999999968,7.380993559326426,6.185869097292178,7.3119878004463565,6.154540563913875,7.578437676889473,7.578437676889473,153
5.659999999999967,7.371365775340205,6.203399236353653,7.303743899060273,6.172698984048317,7.42645517271177,7.42645517271177,153
5.679999999999967,7.361737991353985,6.220929375415128,7.295907304153997,6.189656743493249,7.288111473176094,7.288111473176094,154
5.699999999999966,7.352110207367765,6.238459514476604,7.287340291205185,6.207690798032706,7.170673574576323,7.170673574576323,154
5.719999999999966,7.342482423381544,6.255989653538079,7.279178099750401,6.224743483932699,7.059575415989788,7.059575415989788,155
5.739999999999966,7.3328546393953244,6.273519792599554,7.270334425947133,6.242660649319715,6.972132968879096,6.972132968879096,155
5.759999999999965,7.323226855409104,6.291049931661029,7.2618601314419475,6.2595404384981865,6.89834978081016,6.89834978081016,156
5.779999999999965,7.313228987174416,6.308370608237551,7.252736208726324,6.2773098530645735,6.800107908177316,6.800107908177316,156
5.799999999999964,7.303155820327596,6.32564866685755,7.243613893050462,6.295076137819736,6.693220925416657,6.693220925416657,156
5.819999999999964,7.293082653480777,6.3429267254775485,7.234788038750974,6.31173810702049,6.6113478412167455,6.6113478412167455,157
5.839999999999963,7.283009486633958,6.360204784097548,7.2253594693826635,6.329361036344392,6.538242320788415,6.538242320788415,157
5.859999999999963,7.2726939553099905,6.3773275460978605,7.216276749412625,6.346070929172031,6.4497110190409215,6.4497110190409215,158
5.879999999999963,7.261205952358327,6.393699039254642,7.206638682423737,6.363467335541121,6.2382231905699745,6.2382231905699745,158
5.899999999999962,7.249717949406664,6.4100705324114235,7.197402279067339,6.380075041822791,6.0304716388568,6.0304716388568,159
5.919999999999962,7.238229946455,6.426442025568206,7.187495712803979,6.39735326080365,5.848178092093413,5.848178092093413,159
5.939999999999961,7.226741943503336,6.4428135187249875,7.177589146540618,6.414631479784507,5.665884545330026,5.665884545330026,159
5.959999999999961,7.215253940551674,6.459185011881769,7.167967015423936,6.431264351250446,5.491462990975879,5.491462990975879,160
5.9799999999999605,7.20376593760001,6.4755565050385515,7.157829580705574,6.448433290153586,5.334620577350374,5.334620577350374,160
5.99999999999996,7.192277934648346,6.491927998195333,7.1478999352212504,6.465090385973971,5.18619731874473,5.18619731874473,161
6.01999999999996,7.180789931696682,6.508299491352115,7.137574200267153,6.48216476114929,5.050369853548977,5.050369853548977,161
6.039999999999959,7.169294434440864,6.524665722848127,7.127384694,6.499013872,4.913699009661781,4.913699009661781,161
6.059999999999959,7.157798091634731,6.541031360693437,7.117018518105581,6.515705313146426,4.800398214286776,4.800398214286776,162
6.079999999999958,7.146301748828597,6.5573969985387475,7.106483787725606,6.532668157875454,4.6872012832284,4.6872012832284,162
6.099999999999958,7.134805406022464,6.573762636384057,7.096191060831955,6.549212637853833,4.575773248671525,4.575773248671525,163
6.1199999999999575,7.123309063216331,6.590128274229367,7.08547202060324,6.566072464504858,4.483663429837957,4.483663429837957,163
6.139999999999957,7.1113037920405935,6.60612083470974,7.074775398455151,6.58289703007419,4.328589423453281,4.328589423453281,163
6.159999999999957,7.099156048102435,6.622008953453409,7.0641764449930875,6.599394635619635,4.165309117909951,4.165309117909951,164
6.179999999999956,7.087008304164276,6.637897072197077,7.05335177784685,6.6161381236766,4.007759479400381,4.007759479400381,164
6.199999999999956,7.074860560226117,6.653785190940746,7.042606125170986,6.63258767556948,3.8596414841805378,3.8596414841805378,165
6.219999999999955,7.062712816287958,6.6696733096844145,7.0316498834000445,6.649258845867495,3.7170635352807326,3.7170635352807326,165
6.239999999999955,7.0505650723498,6.685561428428082,7.020693641629103,6.665930016165509,3.5744855863808773,3.5744855863808773,165
6.2599999999999545,7.038417328411641,6.701449547171751,7.009794031829303,6.682369268971595,3.439985644498859,3.439985644498859,166
6.279999999999954,7.02594645524385,6.717085261400263,6.99874117029233,6.698950229193322,3.269567131043761,3.269567131043761,166
6.299999999999954,7.013472193579248,6.732718328787153,6.98772283831484,6.715383807984966,3.104053652845141,3.104053652845141,167
6.319999999999953,7.000997931914646,6.7483513961740424,6.976590474475787,6.731920243845844,2.9422894919809606,2.9422894919809606,167
6.339999999999953,6.988523670250044,6.763984463560932,6.96553090233111,6.748344494798846,2.7807840611111594,2.7807840611111594,168
6.359999999999952,6.976049408585442,6.779617530947822,6.954314907662896,6.764833451158618,2.6286071322387956,2.6286071322387956,168
6.379999999999952,6.9635751469208405,6.795250598334711,6.943098912994682,6.78132240751839,2.4764302033665793,2.4764302033665793,168
6.3999999999999515,6.951213514836239,6.810972698345353,6.931877142232867,6.797819855479498,2.3385734559988944,2.3385734559988944,168
6.419999999999951,6.938882610526464,6.826719088373012,6.92064450475866,6.814223927885625,2.210786144345793,2.210786144345793,169
6.439999999999951,6.926551706216689,6.84246547840067,6.9093636015981374,6.8306896871854486,2.083507137311378,2.083507137311378,169
6.45999999999995,6.914220801906914,6.858211868428329,6.898078561183604,6.847116073898584,1.958797058951192,1.958797058951192,170
6.47999999999995,6.902208854808847,6.874186241368419,6.886767157750271,6.863571983986846,1.8737888563311969,1.8737888563311969,170
6.499999999999949,6.891301951771651,6.890950473117509,6.875448359498972,6.880032039093104,1.924963868475528,1.924963868475528,171
6.519999999999949,6.880395048734456,6.907714704866599,6.864108243173545,6.896497915073691,1.9775651914341539,1.9775651914341539,171
6.5399999999999485,6.869488145697261,6.92447893661569,6.852768126848118,6.912963791054278,2.0301665143928527,2.0301665143928527,171
6.559999999999948,6.858581242660065,6.94124316836478,6.841428869586061,6.929421973670377,2.0831335676639444,2.0831335676639444,172
6.579999999999948,6.84767433962287,6.958007400113869,6.830083458814381,6.945883991534427,2.136389765942872,2.136389765942872,172
6.599999999999947,6.836767436585674,6.97477163186296,6.818738048042701,6.962346009398478,2.1896459642219224,2.1896459642219224,172
6.619999999999947,6.826310652677342,6.9918096533298755,6.80741034004584,6.978796246174625,2.2947125819083034,2.2947125819083034,173
6.639999999999946,6.816440087985398,7.009204248831414,6.79611100292601,6.995207090893899,2.4681817795282615,2.4681817795282615,173
6.659999999999946,6.8065695232934535,7.026598844332952,6.78479274941403,7.011655546897127,2.6410793605097957,2.6410793605097957,174
6.6799999999999455,6.796698958601509,7.04399343983449,6.773517805317489,7.028086452401615,2.8114019932533543,2.8114019932533543,174
6.699999999999945,6.786828393909565,7.061388035336028,6.762242861220949,7.044517357906103,2.9817246259968395,2.9817246259968395,174
6.719999999999945,6.776957829217621,7.078782630837566,6.750932219573423,7.061056501436536,3.148885550308604,3.148885550308604,175
6.739999999999944,6.767087264525677,7.096177226339104,6.739711187039215,7.077531288793282,3.3122810954196695,3.155449390085141,175
6.759999999999944,6.7576294350038335,7.113799149769709,6.728515179925457,7.093969333677429,3.522586343899082,3.221420948742833,175
6.779999999999943,6.748203719139621,7.131438760889207,6.717276829450887,7.110590337351359,3.7297845377885364,3.297618472438192,176
6.799999999999943,6.738778003275408,7.149078372008705,6.706155961550902,7.127087213202017,3.934219963266411,3.3738159961334744,176
6.8199999999999426,6.729352287411197,7.166717983128203,6.6949160691572365,7.143908013501713,4.1305542509399,3.4511878719307054,177
6.839999999999942,6.719926571546984,7.184357594247701,6.683920613892209,7.160507855742119,4.318841295326938,3.5442461521579838,177
6.859999999999942,6.710500855682771,7.201997205367199,6.67292515862718,7.177107697982525,4.5071283397140505,3.637304432385307,177
6.879999999999941,6.701075139818559,7.219636816486697,6.661801818902366,7.193934284719919,4.693627461791684,3.7308355228768755,178
6.899999999999941,6.691649423954347,7.237276427606195,6.650892826950254,7.210603161766547,4.870896539556795,3.8422837931455165,178
6.91999999999994,6.6822237080901346,7.2549160387256935,6.639983834998143,7.227272038813174,5.0481656173217555,3.9537320634141118,178
6.93999999999994,6.672797992225922,7.2725556498451915,6.629366451623882,7.243349431306046,5.233834082604192,4.065180333682706,179
6.95999999999994,6.663372276361709,7.29019526096469,6.618263074553025,7.2598608729165495,5.436005138032683,4.214808469984909,179
6.979999999999939,6.653946560497498,7.307834872084188,6.607159697482168,7.276372314527052,5.638176193461223,3.0986912574689147,179
6.999999999999939,6.643554101039544,7.324843631348003,6.59674252584924,7.291463780227065,5.749380864626595,1.6015210834650702,180
7.019999999999938,6.631203662199355,7.340574704434564,6.585143253237864,7.307730486151936,5.657122897990413,0.21281714809588412,180
7.039999999999938,6.618853223359166,7.356305777521126,6.57486288824618,7.3221208169551995,5.571140917484276,0.7979165833019004,181
7.059999999999937,6.606502784518978,7.372036850607688,6.562590881681635,7.337912839890021,5.561207888809445,2.2601203455203036,181
7.079999999999937,6.594152345678789,7.387767923694249,6.5503188751170915,7.353704862824841,5.551274860134544,3.736918004382349,181
7.099999999999937,6.5818019068386,7.403498996780811,6.538046868552549,7.369496885759663,5.54134183145952,3.8195027864305406,181
7.119999999999936,6.5694514679984115,7.419230069867372,6.527144084959879,7.38280096375312,5.583004954191409,3.7608091583213126,182
7.139999999999936,6.557101029158223,7.434961142953934,6.5141074674062525,7.397941197242196,5.673555087086514,3.7838686494145928,182
7.159999999999935,6.544750590318035,7.450692216040496,6.501070849852627,7.413081430731272,5.764105219981619,3.806928140507874,182
7.179999999999935,6.532400151477846,7.466423289127057,6.489689371538006,7.425678832707379,5.90281411871026,3.829987631601154,183
7.1999999999999345,6.5200497126376575,7.482154362213619,6.475948176053532,7.440083176954914,6.095022689172882,3.88164171540867,183
7.219999999999934,6.507699273797469,7.497885435300181,6.462206980569055,7.4544875212024495,6.287231259635694,4.007100033817356,183
7.239999999999934,6.49534883495728,7.513616508386742,6.450715484413865,7.466084088342676,6.520327396670303,4.132558352225983,184
7.259999999999933,6.48204624932191,7.528457175096127,6.436240508744111,7.4796762147813585,6.691597685987803,4.203129669486911,184
7.279999999999933,6.467177212745513,7.541832964840651,6.421664074219774,7.4933636119556395,6.648852493141133,4.095341593113819,184
7.299999999999932,6.452308176169115,7.555208754585176,6.409653758910033,7.504416898050175,6.632655578261282,3.987553516740663,185
7.319999999999932,6.437439139592717,7.568584544329701,6.394346940748606,7.517271387988271,6.700729523671645,3.8797654403675073,185
7.3399999999999315,6.42257010301632,7.581960334074226,6.379040122587179,7.530125877926367,6.768803469082006,3.878686783601176,185
7.359999999999931,6.407701066439922,7.5953361238187505,6.366719368,7.540472706,6.847988187617955,3.8983909421220786,185
7.379999999999931,6.392832029863525,7.608711913563275,6.3510455180639145,7.552027030104303,7.042221653098042,3.9180951006430473,186
7.39999999999993,6.377962993287127,7.6220877033078,6.335023143886506,7.563838276538401,7.236592005572562,4.014695668659072,186
7.41999999999993,6.363093956710729,7.635463493052325,6.319000769709097,7.575649522972499,7.430962358047009,4.152750382235952,186
7.439999999999929,6.348224920134332,7.648839282796849,6.308667810633651,7.5831121788068065,7.671256162433076,4.290805095812831,187
7.459999999999929,6.331953293557028,7.659885485131482,6.291591878198317,7.593444469440696,7.773964507110653,4.216233823870939,188
7.4799999999999285,6.313174843643633,7.666768058694483,6.276579414812445,7.602037546690746,7.435902497750048,3.719809610407771,189
7.499999999999928,6.294396393730239,7.673650632257485,6.262962881359723,7.609077747058559,7.181729041714859,3.2233853969446766,190
7.519999999999928,6.275617943816845,7.6805332058204865,6.248684559971821,7.615653618433919,7.0247904059798225,2.761086815313979,191
7.539999999999927,6.256839493903451,7.687415779383488,6.234968072608192,7.621054735527777,6.987236371480698,2.3896611214385235,192
7.559999999999927,6.238061043990057,7.69429835294649,6.215983443606316,7.62731173202616,7.0531041542203825,2.018235427563022,192
7.579999999999926,6.219282594076662,7.701180926509491,6.2021760425148535,7.630953969733114,7.228042310617698,1.66991435837647,193
7.599999999999926,6.2005041441632684,7.708063500072492,6.187821735283542,7.633991406995408,7.514997317240208,1.4200179485911528,194
7.6199999999999255,6.181725694249874,7.714946073635494,6.173406557,7.636459532,7.892620136863496,1.1701215388059556,194
7.639999999999925,6.16294724433648,7.721828647198495,6.1550214569099015,7.638201995584493,8.4001398598482,0.994864324713903,195
7.659999999999925,6.144168794423085,7.728711220761497,6.142564951882749,7.6389163494320425,8.9809193449042,0.920737435657764,196
7.679999999999924,6.12518181163129,7.731290631227097,6.126578912,7.639201879,9.209934948838626,0.5134161931664387,196
7.699999999999924,6.105825852719331,7.726256065247934,6.110002039537676,7.638413783394943,8.794149769865289,0.5147708356497762,197
7.719999999999923,6.086469893807371,7.721221499268772,6.095996217069093,7.636961380133679,8.479692513026013,1.4857925711966895,198
7.739999999999923,6.067113934895413,7.71618693328961,6.082131731524984,7.635276490876019,8.229236846251363,2.38976857080325,199
7.7599999999999225,6.047757975983454,7.711152367310448,6.062517053760896,7.63163580825424,8.087467799614446,3.1691627552281507,199
7.779999999999922,6.028402017071495,7.706117801331286,6.048935279508117,7.6283631088686,8.042019066290548,3.886975064451715,200
7.799999999999922,6.0090460581595355,7.701083235352123,6.029598305936617,7.62325664981773,8.049454829137693,4.494453932054144,200
7.819999999999921,5.989690099247577,7.696048669372961,6.014925826264012,7.618624382131639,8.143317611928667,4.986716411547837,201
7.839999999999921,5.970334140335618,7.691014103393798,5.9998996245348595,7.6131237989887826,8.331276838661426,5.411144218576278,202
7.85999999999992,5.950978181423658,7.685979537414636,5.981310911319847,7.606067923279466,8.547479497865716,5.710500588469984,202
7.87999999999992,5.9316222225117,7.6809449714354745,5.96593430215941,7.599697245638254,8.819587154153655,5.9171629342450975,203
7.8999999999999195,5.912266263599741,7.675910405456312,5.949375021613405,7.59255025823999,9.124677564299743,5.99142792462052,204
7.919999999999919,5.893273150288569,7.669809436586053,5.931256517042354,7.584484591081896,9.339735226579428,6.148470630386572,204
7.939999999999919,5.874863343812193,7.661994129458219,5.913568831023406,7.576592540157496,9.376324543949362,6.342514180975617,205
7.959999999999918,5.856453537335818,7.654178822330385,5.89535767283793,7.56833892619058,9.424446683205982,6.483442406644153,205
7.979999999999918,5.838043730859441,7.646363515202551,5.876709721491308,7.559973756503927,9.46480281862757,6.540538837252951,206
7.999999999999917,5.819633924383066,7.638548208074717,5.857436944587888,7.5514019608095175,9.499229836683297,6.515743094319671,207
8.019999999999918,5.801224117906689,7.6307329009468825,5.839089440883107,7.543443028841407,9.514885420381402,6.453677792919548,207
8.039999999999917,5.782814311430314,7.622917593819048,5.819269999030639,7.535041887126395,9.513756873678096,6.303035321666482,208
8.059999999999917,5.764404504953938,7.615102286691214,5.800797224982235,7.527378362073045,9.497324371354392,6.111293028688096,208
8.079999999999917,5.745994698477562,7.60728697956338,5.780519705712472,7.519329383796976,9.44908184829442,5.885396077547423,209
8.099999999999916,5.727584892001186,7.599471672435546,5.760038964671775,7.511356643763922,9.390167789080717,5.652194422128389,210
8.119999999999916,5.7091750855248105,7.591656365307712,5.741293584538696,7.504452442082914,9.293073875043385,5.387975924708233,210
8.139999999999915,5.690765279048435,7.583841058179877,5.720328370565761,7.496935923676793,9.179585384460946,5.123055967420558,211
8.159999999999915,5.672355472572058,7.576025751052043,5.701445148136677,7.490512293634621,9.032585800276676,4.857616104726084,211
8.179999999999914,5.653945666095683,7.568210443924209,5.68058001970757,7.483500535076194,8.879840904747114,4.593130151560889,212
8.199999999999914,5.635535859619307,7.560395136796375,5.66159024560325,7.477529800773886,8.686480842735035,4.3488657011002765,212
8.219999999999914,5.617126053142932,7.552579829668541,5.640787927771964,7.471294566941702,8.465918879561295,4.117612327540662,213
8.239999999999913,5.598716246666555,7.5447645225407065,5.621718963619619,7.465743653726418,8.230080616487193,3.9165629083101607,213
8.259999999999913,5.58030644019018,7.536949215412872,5.59997523980939,7.4599613495114525,7.946063915244858,3.715513489079693,214
8.279999999999912,5.561896633713804,7.529133908285038,5.580819099013426,7.45506735368001,7.6445498259053615,3.5528373110760882,214
8.299999999999912,5.5434868272374285,7.521318601157204,5.561662958217463,7.450173357848568,7.343035736565884,3.411127392405229,214
8.319999999999911,5.525077020761053,7.51350329402937,5.54089877166979,7.444927304732868,7.037751139257501,3.291371608545916,215
8.339999999999911,5.506667214284676,7.505687986901536,5.52060899140812,7.440489986155231,6.667197650193785,3.206157775596192,216
8.35999999999991,5.488257407808301,7.497872679773701,5.5014060615124025,7.4363836797400245,6.287912387567047,3.1581492377079687,216
8.37999999999991,5.469847601331925,7.490057372645867,5.480790148233841,7.432079389501992,5.900157508178974,3.1408489554578547,217
8.39999999999991,5.45143779485555,7.482242065518033,5.461589271571259,7.428455488116585,5.473617074724493,3.123548673207706,217
8.41999999999991,5.433027988379173,7.474426758390199,5.441354810870255,7.42465303444648,5.046542943464919,3.1636839651080635,218
8.439999999999909,5.414618181902798,7.466611451262365,5.4221743597486185,7.421444268874321,4.579487076641294,3.2215461985227956,218
8.459999999999908,5.396208375426422,7.458796144134531,5.402993908626983,7.418235503302163,4.11243120981777,3.302567182529572,218
8.479999999999908,5.3777985689500465,7.450980837006696,5.383046371019427,7.415214092628784,3.6149680910822566,3.4187113646073146,219
8.499999999999908,5.35938876247367,7.443165529878863,5.363902012196558,7.41240517592152,3.108968958742103,3.108968958742103,219
8.519999999999907,5.340978955997294,7.435350222751029,5.344236015781312,7.409707769385005,2.58484787379333,2.58484787379333,220
8.539999999999907,5.322569149520919,7.427534915623195,5.325141585232466,7.407282428059367,2.041520702841488,2.041520702841488,220
8.559999999999906,5.304159343044543,7.4197196084953605,5.3057686772606605,7.404869325024848,1.49372311950292,1.49372311950292,221
8.579999999999906,5.285749536568167,7.411904301367526,5.286735451007497,7.4028066827653145,0.9150884739356667,0.9150884739356667,221
8.599999999999905,5.267339730091791,7.404088994239692,5.267702224754334,7.400744040505782,0.33645382836831583,0.33645382836831583,221
8.619999999999905,5.248929923615416,7.396273687111858,5.248689734849614,7.398918162450906,0.26553607028145154,0.26553607028145154,222
8.639999999999905,5.23052011713904,7.388458379984024,5.229726526935268,7.397195798306558,0.8773383859975268,0.05806247187291817,222
8.659999999999904,5.2121103106626645,7.38064307285619,5.211000812278246,7.395561142252067,1.4959270743095638,0.7692537947413897,223
8.679999999999904,5.193700504186288,7.372827765728355,5.192114227218068,7.394156494300956,2.1387635146120996,1.5965377317032032,223
8.699999999999903,5.1752906977099125,7.365012458600521,5.173227642157889,7.392751846349846,2.781599954914641,2.423760153234566,223
8.719999999999903,5.156790471083115,7.35748971377305,5.154784447877542,7.391573521891298,3.4142789940818923,3.2218907794658818,224
8.739999999999903,5.1371813817834,7.353554791050078,5.1350122568362115,7.390409817591699,3.691880394081224,3.6640086236399974,224
8.759999999999902,5.117572292483684,7.349619868327105,5.115804455897211,7.389321686588766,3.974115775211435,3.974115775211435,225
8.779999999999902,5.097963203183968,7.345684945604133,5.096059302247077,7.388442477359653,4.279989907233147,4.279989907233147,225
8.799999999999901,5.078354113884253,7.34175002288116,5.076314148596942,7.387563268130539,4.585864039254953,4.585864039254953,225
8.8199999999999,5.058745024584538,7.337815100158188,5.057203988182199,7.386874897732964,4.90839946547885,4.90839946547885,226
8.8399999999999,5.03899126843249,7.335320035045201,5.037391407154383,7.386252557036559,5.0957642729127155,5.0957642729127155,226
8.8599999999999,5.018991318423582,7.3352753176975405,5.017965883199088,7.385662478299737,5.039759390041495,5.039759390041495,227
8.8799999999999,4.998991368414675,7.335230600349879,4.997973303431662,7.385255606880966,5.003536484072929,5.003536484072929,227
8.899999999999899,4.978991418405767,7.335185883002219,4.97853389128016,7.384870528808404,4.968675235872003,4.968675235872003,228
8.919999999999899,4.958991468396859,7.335141165654559,4.9585352253473785,7.384686368652048,4.954730363786322,4.954730363786322,228
8.939999999999898,4.938991518387952,7.335096448306898,4.938536559414596,7.384502208495691,4.940785491700642,4.940785491700642,228
8.959999999999898,4.919109505865381,7.336837932490683,4.918672268028193,7.384319285743748,4.748336638938575,4.748336638938575,228
8.979999999999897,4.899289060426304,7.339511870148254,4.899383339710699,7.384355595229202,4.484382418705104,4.4298738491168175,229
8.999999999999897,4.879468614987228,7.342185807805824,4.879557360227049,7.384397277296309,4.221156277921711,3.9901046687499693,229
9.019999999999897,4.8596481695481515,7.344859745463395,4.860102405639271,7.384499624077842,3.9642481090297346,3.5944167633519513,230
9.039999999999896,4.839827724109075,7.3475336831209646,4.840253925673918,7.3847270691727624,3.7195827908139765,3.205613624973929,230
9.059999999999896,4.820007278669999,7.350207620778535,4.820405445708565,7.384954514267684,3.4749174725982193,2.8787261688020944,230
9.079999999999895,4.800186833230922,7.352881558436106,4.800840913399797,7.3852975907745515,3.242263057548606,2.5620915751596267,231
9.099999999999895,4.780366387791846,7.355555496093676,4.780974602456887,7.385698446742388,3.0149086203223856,2.3169731009910355,231
9.119999999999894,4.760578694674332,7.358424588456406,4.7613665632813,7.386097171724216,2.7683796734836092,2.080858471222779,232
9.139999999999894,4.740971257006151,7.362367732898136,4.7416628318961145,7.3866581584325495,2.430026848558102,1.799307486957485,232
9.159999999999894,4.721363819337969,7.366310877339867,4.7219591005109285,7.387219145140882,2.091674023632415,1.5743041999619636,232
9.179999999999893,4.701756381669787,7.370254021781598,4.702392291768829,7.387823180277474,1.7580663011026436,1.388810483229334,233
9.199999999999893,4.6821489440016055,7.374197166223329,4.682667973184602,7.388537095709871,1.4349319460231809,1.2556722701512029,233
9.219999999999892,4.662541506333424,7.37814031066506,4.662943654600374,7.389251011142268,1.111797590943807,1.111797590943807,233
9.239999999999892,4.642934068665242,7.38208345510679,4.64328301012723,7.390049428732988,0.7973612478492715,0.7973612478492715,234
9.259999999999891,4.62332663099706,7.386026599548521,4.623540728274119,7.390914219531461,0.48923068936521086,0.48923068936521086,234
9.279999999999891,4.603650304677834,7.389604070445695,4.603745676985224,7.391781321841989,0.21793392392382313,0.21793392392382313,234
9.29999999999989,4.583952144708289,7.393065644338335,4.583936928467218,7.392767113093878,0.029891878145906072,0.029891878145906072,235
9.31999999999989,4.564192000271578,7.39337839279963,4.564212087800674,7.393772495063869,0.039461386633439934,0.039461386633439934,235
9.33999999999989,4.544350329653616,7.390866798268599,4.544573412429363,7.394780034277456,0.3919589517520302,0.3919589517520302,236
9.35999999999989,4.5247615869744235,7.3870035128351,4.525267645349222,7.395880602732416,0.8891502692106599,0.8891502692106599,236
9.379999999999889,4.505354235040116,7.382170843707391,4.506197764312349,7.396967723975611,1.4820904402402124,1.4820904402402124,236
9.399999999999888,4.485946883105807,7.377338174579683,4.487236598188746,7.398065321385516,2.0767233318516953,2.0767233318516953,237
9.419999999999888,4.4665395311715,7.372505505451975,4.468203642766277,7.399249617994752,2.679583592837849,2.679583592837849,237
9.439999999999888,4.447132179237192,7.3676728363242665,4.449170687343807,7.400433914603987,3.2824438538240033,3.2824438538240033,237
9.459999999999887,4.427724827302884,7.362840167196558,4.430313039649755,7.401627731822836,3.8873821690054378,3.8873821690054378,238
9.479999999999887,4.408317475368577,7.35800749806885,4.411312762378974,7.4028955802350795,4.498790576184711,4.498790576184711,238
9.499999999999886,4.388910123434269,7.353174828941142,4.392312485108191,7.404163428647323,5.1101989833638894,5.1101989833638894,238
9.519999999999886,4.3695027714999615,7.348342159813433,4.373563439371132,7.405439962590042,5.724201346455623,5.724201346455623,239
9.539999999999885,4.350095419565654,7.343509490685725,4.354595709809469,7.406788905040971,6.343923780612011,6.343923780612011,239
9.559999999999885,4.330688067631346,7.338676821558017,4.335627980247805,7.408137847491899,6.963646214768309,6.963646214768309,239
9.579999999999885,4.3112807156970385,7.333844152430308,4.317028749823838,7.409497344872743,7.587124239825567,7.587124239825567,240
9.599999999999884,4.291873363762731,7.3290114833026,4.298097861632488,7.410935689876588,8.216033103942605,8.216033103942605,240
9.619999999999884,4.272466011828423,7.324178814174892,4.279731612407576,7.412343431430089,8.84634878779442,8.84634878779442,241
9.639999999999883,4.253058659894116,7.319346145047183,4.260850744313938,7.413899394019468,9.487377651817548,9.487377651817548,241
9.659999999999883,4.233651307959808,7.314513475919474,4.2419698762203,7.415455356608848,10.128406515840584,10.128406515840584,241
9.679999999999882,4.2142439560255,7.309680806791766,4.223089008126662,7.417011319198227,10.769435379863621,10.769435379863621,241
9.699999999999882,4.194836604091193,7.304848137664058,4.204642401249259,7.418587296878761,11.416107040831745,11.416107040831745,242
9.719999999999882,4.175429252156885,7.300015468536349,4.185791798953887,7.4202124643557505,12.06428621184411,12.06428621184411,242
9.739999999999881,4.156021900222577,7.295182799408641,4.1666964466240595,7.42185321567087,12.711939386625376,12.711939386625376,243
9.75999999999988,4.13661454828827,7.290350130280933,4.14783032215849,7.423443068510754,13.35646801746441,13.35646801746441,243
9.77999999999988,4.1190536317069535,7.291584554323129,4.129061781876689,7.425003455507965,13.379374523193894,13.379374523193894,244
9.79999999999988,4.105628729108325,7.30640926309657,4.114606174557782,7.426087813777727,12.001479083821398,12.001479083821398,244
9.81999999999988,4.092203826509697,7.321233971870011,4.100150567238875,7.427172172047489,10.623583644448905,10.623583644448905,244
9.839999999999879,4.078778923911068,7.3360586806434505,4.085694959919968,7.428256530317251,9.2456882050765,9.2456882050765,244
9.859999999999879,4.06535402131244,7.350883389416891,4.070047503494871,7.429319823520811,7.857673300624915,7.857673300624915,245
9.879999999999878,4.051929118713812,7.365708098190332,4.055786581957416,7.430173169059856,6.4580379256307285,6.4580379256307285,245
9.899999999999878,4.038504216115183,7.380532806963773,4.040008705198138,7.431012357037954,5.0501964942885955,5.0501964942885955,246
9.919999999999877,4.025079313516555,7.395357515737213,4.026154274521456,7.431425273549155,3.6083773288598477,3.6083773288598477,246
9.939999999999877,4.011654410917926,7.4101822245106534,4.012299843844775,7.431838190060356,2.166558163431015,2.166558163431015,246
9.959999999999877,3.998227593212621,7.42500511167751,3.998443554003903,7.43225116198196,0.7249267830476979,0.7249267830476979,246
9.979999999999876,3.9840928522027204,7.439154638050609,3.9842098620363484,7.432456066581112,0.6699593348339951,0.6699593348339951,247
9.999999999999876,3.96995811119282,7.453304164423709,3.9703265194159343,7.432213554036816,2.10938277965509,0.8437676250696351,247
10.019999999999875,3.9554895215828223,7.466559151908659,3.958057612463999,7.431872319095962,3.478176909459841,1.0402322859152169,248
10.039999999999875,3.9355406572784224,7.465129881827599,3.938112258499059,7.430395635366555,3.482931251194194,2.0299514052927714,248
10.059999999999874,3.915591792974022,7.463700611746539,3.9220289124835466,7.4279433757989946,3.6332030361490455,3.040823555055825,249
10.079999999999874,3.895642928669622,7.462271341665479,3.902457036687806,7.424419990945993,3.8459807843683107,3.8459807843683107,249
10.099999999999874,3.875694064365222,7.460842071584419,3.8904682806003374,7.420689704766872,4.278422637389628,4.278422637389628,250
10.119999999999873,3.855745200060822,7.459412801503359,3.874334237,7.414753122,4.837395236766287,4.837395236766287,250
10.139999999999873,3.8357963357564215,7.457983531422299,3.866128218182188,7.409607888137194,5.709838837251178,5.709838837251178,251
10.159999999999872,3.8158474714520216,7.456554261341239,3.85496805,7.402610381,6.663604049010188,6.663604049010188,251
10.179999999999872,3.7958986071476217,7.4551249912601785,3.852176822620264,7.3997724740049895,7.893756205553311,7.893756205553311,252
10.199999999999871,3.7759497428432214,7.453695721179119,3.841653268353271,7.3890729271019016,9.215779282728178,9.215779282728178,252
10.219999999999871,3.7560008785388215,7.452266451098058,3.841206193,7.388618375,10.6353294276259,10.6353294276259,252
10.23999999999987,3.736052014234421,7.450837181016999,3.841206193,7.388618375,12.21825729555743,12.21825729555743,252
10.25999999999987,3.716103149930021,7.449407910935939,3.837101242668797,7.381323183022519,13.883828226201105,13.883828226201105,253
10.27999999999987,3.696154285625621,7.4479786408548785,3.805471696,7.337946655,15.510426854902704,15.463899625610056,258
10.29999999999987,3.676205421321221,7.446549370773819,3.801845937,7.335095985,16.795057719602294,16.795057719602294,260
10.319999999999869,3.656256557016821,7.445120100692758,3.801845937,7.335095985,18.248718748958783,18.248718748958783,260
10.339999999999868,3.6752605628623405,7.439183958001828,3.801845937,7.335095985,16.38846029046065,16.38846029046065,260
10.359999999999868,3.6943560198572407,7.433237234352968,3.801845937,7.335095985,14.55533823444814,14.55533823444814,260
10.379999999999868,3.7134514768521405,7.4272905107041085,3.801845937,7.335095985,12.772396468414646,12.772396468414646,260
10.399999999999867,3.7325469338470407,7.421343787055249,3.801845937,7.335095985,11.063921184351992,11.063921184351992,260
10.419999999999867,3.7516423908419405,7.415397063406389,3.809537343,7.341282888,9.404645916541979,9.128540007127858,258
10.439999999999866,3.7707378478368407,7.409450339757529,3.8200231269083273,7.3497820724488765,7.739083186509345,7.16292113521924,266
10.459999999999866,3.7898333048317405,7.40350361610867,3.828546274826911,7.356838025089481,6.063308858220149,5.207122243134619,267
10.479999999999865,3.8089287618266408,7.39755689245981,3.8369343161829725,7.363796382057875,4.386437207352469,3.2513252585229018,268
10.499999999999865,3.8280242188215405,7.39161016881095,3.8452730656383047,7.370696506922301,2.7109112307505097,1.2955282739112217,269
10.519999999999865,3.8471196758164403,7.38566344516209,3.8536815935581408,7.377618528237091,1.0381688339522537,0.6288046552906483,270
10.539999999999864,3.8662151328113405,7.379716721513231,3.862235571717402,7.38459566691592,0.6296111080882524,0.6296111080882524,270
10.559999999999864,3.8853105898062403,7.373769997864371,3.8709822931592712,7.39163511399686,2.2901145369410325,2.2901145369410325,271
10.579999999999863,3.9044060468011406,7.367823274215511,3.880043053113574,7.398850889028801,3.9449567075220155,3.9449567075220155,272
10.599999999999863,3.9235015037960403,7.3618765505666515,3.888967068010525,7.405858057317774,5.591958682897187,5.591958682897187,272
10.619999999999862,3.9425969607909406,7.355929826917792,3.8986518781783865,7.413317607111559,7.228089375064749,7.228089375064749,273
10.639999999999862,3.9616924177858404,7.349983103268932,3.9087057266006866,7.4209759593129405,8.858653990328422,8.193407417564394,274
10.659999999999862,3.9807878747807406,7.344036379620072,3.919851214,7.429294578,10.479616890945122,8.834643469909324,275
10.679999999999861,3.9998833317756404,7.3380896559712125,3.9292974331212074,7.436097787634177,12.07806398431421,9.407682123187696,275
10.69999999999986,4.01897878877054,7.332142932322353,3.942932834372793,7.445648149674909,13.662511316194879,9.945203837311169,276
10.71999999999986,4.03807424576544,7.326196208673493,3.960721989,7.457566485,15.245170097053476,10.482725551434731,277
10.73999999999986,4.057169702760341,7.320249485024633,3.981759846,7.470344296,16.797350617983252,10.964479963501375,278
10.75999999999986,4.07626515975524,7.314302761375774,4.004472998,7.482663862,18.302889032306204,11.433988537836294,279
10.779999999999859,4.09355937069593,7.317295982944,4.0136567721234035,7.486988205256072,18.756299094398138,11.006139394511568,279
10.799999999999859,4.108862095016944,7.330173351788412,4.042042097984751,7.499358902785901,18.19028935165854,9.607541604203616,280
10.819999999999858,4.124164819337958,7.3430507206328235,4.070982975922261,7.509593844623463,17.48282603518474,8.20894381389575,281
10.839999999999858,4.139467543658972,7.355928089477236,4.099852262057833,7.517572723498903,16.64282375209695,6.797876470636545,282
10.859999999999857,4.154770267979985,7.368805458321647,4.1287400538330115,7.523427346944769,15.679764185062947,5.38618683136272,283
10.879999999999857,4.171042881485138,7.380288015032761,4.157688695507574,7.527235360673726,14.755289449566389,4.104374787611516,284
10.899999999999856,4.1884422350514425,7.390150190019786,4.186208662293557,7.529100046720524,13.896780751102188,2.9723513945381748,285
10.919999999999856,4.205841588617747,7.400012365006812,4.203762011347933,7.529382210971631,12.938655914190731,1.8403280014646566,285
10.939999999999856,4.223240942184051,7.4098745399938375,4.229951564621526,7.5283693890002485,11.868471550520098,0.7100189353613765,286
10.959999999999855,4.240640295750356,7.419736714980863,4.244959055,7.527519482,10.786925673127556,0.415769409946978,286
10.979999999999855,4.25803964931666,7.429598889967888,4.269979198131913,7.524367278780869,9.551753945805014,1.5415577552552364,287
10.999999999999854,4.2754390028829645,7.439461064954914,4.280472414,7.523045274,8.373562700049348,2.6673461005635026,287
11.019999999999854,4.292838356449269,7.44932323994194,4.305866850023443,7.5182448765823136,7.01422386440581,3.7878764158348552,288
11.039999999999853,4.310237710015573,7.459185414928966,4.323233942499307,7.514662349585993,5.697887624121239,4.903077740516482,289
11.059999999999853,4.329168555375382,7.464426075264953,4.340016095414418,7.510730900196968,4.75584475869752,4.75584475869752,289
11.079999999999853,4.349014177244027,7.466906255227524,4.358904025084094,7.506209641080314,4.0528573004646615,4.0528573004646615,290
11.099999999999852,4.368859799112672,7.4693864351900965,4.376980986996307,7.501660964195527,3.3280608695811154,3.3280608695811154,290
11.119999999999852,4.388705420981316,7.471866615152669,4.394982980078049,7.497144855986989,2.6046059354360716,2.6046059354360716,291
11.139999999999851,4.408551042849962,7.474346795115241,4.4130956345534536,7.492646787485574,1.8855848814246001,1.8855848814246001,291
11.159999999999851,4.428396664718607,7.476826975077813,4.4310550849989285,7.488214900425719,1.1694102877788635,1.1694102877788635,292
11.17999999999985,4.448242286587251,7.4793071550403845,4.449326049238365,7.483949689652794,0.4767354519161797,0.4767354519161797,292
11.19999999999985,4.468117371865203,7.481469793265429,4.4676952510002135,7.47966154611434,0.18568639648833793,0.18568639648833793,292
11.21999999999985,4.488080522482196,7.482683307766059,4.486559224275013,7.475597101218699,0.7247666622232476,0.7247666622232476,293
11.23999999999985,4.508043673099189,7.483896822266687,4.505393778828317,7.471553615626862,1.2624448098837209,1.2624448098837209,293
11.259999999999849,4.528006823716182,7.485110336767317,4.5245861713231115,7.46771828624842,1.7725244259137116,1.7725244259137116,294
11.279999999999848,4.547969974333175,7.486323851267946,4.54357606929911,7.463983370696904,2.276847543410626,2.276847543410626,294
11.299999999999848,4.567933124950168,7.487537365768576,4.5630393265313165,7.460371222500848,2.76034165096833,2.76034165096833,295
11.319999999999848,4.587896275567161,7.488750880269205,4.582163268060256,7.456926172760287,3.233696620127461,3.233696620127461,295
11.339999999999847,4.607859426184153,7.489964394769834,4.601847337989277,7.453527553462322,3.692950864731035,3.692950864731035,296
11.359999999999847,4.627830775467758,7.490397905956351,4.621219742458265,7.4503311017383265,4.0608552765373025,4.0608552765373025,296
11.379999999999846,4.6478150232585875,7.4896042812120935,4.641391237931195,7.447089942304075,4.299690722270955,4.299690722270955,297
11.399999999999846,4.667799271049417,7.488810656467836,4.661046661215335,7.444120068540554,4.51978582330778,4.51978582330778,297
11.419999999999845,4.687783518840247,7.488017031723579,4.681292900925029,7.441090620487131,4.737315898748513,4.737315898748513,298
11.439999999999845,4.707767766631076,7.4872234069793215,4.701009716607734,7.438363492762481,4.9325069258896965,4.9325069258896965,298
11.459999999999845,4.727752014421906,7.486429782235064,4.72072653229044,7.435636365037832,5.127697953030781,5.127697953030781,298
11.479999999999844,4.747736262212736,7.485636157490807,4.741078381504728,7.433026673511735,5.302909748493018,5.302909748493018,299
11.499999999999844,4.767720510003565,7.484842532746549,4.7608464665093555,7.430524965799892,5.475080413075997,5.475080413075997,299
11.519999999999843,4.787704757794396,7.484048908002292,4.781168775739522,7.428071629853139,5.635756143064814,5.635756143064814,300
11.539999999999843,4.8076890055852255,7.483255283258034,4.800975656835916,7.4257589518578975,5.788693441446134,5.788693441446134,300
11.559999999999842,4.827673253376055,7.482461658513777,4.82132224983453,7.423521614503285,5.928122834374457,5.928122834374457,301
11.579999999999842,4.847653382812442,7.481604803839704,4.8411643252238825,7.421383558904845,6.056984571461257,6.056984571461257,301
11.599999999999842,4.867571733855297,7.479799452978076,4.8617174597091335,7.419267942451459,6.081394817319833,6.081394817319833,302
11.619999999999841,4.887490084898152,7.477994102116448,4.881624212693034,7.417342670996743,6.093442831105523,6.093442831105523,302
11.63999999999984,4.907408435941008,7.476188751254821,4.901530965676935,7.415417399542028,6.1054908448912215,6.1054908448912215,302
11.65999999999984,4.927326786983862,7.474383400393193,4.922003370849104,7.41346143888566,6.115410168802329,6.115410168802329,303
11.67999999999984,4.947245138026718,7.472578049531565,4.941927347106215,7.411720463807854,6.108948060339844,6.108948060339844,303
11.69999999999984,4.967163489069573,7.470772698669937,4.9622619795035625,7.409971492033639,6.099845509892436,6.099845509892436,304
11.719999999999839,4.9870818401124275,7.468967347808309,4.982196319580746,7.408364478555027,6.079947427894326,6.079947427894326,304
11.739999999999839,5.007000191155282,7.467161996946682,5.00213065965793,7.4067574650764145,6.060049345896297,6.060049345896297,304
11.759999999999838,5.026912298472873,7.46529795433989,5.022482433899036,7.405222422163727,6.023863599378506,6.023863599378506,305
11.779999999999838,5.046764674353337,7.462872429262561,5.042405336368762,7.403753342212844,5.92795941387569,5.8566202222414265,305
11.799999999999837,5.066617050233801,7.46044690418523,5.062692040731561,7.402294522921618,5.82846904960566,5.28227581172063,306
11.819999999999837,5.086469426114266,7.4580213791079,5.082617356092091,7.4009496587831975,5.720157082001172,4.666834313163875,306
11.839999999999836,5.10632180199473,7.4555958540305705,5.10254267145262,7.399604794644777,5.611845114396677,4.051392814607104,306
11.859999999999836,5.1261741778751935,7.45317032895324,5.122781833299604,7.3983277222380535,5.494742499004057,3.4130040652135443,307
11.879999999999836,5.146026553755657,7.45074480387591,5.142708001656349,7.397095169061135,5.375217301462841,2.7614109238495788,307
11.899999999999835,5.165878929636121,7.4483192787985795,5.162900873754446,7.395871681365392,5.253207870766254,2.08568541903307,308
11.919999999999835,5.185731305516585,7.44589375372125,5.18282673086735,7.394740260311299,5.123589017412329,1.3907987665222092,308
11.939999999999834,5.205583681397049,7.44346822864392,5.202752587980254,7.393608839257206,4.993970164058403,0.6959121140113493,308
11.959999999999834,5.225436057277513,7.441042703566589,5.22290179788789,7.39252651713619,4.858233028996402,0.01515904664882813,309
11.979999999999833,5.2452884331579765,7.43861717848926,5.242826506714093,7.391485743238992,4.719569122881053,0.7499611679530411,309
11.999999999999833,5.265138929089125,7.436176888630853,5.262935530211906,7.390441840085925,4.578809487212833,1.4997277418456647,310
12.019999999999833,5.284965692012454,7.433550204031953,5.282842634398138,7.389482766193841,4.411854996766798,2.2992479474590577,310
12.039999999999832,5.304792454935783,7.430923519433053,5.30274973858437,7.388523692301757,4.244900506320584,2.600771424606061,310
12.059999999999832,5.324619217859111,7.4282968348341525,5.3228046024883495,7.387589511617759,4.074774831064574,2.0912732736880435,311
12.079999999999831,5.3444459807824405,7.425670150235253,5.342708903222493,7.386702235147517,3.9006612833393497,1.580869582867644,311
12.099999999999831,5.36427274370577,7.423043465636352,5.362613203956636,7.385814958677275,3.726547735614041,1.0471778829838518,311
12.11999999999983,5.384099506629098,7.420416781037453,5.382632233381869,7.384972182021307,3.547495581670843,0.49946935798517567,312
12.13999999999983,5.403926269552427,7.417790096438552,5.402533627177233,7.3841483390802365,3.367057010121726,0.05931419296550275,312
12.15999999999983,5.423753032475756,7.415163411839652,5.422524160046484,7.383325955559768,3.186116366081003,0.645525016617199,313
12.17999999999983,5.443579795399084,7.412536727240752,5.442422663193007,7.382557906702925,3.0001143907884087,1.2317358402687928,313
12.199999999999829,5.463406558322413,7.409910042641852,5.462321166339531,7.3817898578460825,2.8141124154957264,1.8560746371946897,313
12.219999999999828,5.4832552995348305,7.407464022007787,5.482299938187075,7.381036952625699,2.644433231205616,2.464551824887661,314
12.239999999999828,5.503133538880645,7.405260479289683,5.502231788868718,7.380316399035168,2.4960374452873877,2.4257700575815884,314
12.259999999999827,5.523011778226459,7.403056936571578,5.522163639550361,7.379595845444636,2.3476416593691556,2.2560513306948735,314
12.279999999999827,5.542890017572272,7.400853393853473,5.542142983532696,7.378900383743925,2.196571675876276,2.0863524581196122,315
12.299999999999827,5.562768256918087,7.398649851135369,5.562073128476419,7.378222185327748,2.04394895703947,1.9167414660206705,315
12.319999999999826,5.582646496263901,7.396446308417264,5.58200327342014,7.3775439869115695,1.8913262382026639,1.7471304739216371,315
12.339999999999826,5.602524735609715,7.394242765699159,5.601966215493512,7.376896355159068,1.7355399832490273,1.577603656274152,316
12.359999999999825,5.622402974955529,7.392039222981055,5.6218947443992375,7.376254695937728,1.5792706933261207,1.4080980509879577,316
12.379999999999825,5.6422812143013426,7.389835680262951,5.641845647174258,7.375614764178269,1.4227584932438737,1.238634531422824,317
12.399999999999824,5.662159453647157,7.387632137544846,5.6617726841992235,7.375004426404206,1.263363286063416,1.0692397013270165,317
12.419999999999824,5.682037692992971,7.385428594826742,5.681699721224189,7.374394088630143,1.1039680788830444,0.8998448712313888,317
12.439999999999824,5.701940312733643,7.383470268258321,5.701656774783775,7.373789902794993,0.9684516987058092,0.7551370790301729,318
12.459999999999823,5.721863281604917,7.381716611691532,5.721613986884549,7.373205355958867,0.8514905871730009,0.6309502799543432,318
12.479999999999823,5.74178625047619,7.379962955124742,5.741571198985322,7.372620809122741,0.7345294756401927,0.5067634808784249,318
12.499999999999822,5.761709219347464,7.378209298557953,5.761535670450601,7.372045808639838,0.6165932791582006,0.382673152456608,319
12.519999999999822,5.781632188218738,7.376455641991162,5.781492195523286,7.371483881394461,0.49737311332331924,0.25858791505876416,319
12.539999999999822,5.801555157090011,7.374701985424373,5.801448720595971,7.370921954149084,0.3781529474885241,0.13459904946857773,319
12.559999999999821,5.821478125961285,7.372948328857583,5.821408002519052,7.37037078878753,0.2578493767663644,0.010616357468843731,320
12.57999999999982,5.841397768280298,7.37115776449862,5.841361589652203,7.369827940111418,0.1330316426241718,0.11706445856526213,320
12.59999999999982,5.861313221898665,7.369320726890223,5.861312254578715,7.369285170935597,0.0035569110436495647,0.0035569110436495647,320
12.61999999999982,5.881228675517032,7.3674836892818245,5.881262207237674,7.3687531686252905,0.12699221156338927,0.12699221156338927,321
12.63999999999982,5.901144129135398,7.365646651673427,5.901212265034933,7.368226212619039,0.258046065130437,0.258046065130437,321
12.659999999999819,5.921059582753765,7.363809614065029,5.921162322832192,7.367699256612788,0.38909991869766003,0.38909991869766003,321
12.679999999999819,5.940975036372132,7.3619725764566315,5.941109137313015,7.3671826780353635,0.5211827081077399,0.5211827081077399,322
12.699999999999818,5.960890489990498,7.360135538848234,5.961058657672763,7.366669204466762,0.6535829464122138,0.6535829464122138,322
12.719999999999818,5.980805943608865,7.358298501239836,5.980996337046902,7.366168715783864,0.7872517172434942,0.7872517172434942,323
12.739999999999817,6.000721397227232,7.3564614636314385,6.000944557216782,7.365686135518788,0.9227370796180188,0.9227370796180188,323
12.759999999999817,6.020636850845598,7.35462442602304,6.02089277738666,7.365203555253712,1.0582224419925412,1.0582224419925412,323
12.779999999999816,6.040552304463965,7.352787388414643,6.040840997556539,7.364720974988636,1.1937078043670635,1.1937078043670635,323
12.799999999999816,6.060492298681328,7.3529020494908375,6.060739811327574,7.364280720879597,1.138136305911655,1.138136305911655,324
12.819999999999816,6.0804476462469825,7.354237752876278,6.080656680283758,7.363847482518821,0.9612002862634855,0.9612002862634855,324
12.839999999999815,6.100402993812637,7.355573456261719,6.100573549239942,7.363414244158045,0.7842642666152297,0.7842642666152297,324
12.859999999999815,6.120358341378293,7.3569091596471585,6.120477107963661,7.3630203504738585,0.611234478920667,0.611234478920667,325
12.879999999999814,6.140313688943948,7.358244863032599,6.140398972784779,7.362633183401831,0.4389149005960516,0.4389149005960516,325
12.899999999999814,6.160269036509604,7.35958056641804,6.160320837605899,7.362246016329805,0.26659532227152677,0.26659532227152677,325
12.919999999999813,6.180224384075259,7.36091626980348,6.180241423563899,7.361891065401882,0.09749445126970367,0.09749445126970367,326
12.939999999999813,6.200179731640914,7.36225197318892,6.200167334535923,7.361542759219326,0.07093223124082867,0.07093223124082867,326
12.959999999999813,6.220135079206569,7.363587676574361,6.220093245507947,7.361194453036769,0.23935891375135948,0.11182458785680392,326
12.979999999999812,6.240090426772225,7.364923379959801,6.24002509077046,7.360867683968427,0.40562222285735133,0.2978882078142198,327
12.999999999999812,6.26004577433788,7.366259083345241,6.259953748642919,7.360546639484644,0.571318506518095,0.48396817699565153,327
13.019999999999811,6.280001121903536,7.367594786730682,6.2798824065153775,7.360225595000863,0.7370147901787514,0.6703217810499993,327
13.03999999999981,6.2999564694691905,7.368930490116122,6.299815565118337,7.3599116978019605,0.9019892950698559,0.8566753851041695,328
13.05999999999981,6.319911817034846,7.370266193501562,6.319745179790775,7.359600329126381,1.0667166017311207,1.0431202482853408,328
13.07999999999981,6.339724767155048,7.372716740027824,6.339515018358699,7.3592914566994665,1.3426921724812977,1.3408771396550638,328
13.09999999999981,6.359375177247976,7.37643982788332,6.359092499282829,7.358978151137273,1.7463964659131903,1.7463964659131903,329
13.11999999999981,6.379025587340904,7.380162915738816,6.378677505670746,7.358661099697502,2.1504633312930093,2.1504633312930093,329
13.139999999999809,6.398675997433832,7.383886003594311,6.398070583426999,7.358322886564317,2.557028506702309,2.557028506702309,330
13.159999999999808,6.41832640752676,7.387609091449807,6.417621853134149,7.3578598517740685,2.975758152432231,2.975758152432231,330
13.179999999999808,6.437976817619688,7.391332179305303,6.4371731228412985,7.357396816983821,3.394487798162065,3.394487798162065,330
13.199999999999807,6.457627227712616,7.3950552671607985,6.456724392548447,7.356933782193572,3.8132174438919018,3.8132174438919018,330
13.219999999999807,6.477277637805544,7.398778355016295,6.475212036763598,7.3563265492421595,4.250202961211838,2.736298483180015,331
13.239999999999807,6.496928047898472,7.40250144287179,6.494635304801708,7.355381460524121,4.71757290071116,1.0042810532110436,331
13.259999999999806,6.5165784579914,7.406224530727286,6.514058572839818,7.354436371806082,5.184942840210571,0.7277363767579947,331
13.279999999999806,6.536228868084328,7.409947618582781,6.531262628837584,7.353546359189864,5.661948068786063,0.5899095092765116,332
13.299999999999805,6.555943030166104,7.413226489918469,6.550538630443955,7.351849070215677,6.161489418744001,2.3318324053366846,332
13.319999999999805,6.575847384042678,7.41518012672098,6.570119152303385,7.350124967648169,6.530686304553135,4.0281816450835475,332
13.339999999999804,6.595751737919251,7.4171337635234895,6.589699674162814,7.34840086508066,6.899883190362181,5.750324171365376,332
13.359999999999804,6.615656091795825,7.419087400326,6.605566864254521,7.346275593610371,7.3507494240889075,7.026037484899951,333
13.379999999999804,6.6355604456723984,7.421041037128511,6.6248306370527725,7.343606293179129,7.817460178037406,7.390215051540203,333
13.399999999999803,6.655464799548971,7.42299467393102,6.644094409851022,7.340936992747888,8.284170931985829,7.7543926181803595,333
13.419999999999803,6.675369153425545,7.424948310733531,6.658059843350763,7.338613757824847,8.80526390360182,8.18015013492727,334
13.439999999999802,6.695273507302118,7.426901947536041,6.6768184756102995,7.33485281887955,9.388093672927036,8.624932057247173,334
13.459999999999802,6.715177861178692,7.428855584338551,6.695577107869837,7.3310918799342515,9.970923442252428,9.069713979567249,334
13.479999999999801,6.735040576954464,7.429784944787097,6.711426424,7.327914233,10.457184200236014,9.491920051182051,334
13.499999999999801,6.754720681095746,7.4262221508008714,6.7269705943278915,7.323706560076446,10.620505476295051,9.492109801575282,335
13.5199999999998,6.774400785237027,7.422659356814645,6.746205687286287,7.318499786211015,10.7908200322239,9.49229955196841,335
13.5399999999998,6.79408088937831,7.419096562828419,6.765440780244683,7.313293012345583,10.96113458815286,9.597971151501621,335
13.5599999999998,6.813760993519591,7.4155337688421925,6.777568968431879,7.309455047667287,11.208281655121347,9.724412455698994,336
13.5799999999998,6.833441097660873,7.411970974855967,6.796285897542426,7.303069190443226,11.506566622638053,9.853432087596909,336
13.599999999999799,6.853121201802154,7.40840818086974,6.815002826652973,7.296683333219166,11.804851590154678,10.116116489514711,336
13.619999999999798,6.872801305943437,7.4048453868835145,6.824882338603287,7.292476632974533,12.215958532183855,10.392330530087937,337
13.639999999999798,6.892481410084718,7.401282592897288,6.842819773322977,7.284827323726207,12.660216381864936,10.678032595184352,337
13.659999999999798,6.912161514226,7.397719798911062,6.860757208042666,7.277178014477881,13.104474231546014,11.129866558666057,337
13.679999999999797,6.931841618367281,7.394157004924836,6.878694642762355,7.269528705229555,13.548732081227213,11.598246529526197,337
13.699999999999797,6.951521722508563,7.39059421093861,6.88633907701556,7.2657309195203,14.085318177904322,12.066626500386255,338
13.719999999999796,6.969344094976958,7.382330810465564,6.903734619784471,7.256649887900962,14.177551809717714,12.112559757541613,338
13.739999999999796,6.9861426443896475,7.371476837108795,6.921388342994736,7.247434077805173,13.992757299688765,11.988494608500886,338
13.759999999999796,7.002941193802336,7.360622863752027,6.930038419275302,7.242223964564901,13.904356821680983,11.876702466949633,339
13.779999999999795,7.019739743215025,7.349768890395258,6.947064871521282,7.231740120394,13.860890131485752,11.919362469735947,339
13.799999999999795,7.036538292627713,7.3389149170384895,6.964091323767261,7.2212562762231,13.81742344129044,11.973297940868145,339
13.819999999999794,7.053336842040403,7.328060943681722,6.972926997,7.215815811,13.807502667086096,12.062836555973552,339
13.839999999999794,7.070135391453091,7.317206970324953,6.987372493614099,7.2051469631998115,13.930952033365958,12.304440077576636,340
13.859999999999793,7.08693394086578,7.306352996968185,7.00342900854885,7.193288283736129,14.055853976013744,12.548062008932915,340
13.879999999999793,7.103732490278468,7.295499023611416,7.019485523483601,7.181429604272446,14.180755918661525,12.852234363391595,340
13.899999999999793,7.120531039691158,7.284645050254648,7.030155164,7.173549448,14.321323872905905,13.249729826033823,340
13.919999999999792,7.137329589103846,7.27379107689788,7.042306162306976,7.163116769245353,14.587067564999598,13.64722528867605,341
13.939999999999792,7.154128138516535,7.262937103541112,7.057340740426683,7.1502082888249,14.857855193911924,14.070571606193496,341
13.959999999999791,7.1709266879292235,7.252083130184343,7.066973171440592,7.141886362963529,15.149145552231788,14.556703805644371,342
13.97999999999979,7.1853152309314945,7.238605785605356,7.081313791667281,7.12835821745809,15.156129338130453,14.697462312714501,342
13.99999999999979,7.197551893050021,7.222786047927475,7.0956849970276386,7.114801219634407,14.845062359828038,14.546994041688551,342
14.01999999999979,7.209788555168548,7.206966310249593,7.110056202387997,7.101244221810724,14.53399538152543,14.396525770662475,342
14.03999999999979,7.222025217287076,7.191146572571711,7.120469093427837,7.090714999009018,14.282908408861147,14.2509869583806,343
14.059999999999789,7.234261879405603,7.17532683489383,7.134428678467282,7.076599105998494,14.040595593642715,14.040595593642715,343
14.079999999999789,7.246498541524129,7.159507097215948,7.148388263506727,7.062483212987971,13.798282778424223,13.798282778424223,343
14.099999999999788,7.258735203642656,7.143687359538066,7.161152237,7.049576319,13.557036302208294,13.557036302208294,343
14.119999999999788,7.270971865761184,7.127867621860185,7.174852665694654,7.035343545269875,13.34151616958105,13.34151616958105,344
14.139999999999787,7.283208527879711,7.112047884182303,7.1886420029243965,7.021018408366975,13.126002098635178,13.126002098635178,344
14.159999999999787,7.2954451899982375,7.096228146504421,7.203180751590975,7.006043992039402,12.901902305930706,12.901902305930706,345
14.179999999999787,7.307681852116764,7.080408408826539,7.217067390465777,6.991837029133906,12.671175936334702,12.671175936334702,345
14.199999999999786,7.319918514235292,7.064588671148658,7.2309540293405785,6.97763006622841,12.440449566738948,12.440449566738948,345
14.219999999999786,7.330596861946074,7.047707861145114,7.244609674880924,6.9636594249961155,12.024115750636087,12.024115750636087,345
14.239999999999785,7.340831882934114,7.030525185411272,7.26019809647285,6.9482934424275085,11.516886329745745,11.503360181833145,346
14.259999999999785,7.351066903922154,7.013342509677431,7.274005702219729,6.934754150994089,11.006615705276252,10.901220918071223,346
14.279999999999784,7.361301924910194,6.996159833943588,7.2878133079666085,6.921214859560671,10.496345080806567,10.245586724108794,346
14.299999999999784,7.371536945898234,6.978977158209746,7.304058800171516,6.906031332711422,9.936998343739477,9.587832626855535,347
14.319999999999784,7.381771966886274,6.961794482475905,7.318139554688935,6.893006006055953,9.370666129059503,8.878221134321972,347
14.339999999999783,7.392006987874314,6.944611806742063,7.332220309206355,6.879980679400482,8.80433391437953,8.168609641788342,347
14.359999999999783,7.402242008862354,6.92742913100822,7.348570380016627,6.865566291219736,8.190027283012673,7.410254079004624,348
14.379999999999782,7.412477029850394,6.910246455274378,7.36291530766787,6.853120764384098,7.562875686793714,6.650968098012608,348
14.399999999999782,7.422712050838434,6.893063779540537,7.379544355672264,6.839078021032128,6.912244228676803,5.851396800953452,349
14.419999999999781,7.432947071826474,6.8758811038066945,7.394168481982949,6.827384384708525,6.209437006314739,5.046200262810135,349
14.439999999999781,7.443182092814514,6.858698428072852,7.408792608293634,6.815690748384921,5.50662978395269,4.204690327312904,349
14.45999999999978,7.455698417780874,6.843202110270856,7.423985773286016,6.803542101535803,5.077999718119082,3.6171518116730277,349
14.47999999999978,7.469123433007333,6.8283775034912715,7.4414081523434685,6.790255610414347,4.7131894870090365,3.1360595130193234,350
14.49999999999978,7.482548448233793,6.813552896711687,7.457241912435287,6.778744190873256,4.303564518242313,2.6238880871197576,350
14.51999999999978,7.495973463460253,6.798728289932102,7.473075672527106,6.767232771332167,3.8939395494755176,2.0881660098940893,350
14.539999999999779,7.5093984786867125,6.783903683152518,7.490274875227364,6.755157596949351,3.452607248544691,1.5399502389682873,351
14.559999999999778,7.522823493913172,6.769079076372933,7.506417747502796,6.744418399762353,2.961920806120987,0.9785642916610635,351
14.579999999999778,7.536248509139632,6.754254469593349,7.522560619778228,6.733679202575353,2.4712343636973073,0.40057489286303133,351
14.599999999999778,7.549673524366092,6.739429862813764,7.539558402090526,6.722611315590338,1.96259835258326,0.18626725616405926,352
14.619999999999777,7.563098539592552,6.72460525603418,7.555964878514867,6.712744023669174,1.3841168794142327,0.7914610405326196,352
14.639999999999777,7.576523554819012,6.709780649254595,7.572371354939211,6.70287673174801,0.8056354062450376,0.8056354062450376,352
14.659999999999776,7.591822659800653,6.6969474106180416,7.589274578781262,6.692710682698572,0.49439438047971473,0.49439438047971473,352
14.679999999999776,7.607433882404843,6.684445821566949,7.606780948040696,6.683234298435308,0.13762672641547932,0.13762672641547932,353
14.699999999999775,7.623045105009034,6.671944232515856,7.624099510869805,6.673900688111713,0.22224963932004735,0.22224963932004735,353
14.719999999999775,7.638656327613224,6.659442643464764,7.641418073698913,6.664567077788118,0.5821260050555319,0.5821260050555319,353
14.739999999999775,7.654267550217414,6.646941054413671,7.658653415316916,6.655958948843496,1.0027872786314558,1.0027872786314558,354
14.759999999999774,7.669878772821604,6.634439465362578,7.676195451003089,6.647427356165304,1.4442497386254807,1.4442497386254807,354
14.779999999999774,7.685489995425794,6.621937876311486,7.693737486689263,6.6388957634871115,1.8857121986195442,1.8857121986195442,354
14.799999999999773,7.701101218029985,6.609436287260392,7.7109755670922855,6.630687950966711,2.3433650583949226,2.3433650583949226,355
14.819999999999773,7.716712440634175,6.596934698209299,7.728592258978195,6.622502551112452,2.819299888206567,2.819299888206567,355
14.839999999999772,7.732323663238365,6.584433109158207,7.746208950864105,6.6143171512581915,3.295234718018131,3.295234718018131,355
14.859999999999772,7.747934885842555,6.571931520107114,7.764009700450183,6.606023601390359,3.7691771925620814,3.4938894488267653,356
14.879999999999772,7.764023722432167,6.5600626615421485,7.781750622717509,6.597658549282034,4.15655358280937,3.2444058416950505,356
14.899999999999771,7.780324996570576,6.548475234672285,7.799556780768921,6.589262737739392,4.509414518428054,2.8042404061211363,356
14.91999999999977,7.796626270708983,6.536887807802421,7.817362938820331,6.58086692619675,4.862275454046818,2.2543029059200648,356
14.93999999999977,7.812927544847391,6.525300380932556,7.836037279025496,6.571573439689404,5.172287482823569,1.6485366979682983,357
14.95999999999977,7.8292288189858,6.513712954062693,7.85371608619549,6.562744273317858,5.480598984874444,0.904340676850831,357
14.97999999999977,7.845530093124208,6.502125527192828,7.871394893365485,6.553915106946311,5.788910486925439,0.1138744139920539,357
14.999999999999769,7.861831367262616,6.490538100322965,7.890645172648719,6.543653132852446,6.042716327477268,0.8253040649224943,358
15.019999999999769,7.878132641401025,6.478950673453101,7.908096687959819,6.534186047134527,6.2839403179092,1.820215435039237,358
15.039999999999768,7.893677285891113,6.466423682222516,7.925357414017909,6.524822460636024,6.643830098911508,2.7242163861278215,358
15.059999999999768,7.908474010098441,6.452967941710293,7.944635819545651,6.513647538647254,7.06377374137104,3.6959537300486645,359
15.079999999999767,7.92327073430577,6.439512201198071,7.961472026876638,6.503614055367044,7.4621621946895385,4.700351590772976,359
15.099999999999767,7.938067458513097,6.4260564606858495,7.978308234207624,6.4935805720868345,7.860550648007987,5.839238112479022,359
15.119999999999767,7.952864182720425,6.412600720173628,7.998110733383719,6.480904861423767,8.193110556342393,6.978124634185157,360
15.139999999999766,7.967660906927754,6.399144979661406,8.01458974899991,6.469988706102691,8.497734871317766,8.220001746192759,360
15.159999999999766,7.982457631135082,6.385689239149184,8.031068764616103,6.459072550781615,8.802359186293234,8.802359186293234,360
15.179999999999765,7.99725435534241,6.372233498636962,8.050571120987774,6.445169593762615,9.03457329986368,9.03457329986368,361
15.199999999999765,8.012051079549739,6.35877775812474,8.066625233803444,6.433433931616695,9.247638916484648,9.247638916484648,361
15.219999999999764,8.026847803757066,6.345322017612518,8.08630803012518,6.418090112432928,9.397187953605837,9.397187953605837,362
15.239999999999764,8.041644527964394,6.331866277100296,8.10177359095534,6.405452901713853,9.502891948341658,9.502891948341658,362
15.259999999999764,8.056441252171723,6.3184105365880745,8.1172391517855,6.392815690994778,9.608595943077363,9.608595943077363,362
15.279999999999763,8.070510060475423,6.30424760203323,8.136873573472846,6.376032173913636,9.7760629178685,9.7760629178685,363
15.299999999999763,8.08353297426536,6.289068546844587,8.151461465929978,6.36254593633745,10.006601194469624,10.006601194469624,363
15.319999999999762,8.096555888055295,6.273889491655944,8.166049358387111,6.349059698761265,10.237139471070934,10.237139471070934,363
15.339999999999762,8.109578801845233,6.258710436467301,8.184485838905788,6.330539941922147,10.37812220735483,10.37812220735483,364
15.359999999999761,8.122601715635168,6.2435313812786575,8.198307137659752,6.316126470307212,10.488735803224378,10.488735803224378,364
15.379999999999761,8.135624629425106,6.228352326090015,8.216284379549805,6.296560047766627,10.563280071309787,10.563280071309787,365
15.39999999999976,8.148647543215041,6.213173270901372,8.229198167665455,6.281288713422544,10.54898886586137,10.54898886586137,365
15.41999999999976,8.161670457004979,6.197994215712729,8.242111955781105,6.266017379078462,10.534697660412819,10.534697660412819,365
15.43999999999976,8.174693370794914,6.182815160524085,8.258299789926859,6.2446149658915,10.396753947034,10.396753947034,366
15.45999999999976,8.18771628458485,6.1676361053354425,8.270156800202821,6.228574103547512,10.251769721102393,10.251769721102393,366
15.479999999999759,8.200739198374787,6.1524570501468,8.28518070360674,6.206171346030524,10.007793657006559,10.007793657006559,367
15.499999999999758,8.213131307773585,6.136764852243384,8.295856994063945,6.189387694273242,9.804439135162424,9.804439135162424,367
15.519999999999758,8.225341635345087,6.120924779623708,8.309395445293386,6.166021863968566,9.53875777197012,9.53875777197012,368
15.539999999999758,8.237551962916589,6.105084707004033,8.318723697480982,6.148635481945948,9.211688493557276,9.211688493557276,368
15.559999999999757,8.249762290488091,6.089244634384357,8.330350442209745,6.124572773114886,8.799163360272296,8.799163360272296,369
15.579999999999757,8.261972618059593,6.073404561764682,8.338143321934757,6.106796184927826,8.316836313350958,8.316836313350958,369
15.599999999999756,8.274182945631095,6.057564489145006,8.347444942658624,6.082428381086593,7.736622862040423,7.736622862040423,370
15.619999999999756,8.286393273202599,6.04172441652533,8.353526692855993,6.064508372186598,7.089432043495048,7.089432043495048,370
15.639999999999755,8.296314100190237,6.024552912035371,8.360291874455312,6.039851854270759,6.578155693987934,6.578155693987934,371
15.659999999999755,8.304042658907012,6.006106519971844,8.364882384121827,6.020655063624236,6.2555034062974135,6.2555034062974135,371
15.679999999999755,8.311771217623788,5.987660127908317,8.368709574639302,5.995203914086905,5.74359226402298,5.74359226402298,372
15.699999999999754,8.319499776340562,5.96921373584479,8.371090609507007,5.970178336708015,5.159985001560872,5.159985001560872,373
15.719999999999754,8.327228335057338,5.950767343781264,8.371438084522945,5.951593939513105,4.421747627709641,4.421747627709641,373
15.739999999999753,8.334956893774113,5.932320951717736,8.370161237833967,5.928578708077363,3.5402686736299227,3.5402686736299227,374
15.759999999999753,8.342685452490887,5.91387455965421,8.368308640260983,5.911150798878674,2.576754983043481,2.576754983043481,374
15.779999999999752,8.350414011207663,5.895428167590683,8.364004797972171,5.892079950432122,1.3997144102252481,1.3997144102252481,375
15.799999999999752,8.358142569924437,5.876981775527156,8.359988012237327,5.876259498450588,0.19817521301969482,0.19817521301969482,376
15.819999999999752,8.361391474364966,5.857777248926699,8.353901653675578,5.860708646865159,0.8043040956801681,0.8043040956801681,376
15.839999999999751,8.360163175162645,5.837815002533331,8.346459848737537,5.845579358575715,1.5750123169867176,1.5750123169867176,377
15.85999999999975,8.358934875960323,5.8178527561399624,8.337599391662735,5.829941521399151,2.452225796504823,2.452225796504823,377
15.87999999999975,8.357706576758002,5.797890509746594,8.330225398632983,5.820694021034198,3.571015651299895,3.571015651299895,378
15.89999999999975,8.34692652378553,5.781240818305116,8.317647563896893,5.805536104674299,3.8046266990613655,3.8046266990613655,378
15.91999999999975,8.335531714308773,5.764804324853396,8.30822455273318,5.79673637525329,4.201591265291045,4.201591265291045,379
15.939999999999749,8.324136904832018,5.748367831401676,8.294888583,5.785331925,4.71360641710246,4.71360641710246,379
15.959999999999749,8.312742095355263,5.731931337949956,8.283493169171459,5.778115010453416,5.466654634063146,5.466654634063146,380
15.979999999999748,8.301347285878506,5.715494844498237,8.272185304,5.770953542,6.265850553336182,6.265850553336182,380
15.999999999999748,8.289952476401751,5.699058351046518,8.259447105026998,5.765066653937464,7.271639246589788,7.271639246589788,381
16.019999999999747,8.278557666924996,5.682621857594798,8.247661431,5.75961997,8.29655754412469,8.29655754412469,381
16.039999999999747,8.26716285744824,5.666185364143079,8.238021495943388,5.756509840340872,9.490906147867099,9.490906147867099,382
16.059999999999746,8.253739684276889,5.651826995160453,8.221668109151915,5.751233751550992,10.445232954359966,10.445232954359966,382
16.079999999999746,8.237031902153666,5.640833814705149,8.215242951758603,5.749912624490099,11.123374084970674,11.123374084970674,383
16.099999999999746,8.220324120030442,5.629840634249845,8.197064584172391,5.746281419214022,11.874115719246499,11.874115719246499,383
16.119999999999745,8.20361633790722,5.61884745379454,8.187462382,5.744363339,12.655112694228634,12.655112694228634,383
16.139999999999745,8.186908555783997,5.607854273339236,8.17239009107207,5.742741041070818,13.566586131619571,13.566586131619571,384
16.159999999999744,8.168990528823608,5.599218741122359,8.162896056534844,5.7417594502471205,14.26709373007288,14.26709373007288,385
16.179999999999744,8.150319132627217,5.592050829008124,8.14395281869046,5.74094951294001,14.903472088674203,14.903472088674203,385
16.199999999999743,8.131069712714247,5.587997384575688,8.132400971,5.740455602,15.246402955721086,15.246402955721086,385
16.219999999999743,8.111069714844922,5.587988152726015,8.113805752133274,5.7407885671454,15.282490813600733,15.282490813600733,386
16.239999999999743,8.091131006427641,5.589165171664637,8.100155385,5.74103299,15.213570801938692,15.213570801938692,386
16.259999999999742,8.071238452865465,5.591235512886749,8.081153766277797,5.742280348141406,15.136992996355419,15.136992996355419,387
16.279999999999742,8.051345899303291,5.593305854108862,8.06590354994681,5.743312950633358,15.071182501704486,15.071182501704486,388
16.29999999999974,8.0332158807975,5.601234270473053,8.047180441425628,5.745129961155707,14.45717079880255,14.45717079880255,388
16.31999999999974,8.015483484765316,5.610484250524802,8.030466533162462,5.746780971990366,13.711778885882254,13.711778885882254,389
16.33999999999974,7.997751088733132,5.619734230576553,8.011941160538493,5.748817459380638,12.986084127376193,12.986084127376193,389
16.35999999999974,7.9800186927009475,5.628984210628302,7.9927418135158605,5.750901066543269,12.257894419296369,12.257894419296369,390
16.37999999999974,7.962286296668764,5.638234190680052,7.974245538083767,5.752831319297758,11.52194659883706,11.52194659883706,390
16.39999999999974,7.944251835477408,5.646852738980831,7.952757020315836,5.754850665563237,10.833231427064828,10.833231427064828,391
16.41999999999974,7.92592216159178,5.6548541798039915,7.933914072458868,5.756334608445252,10.179463658033015,10.179463658033015,391
16.43999999999974,7.907592487706152,5.662855620627151,7.912533637809752,5.75790393267341,9.517665988670432,9.517665988670432,392
16.459999999999738,7.889959296828565,5.671980061427909,7.894474910658542,5.75884272768842,8.697996066995268,8.697996066995268,392
16.479999999999738,7.874645496143927,5.684844256256625,7.878660018006662,5.759677470869831,7.494081928517035,7.494081928517035,393
16.499999999999737,7.859331695459289,5.697708451085342,7.862702027255173,5.760533557342773,6.291544415063675,6.291544415063675,393
16.519999999999737,7.844017894774652,5.710572645914058,7.847238308,5.761363128,5.089247618130195,5.089247618130195,393
16.539999999999736,7.830554539653142,5.72511256856007,7.83335744116154,5.76240637632802,3.7398988685505175,3.7398988685505175,394
16.559999999999736,7.81926720056115,5.741623049359319,7.820899588735287,5.763342674749843,2.1780881943938146,2.1780881943938146,394
16.579999999999735,7.807979861469159,5.7581335301585685,7.808441736309034,5.764278973171668,0.6162775202371047,0.6162775202371047,394
16.599999999999735,7.796692522377167,5.774644010957817,7.795711306333193,5.765631102872752,0.9066162202099826,0.9066162202099826,395
16.619999999999735,7.785405183285175,5.791154491757066,7.782779773738009,5.767038931193623,2.4258050964152753,2.4258050964152753,395
16.639999999999734,7.774117844193183,5.807664972556315,7.7698482411428245,5.768446759514493,3.944993972620745,2.5634793870176082,395
16.659999999999734,7.762234658445717,5.823747011217112,7.754321092206718,5.770645266370616,5.368817222034413,1.202189325538968,396
16.679999999999733,7.750176756425384,5.839703420552173,7.740198900861343,5.772749846869327,6.769297327316289,0.19944437516013416,396
16.699999999999733,7.738118854405052,5.855659829887235,7.722501687206051,5.7755484317285894,8.161943412113647,1.6296636555059327,397
16.719999999999732,7.726060952384719,5.871616239222296,7.70788853383779,5.778397165675347,9.49738515002744,3.059882935851744,397
16.739999999999732,7.714003050364386,5.887572648557357,7.684767713,5.782904411,10.867449058621258,4.490692460824574,398
16.75999999999973,7.701945148344054,5.903529057892419,7.672994062170846,5.785799695339755,12.123682690364799,5.978977374978359,398
16.77999999999973,7.68916867936402,5.918792874940983,7.643504046,5.79305165,13.377635960785131,7.5261696161986595,399
16.79999999999973,7.673666818668433,5.931429817410371,7.633357277618347,5.7960733873222665,14.123109525123887,9.293062681238942,399
16.81999999999973,7.658164957972847,5.944066759879759,7.602495443,5.805264132,14.955020696621975,11.094867310152962,400
16.83999999999973,7.642663097277261,5.956703702349148,7.590842929122928,5.809362337756404,15.618837199867041,12.898411400980258,400
16.85999999999973,7.628909719063972,5.97120822386789,7.561992437,5.819509097,16.580273740595924,14.575840978357082,401
16.87999999999973,7.615280147896642,5.985844985456256,7.549597761969678,5.824556652606769,17.41496544194839,16.244340603320328,401
16.89999999999973,7.600781335752808,5.999434012563155,7.532414672236882,5.8315542221848515,18.126672253274428,17.97273626245302,401
16.919999999999728,7.583879851630106,6.010126993178963,7.507044846822734,5.8426629314540985,18.42493688812472,18.42493688812472,402
16.939999999999728,7.566978367507404,6.0208199737947705,7.4807751934292135,5.8553271890746545,18.65980948873097,18.65980948873097,403
16.959999999999727,7.550076883384701,6.031512954410578,7.463099663486519,5.8645341571436935,18.827361875183733,17.637527996687137,403
16.979999999999727,7.533175399261999,6.042205935026386,7.436227944361196,5.8791075613855766,18.97363657710889,16.38809013622882,404
16.999999999999726,7.515385373071603,6.051153123712055,7.419152708148805,5.889257268311944,18.833744660549385,15.003442113525617,404
17.019999999999726,7.4967935250294815,6.058524906832753,7.394770516762711,5.90450670315343,18.47438802245068,13.51397744806768,405
17.039999999999726,7.478201676987359,6.065896689953452,7.370697259707345,5.920858862298546,18.053578920970068,12.024512782609689,406
17.059999999999725,7.459609828945236,6.07326847307415,7.355171309464519,5.932366951329946,17.538712376100037,10.535048117151586,406
17.079999999999725,7.441029889949274,6.080670052012878,7.3307635992464375,5.951387379987775,16.991958142401582,9.062376628411164,407
17.099999999999724,7.422478822304482,6.088143865580149,7.316334524787461,5.963694060333594,16.356761880423463,7.606525036197015,407
17.119999999999724,7.40392775465969,6.095617679147421,7.301905450328484,5.976000740679414,15.721565618445279,6.154405633045964,407
17.139999999999723,7.385376687014898,6.103091492714692,7.2806070329878985,5.9961914099387865,14.96806871390986,4.722013257123577,408
17.159999999999723,7.368032450384504,6.1128145856481275,7.266899803236841,6.009625466128409,14.448462446346472,3.486671604485953,408
17.179999999999723,7.3515474296492105,6.124139076425064,7.248080270811392,6.029765481719042,14.004223768458909,2.4060044193685757,409
17.199999999999722,7.335062408913917,6.1354635672020015,7.236729891,6.042209551,13.551972408876068,1.3423094731315006,409
17.21999999999972,7.318577388178623,6.146788057978938,7.2181388268243944,6.06505553207209,12.949173872498879,0.27953632431355874,410
17.23999999999972,7.302092367443329,6.1581125487558745,7.206027314374525,6.079938993372126,12.385313553741009,0.7533700768068492,410
17.25999999999972,7.285607346708035,6.169437039532811,7.205964133,6.080016635,11.974577335570295,1.786276477927213,410
17.27999999999972,7.2691223259727415,6.1807615303097485,7.1795061864308245,6.117492398933576,10.969975137388273,2.8010689128131374,411
17.29999999999972,7.2540154033294435,6.193698412617854,7.165017061834692,6.13952650613234,10.418877214504336,3.6105087006354384,412
17.31999999999972,7.2402617683837835,6.208218657993931,7.154850000408965,6.156229843036439,9.99900344497821,4.221088909400769,412
17.33999999999972,7.226508133438124,6.222738903370009,7.142126421201548,6.177956631547466,9.552866182232652,4.811722882978862,413
17.35999999999972,7.212754498492464,6.237259148746086,7.1330913666287445,6.19498107769493,9.018674996995326,5.386105500017413,413
17.37999999999972,7.199000863546804,6.251779394122162,7.122256512846009,6.216647735385777,8.44033696605553,5.946369851834179,414
17.399999999999718,7.1885157071505486,6.268796890906218,7.113999417063762,6.234685183012084,8.195295054940267,6.101808475798716,414
17.419999999999717,7.178120630977546,6.285883212668303,7.10573188000979,6.2527454393712505,7.96130848903531,6.216256106606821,414
17.439999999999717,7.1677255548045435,6.302969534430386,7.0964178277862375,6.27439539418091,7.681974631248119,6.32679058773693,415
17.459999999999717,7.157330478631541,6.320055856192471,7.089080133263231,6.292706857392823,7.352603197668627,6.416918608817514,415
17.479999999999716,7.1469354024585385,6.337142177954554,7.081742438740224,6.3110183206047346,7.023231764089247,6.498163394246579,415
17.499999999999716,7.136540326285536,6.354228499716639,7.074250451106253,6.330968505463961,6.649102106664643,6.565512294134179,416
17.519999999999715,7.1261452501125335,6.371314821478722,7.0673788471654415,6.349370545769939,6.272990795245185,6.272990795245185,416
17.539999999999715,7.115864029680878,6.388464955330471,7.060354332727771,6.3683699598842,5.903503449487825,5.903503449487825,417
17.559999999999715,7.106715112000832,6.406249704563556,7.053602021948571,6.387022301761498,5.648622268670646,5.648622268670646,417
17.579999999999714,7.097566194320786,6.42403445379664,7.046849711169371,6.405674643638796,5.3937410878533845,5.3937410878533845,417
17.599999999999714,7.08841727664074,6.441819203029725,7.040097998291137,6.424321531396074,5.138989368373434,5.138989368373434,418
17.619999999999713,7.079268358960694,6.45960395226281,7.033343662274354,6.442973421138597,4.884314006291727,4.884314006291727,418
17.639999999999713,7.070429998173844,6.4775412030324695,7.026576507444762,6.461660709635715,4.664031217359106,4.664031217359106,418
17.659999999999712,7.061950738617254,6.495654793437796,7.019794530044653,6.480388930202296,4.4835170363696175,4.4835170363696175,418
17.679999999999712,7.053471479060664,6.513768383843124,7.013011384917205,6.498783408904276,4.314590006032377,4.314590006032377,419
17.69999999999971,7.044992219504073,6.531881974248451,7.006089177107364,6.5174736757088425,4.148548872228303,4.148548872228303,419
17.71999999999971,7.036512959947483,6.549995564653778,6.999166969297521,6.536163942513408,3.9825077384244243,3.9825077384244243,419
17.73999999999971,7.0280337003908935,6.568109155059105,6.9922447614876795,6.554854209317973,3.816466604620463,3.816466604620463,419
17.75999999999971,7.019554440834304,6.586222745464432,6.985436547535524,6.572880851426255,3.663382016215161,3.663382016215161,420
17.77999999999971,7.011075181277713,6.6043363358697595,6.978168029906686,6.591467905722399,3.533379551949034,3.533379551949034,420
17.79999999999971,7.002595921721123,6.622449926275086,6.97089951227785,6.610054960018541,3.403377087682941,3.403377087682941,420
17.81999999999971,6.994116662164533,6.640563516680413,6.963630994649013,6.628642014314683,3.2733746234168457,3.2733746234168457,420
17.83999999999971,6.985637402607943,6.65867710708574,6.956246074856557,6.6465537943583834,3.179347194747231,3.179347194747231,421
17.859999999999708,6.977158143051352,6.676790697491068,6.9486280628287265,6.665022631495507,3.0861834922527605,3.0249760524188942,421
17.879999999999708,6.968678883494762,6.694904287896395,6.940990165444224,6.682882013091127,3.0186092804064697,2.7234459189221667,422
17.899999999999707,6.9601996239381725,6.713017878301722,6.933027889437802,6.70122007464382,2.962248009382465,2.415284547761578,422
17.919999999999707,6.951720364381583,6.731131468707049,6.925065613431379,6.719558136196514,2.905886738358542,2.10712317660099,422
17.939999999999706,6.943241104824992,6.7492450591123765,6.917227498308031,6.737379796408168,2.859182021241674,1.7923698220823723,423
17.959999999999706,6.934761845268402,6.767358649517703,6.908928143668736,6.755575444605216,2.8394084883127437,1.4747099856542234,423
17.979999999999706,6.926282585711812,6.78547223992303,6.900628789029441,6.773771092802264,2.819634955383851,1.1570501492259513,423
17.999999999999705,6.917803326155221,6.803585830328357,6.892233936839687,6.79136386445221,2.8340256171161826,0.8356414418724983,424
18.019999999999705,6.909324066598631,6.821699420733685,6.883609055113023,6.809407848611901,2.8501658915402914,0.5113830929817154,424
18.039999999999704,6.900844807042041,6.839813011139012,6.87498417338636,6.827451832771593,2.866306165964324,0.18572560697413876,424
18.059999999999704,6.893325828253721,6.8583387740317665,6.866461434964926,6.844912971353476,3.0032445859960477,0.24405292769097614,425
18.079999999999703,6.886036420913657,6.876963073767075,6.857557072376988,6.862730177838654,3.183784885293481,0.6983319184785509,425
18.099999999999703,6.8787470135735935,6.895587373502384,6.848867277686477,6.880049158489941,3.3678401720639255,1.1539718373979566,426
18.119999999999703,6.8714576062335295,6.914211673237692,6.83969212720477,6.897692824309884,3.580388285963326,1.6100058309158432,426
18.139999999999702,6.86288080844722,6.932275368892125,6.830472412266975,6.915422186857334,3.6528535252231764,1.9282594510450235,426
18.1599999999997,6.854211657979963,6.950298848860656,6.821249500438131,6.93315769697451,3.7152697315222,2.2372293785076645,426
18.1799999999997,6.8455425075127065,6.968322328829187,6.812142150545673,6.950313662712052,3.79459602704119,2.5461993059702324,427
18.1999999999997,6.83687335704545,6.986345808797718,6.802660521432913,6.967899073809983,3.8869012752553513,2.85484888078422,427
18.2199999999997,6.828204206578192,7.004369288766249,6.793368990976327,6.985046662087426,3.9835363030824618,3.162936393188602,428
18.2399999999997,6.819535056110936,7.02239276873478,6.783684121928399,7.002506736588073,4.099687495773844,3.4710239055929857,428
18.2599999999997,6.808766369939701,7.039216425609489,6.774014200372954,7.019939863452043,3.9740396804836107,3.536124417215219,428
18.2799999999997,6.797638654716649,7.055834907908261,6.764527741487054,7.036957341246118,3.8114237470811814,3.5588771818817047,429
18.2999999999997,6.7865109394935965,7.072453390207035,6.754647525914756,7.054287062091977,3.667823062908297,3.581629946548264,429
18.3199999999997,6.775383224270544,7.089071872505808,6.744767310342458,7.071616782937836,3.524222378735336,3.524222378735336,429
18.339999999999698,6.763905693812244,7.105437593637683,6.735056340934196,7.088578569401458,3.341424635810031,3.341424635810031,430
18.359999999999697,6.751621576989322,7.121220510791391,6.725053901736615,7.105694856442091,3.0771534107145597,3.0771534107145597,430
18.379999999999697,6.7393374601664,7.137003427945098,6.7150514625390345,7.122811143482725,2.812882185619088,2.812882185619088,430
18.399999999999697,6.727053343343478,7.152786345098805,6.705049023341454,7.1399274305233575,2.5486109605236624,2.5486109605236624,430
18.419999999999696,6.714769226520556,7.168569262252513,6.695069168990582,7.1568328098017,2.2931126941658855,2.2931126941658855,431
18.439999999999696,6.7024851096976334,7.18435217940622,6.684911609400074,7.173882638882146,2.0455786259480457,2.0455786259480457,431
18.459999999999695,6.690200992874712,7.200135096559928,6.674754049809566,7.190932467962592,1.7980445577302828,1.7980445577302828,431
18.479999999999695,6.677704513099677,7.215748441555833,6.664615121324272,7.20778614709704,1.5320910876921434,1.5320910876921434,432
18.499999999999694,6.665031330696046,7.231220689219449,6.654322465125224,7.224706472022992,1.253454536457327,1.253454536457327,432
18.519999999999694,6.652358148292414,7.246692936883065,6.6440298089261765,7.241626796948943,0.9748179852225105,0.9748179852225105,432
18.539999999999694,6.639684965888783,7.2621651845466815,6.633681186314378,7.258345134998688,0.7116048603485285,0.7116048603485285,433
18.559999999999693,6.627011783485153,7.277637432210297,6.623021458904705,7.275098491960913,0.4729577977713284,0.4729577977713284,433
18.579999999999693,6.6143386010815215,7.293109679873914,6.61236173149503,7.291851848923138,0.23431073519420315,0.23431073519420315,433
18.599999999999692,6.60166541867789,7.30858192753753,6.601553547689084,7.3085059256099765,0.013524574347542163,0.013524574347542163,434
18.619999999999692,6.588992236274259,7.324054175201146,6.59035947312076,7.324983036533875,0.16529125717556648,0.16529125717556648,434
18.63999999999969,6.576319053870629,7.339526422864762,6.579165398552435,7.341460147457772,0.34410708869855183,0.34410708869855183,434
18.65999999999969,6.562776121162124,7.354219952268534,6.567819122461191,7.357906631270478,0.6246876352687258,0.20998987626353935,435
18.67999999999969,6.548793377992427,7.368519703785615,6.556136207401484,7.37388766889049,0.9095723890800625,0.7885954256295102,435
18.69999999999969,6.534810634822728,7.382819455302695,6.544453292341777,7.389868706510502,1.1944571428915234,0.5821690915915455,435
18.71999999999969,6.52082789165303,7.397119206819775,6.531849731868997,7.4059797330393335,1.414177805771919,0.45563131065393964,436
18.73999999999969,6.506845148483332,7.411418958336855,6.5193777316148305,7.421493980226083,1.6080164987224703,0.3290935297163338,436
18.75999999999969,6.492862405313634,7.4257187098539355,6.506905731360664,7.437008227412834,1.8018551916729526,0.2323426034335561,436
18.77999999999969,6.478879662143935,7.440018461371015,6.493771477967176,7.453301454299834,1.9955051482277841,0.20764546121752797,437
18.799999999999688,6.464896918974238,7.454318212888095,6.480472544779595,7.468211141050126,2.087135769766445,0.18294831900168979,437
18.819999999999688,6.450914175804539,7.468617964405175,6.467173611592012,7.48312082780042,2.1787663913051656,0.19831753218138307,437
18.839999999999687,6.434812828103202,7.480479691282048,6.452716913373459,7.498344382296657,2.529235960546339,0.03915599084252064,438
18.859999999999687,6.41870213114216,7.492330659319701,6.438753838885168,7.512338247405709,2.8326216909964663,0.2780538019339877,438
18.879999999999686,6.402591434181118,7.504181627357353,6.424790764396877,7.52633211251476,3.1360074214466565,0.4721927399780521,438
18.899999999999686,6.386480737220076,7.5160325953950045,6.410827689908586,7.540325977623812,3.4393931518968475,0.6007381184250458,438
18.919999999999686,6.370370040259033,7.527883563432656,6.394378572426813,7.555107071161179,3.629778216222404,0.7292834968721074,439
18.939999999999685,6.354259343297991,7.539734531470309,6.379437193109076,7.5682839398277055,3.8065638555880534,0.7987597297145821,439
18.959999999999685,6.338148646336949,7.5515854995079605,6.364495813791338,7.581460808494231,3.983349494953704,0.8008032418946187,439
18.979999999999684,6.322037949375907,7.563436467545612,6.3469833222070084,7.595347197212433,4.0503904670434,0.8028467540746551,440
18.999999999999684,6.305927252414865,7.575287435583264,6.331233209380875,7.607659433274786,4.108938661632077,0.8048902662546389,440
19.019999999999683,6.289816555453823,7.587138403620917,6.31341150070821,7.621468806077658,4.165690788331985,0.6311270862075892,441
19.039999999999683,6.27370585849278,7.598989371658568,6.296937524523826,7.632791206584976,4.101553792125828,0.4067683195014082,441
19.059999999999683,6.255997482375218,7.60812721263802,6.2806449066912275,7.643988961295111,4.35150610956464,0.3903317759996896,441
19.079999999999682,6.237819603218243,7.616467758744506,6.261791314589624,7.656630758634519,4.67729569969433,0.3413752573654867,442
19.09999999999968,6.219641724061269,7.624808304850993,6.244717655957231,7.666821352412624,4.89274823168616,0.12325080036777258,442
19.11999999999968,6.2014638449042945,7.633148850957479,6.227643997324839,7.677011946190729,5.108200763678036,0.196397001601611,442
19.13999999999968,6.182920293807487,7.640396183127824,6.20768962752166,7.6883727777626385,5.399327296429965,0.5485738337831322,443
19.15999999999968,6.163382537646566,7.644671236834664,6.1905209627238715,7.69723660794984,5.915752155180902,0.7229274070934522,443
19.17999999999968,6.143844781485645,7.648946290541503,6.173352297926082,7.706100438137042,6.432177013931879,1.0051197231158193,443
19.19999999999968,6.124307025324724,7.653221344248343,6.151695184220239,7.71588897034207,6.839110035603481,1.4111536344442677,444
19.21999999999968,6.1047692691638025,7.657496397955183,6.129309434234477,7.72435714375389,7.122204034184445,1.9419431958239828,445
19.23999999999968,6.085231513002881,7.6617714516620214,6.1057398842737225,7.7316461465912525,7.282215517022117,2.5862348547555993,446
19.25999999999968,6.06569375684196,7.666046505368861,6.081275068804603,7.737559848217533,7.319108885560342,3.325311566073974,447
19.279999999999678,6.046156000681039,7.670321559075701,6.056211267498978,7.741968205238291,7.234880992198402,4.1277371096015125,448
19.299999999999677,6.026618244520118,7.6745966127825405,6.031673784311786,7.744852624706881,7.043767240687458,5.039920175651003,449
19.319999999999677,6.007080488359197,7.67887166648938,6.006692464364533,7.746014923653641,6.714437835922338,5.971258996723902,450
19.339999999999677,5.987542732198276,7.683146720196219,5.987180065600025,7.74590216059695,6.275648832552058,6.275648832552058,450
19.359999999999676,5.968178717640205,7.679058891907928,5.962702845284818,7.74467679775224,6.584599263011751,6.584599263011751,451
19.379999999999676,5.948835374385379,7.673976070671062,5.938512024112981,7.741845183119895,6.864974861890601,6.864974861890601,452
19.399999999999675,5.929492031130552,7.668893249434195,5.913235052002017,7.737703032287613,7.070414122751381,7.070414122751381,453
19.419999999999675,5.910148687875726,7.663810428197328,5.893776966915232,7.73310587080825,7.120317137495904,7.120317137495904,453
19.439999999999674,5.890805344620899,7.65872760696046,5.8691269950826745,7.726735116754635,7.137907415416789,7.137907415416789,454
19.459999999999674,5.871462001366073,7.653644785723594,5.850097071588274,7.720669061190391,7.034709465400452,7.034709465400452,454
19.479999999999674,5.852118658111246,7.648561964486727,5.827167337159674,7.7123409048955995,6.848592305654437,6.848592305654437,455
19.499999999999673,5.83277531485642,7.64347914324986,5.8086669875606125,7.705103278218154,6.617208970247374,6.617208970247374,455
19.519999999999673,5.813431971601593,7.6383963220129925,5.787153490491497,7.695319151609071,6.269582999432929,6.269582999432929,456
19.539999999999672,5.794088628346767,7.633313500776126,5.7668865869543655,7.685671862299149,5.90029582079534,5.90029582079534,457
19.559999999999672,5.7747452850919405,7.628230679539259,5.749575185058521,7.6766779698771295,5.459554814061573,5.459554814061573,457
19.57999999999967,5.755731615094084,7.622239351919123,5.730809233058144,7.666312051154018,5.06312941192985,5.06312941192985,458
19.59999999999967,5.737630073195926,7.613734401542478,5.7134494476602,7.656495379807351,4.9124371888787906,4.9124371888787906,458
19.61999999999967,5.719528531297767,7.605229451165833,5.695371219396562,7.6460876092027386,4.746540631302803,4.746540631302803,459
19.63999999999967,5.701426989399608,7.596724500789189,5.678232425078364,7.635954328118913,4.557375523667462,4.557375523667462,459
19.65999999999967,5.683325447501449,7.5882195504125445,5.661075352187791,7.62579909418319,4.36725182635112,4.36725182635112,460
19.67999999999967,5.66522390560329,7.5797146000359,5.64394381042918,7.6156558513773325,4.176860063022468,4.176860063022468,460
19.69999999999967,5.647122363705131,7.571209649659256,5.627151456993363,7.605776158965751,3.992093035647097,3.992093035647097,461
19.71999999999967,5.629020821806972,7.5627046992826115,5.609896001056908,7.595806766403709,3.8229643163541653,3.8229643163541653,461
19.739999999999668,5.6109192799088135,7.554199748905967,5.593221815592646,7.5864292588769695,3.676875788210658,3.676875788210658,462
19.759999999999668,5.592771294443047,7.545806188945769,5.575736898489098,7.576828160480202,3.53911480938255,3.53911480938255,462
19.779999999999667,5.573989466518787,7.538932838974794,5.5584063519212314,7.567311828095986,3.237592445168623,3.237592445168623,462
19.799999999999667,5.555207638594529,7.532059489003819,5.541612261685273,7.558666994448232,2.987965226168424,2.987965226168424,463
19.819999999999666,5.53642581067027,7.525186139032844,5.523933898550207,7.549634054082513,2.7454479027860232,2.7454479027860232,463
19.839999999999666,5.51764398274601,7.518312789061869,5.506741155271502,7.541228587812788,2.5377263038623985,2.5377263038623985,464
19.859999999999665,5.498862154821752,7.511439439090894,5.488759539399307,7.532673334832154,2.351470107665681,2.351470107665681,464
19.879999999999665,5.480080326897492,7.504566089119918,5.4712357458322245,7.524909414432763,2.2182819906502402,2.2182819906502402,465
19.899999999999665,5.461298498973234,7.497692739148944,5.452926464182187,7.5169491658839025,2.099764122803653,2.099764122803653,465
19.919999999999664,5.442516671048974,7.490819389177968,5.435195829,7.509240493,1.9822507266440799,1.9822507266440799,465
19.939999999999664,5.423734843124715,7.483946039206994,5.4166781562969355,7.502004267039255,1.9388048417187929,1.9388048417187929,466
19.959999999999663,5.404953015200456,7.477072689236018,5.398054339550854,7.494726562740927,1.8953917153077326,1.8953917153077326,466
19.979999999999663,5.3861010986839775,7.470420787172427,5.3798134864045055,7.488007543755,1.8676939665578134,1.8676939665578134,467
19.999999999999662,5.366784827924566,7.465236032216878,5.361042834766276,7.48129666564737,1.7056213871151944,1.7056213871151944,467
20.019999999999662,5.347468557165155,7.460051277261329,5.342566694000212,7.47516227722274,1.5886175824331579,1.5886175824331579,468
20.03999999999966,5.328152286405743,7.454866522305781,5.323567777877829,7.468999211419551,1.4857678823726108,1.4857678823726108,468
20.05999999999966,5.308836015646332,7.449681767350232,5.304953008083435,7.463208735713599,1.4073259069492283,1.4073259069492283,469
20.07999999999966,5.2895197448869204,7.444497012394683,5.285732240024444,7.457691284520331,1.37271267936502,1.37271267936502,469
20.09999999999966,5.270203474127508,7.439312257439134,5.266511471965453,7.4521738333270635,1.3380994517807256,1.3380994517807256,469
20.11999999999966,5.2507427097995265,7.434717267271736,5.247556828347407,7.446957110893097,1.2647672216748693,1.2647672216748693,470
20.13999999999966,5.231217392967179,7.430385754534089,5.228214508471741,7.441922541821863,1.1921190218106936,1.1921190218106936,470
20.15999999999966,5.21169207613483,7.42605424179644,5.2090579777811925,7.437140849414423,1.139523332853435,1.139523332853435,471
20.17999999999966,5.1921667593024825,7.421722729058793,5.189601830881657,7.432518208631766,1.1096000946937528,1.1096000946937528,471
20.19999999999966,5.172641442470134,7.417391216321144,5.170145683982121,7.427895567849109,1.0796768565341568,1.0796768565341568,471
20.219999999999658,5.153116125637785,7.413059703583497,5.150878364764541,7.423544273099544,1.072071693790297,1.072071693790297,472
20.239999999999657,5.133590808805438,7.408728190845848,5.131319538959741,7.4193697597782675,1.0881252503981171,1.0881252503981171,472
20.259999999999657,5.114065491973089,7.404396678108201,5.111932323531249,7.4154158849158165,1.1223783955077842,0.5519249114864009,473
20.279999999999657,5.094540175140741,7.4000651653705525,5.092304067233429,7.411616121681141,1.17654056565115,0.007957870340199787,473
20.299999999999656,5.075014858308393,7.395733652632905,5.072675810935608,7.407816358446467,1.2307027357945164,0.39842730845946167,473
20.319999999999656,5.055454683104058,7.391563437539036,5.053286809410835,7.4045860100416885,1.3201782869620806,0.06679754470502842,474
20.339999999999655,5.035883176836111,7.3874456538628674,5.033576046630546,7.401304750206426,1.4049818548489603,0.12398609167283206,474
20.359999999999655,5.016311670568165,7.3833278701867,5.014228992229216,7.398107705319208,1.4925852592319246,0.23004666902012885,475
20.379999999999654,4.996740164300219,7.379210086510532,4.994469589497683,7.395323338667578,1.627244311744437,0.6019178259308411,475
20.399999999999654,4.977168658032273,7.375092302834363,4.97471018676615,7.392538972015949,1.7619033642570496,0.9765240025880435,475
20.419999999999654,4.957597151764326,7.370974519158195,4.955315978444112,7.390092160483037,1.925325846557286,1.3702630158323574,476
20.439999999999653,4.9380256454963805,7.366856735482028,4.9355347702566705,7.387731808408633,2.1023156973939323,1.764002029076582,476
20.459999999999653,4.918413388134821,7.363000192976803,4.916273348013837,7.38561567483479,2.2716509225415296,2.1315955205807415,477
20.479999999999652,4.898517570672808,7.360961456231116,4.896362894941252,7.383731604061066,2.2871866117699144,2.2871866117699144,477
20.499999999999652,4.878621753210795,7.358922719485428,4.877117046913267,7.382018240958994,2.3144486453100135,2.3144486453100135,478
20.51999999999965,4.858725935748781,7.356883982739741,4.857173059258541,7.38071886160286,2.3885411359520328,2.3885411359520328,478
20.53999999999965,4.838830118286768,7.354845245994054,4.83808666984456,7.379551938950979,2.471787596971117,2.471787596971117,479
20.55999999999965,4.818934300824754,7.352806509248366,4.818147559009799,7.378951951695909,2.6157276682811275,2.6157276682811275,479
20.57999999999965,4.79903848336274,7.350767772502679,4.799350088365427,7.378513487181553,2.774746440162003,2.774746440162003,480
20.59999999999965,4.779137694442459,7.350227642054012,4.779457874508565,7.378736891531524,2.8511047350908663,2.8511047350908663,480
20.61999999999965,4.759228788473016,7.352134331095218,4.760782166386919,7.379255622105892,2.7165739618663833,2.7165739618663833,481
20.63999999999965,4.7393198825035725,7.354041020136425,4.7408295080976,7.380398415002369,2.6400591537945757,2.6400591537945757,481
20.65999999999965,4.71941097653413,7.35594770917763,4.722043274059273,7.382065195974284,2.6249802034191854,2.6249802034191854,482
20.679999999999648,4.6996315020219726,7.358655449475328,4.70296513106675,7.384102442118668,2.566442123248467,2.566442123248467,483
20.699999999999648,4.680135198646497,7.363115735866515,4.683648998412836,7.386669066548198,2.3813991160631898,2.3813991160631898,484
20.719999999999647,4.660638895271021,7.367576022257703,4.6639262399297365,7.389611403030714,2.2279242373042503,2.174417054708956,484
20.739999999999647,4.6416762784098555,7.373821872612037,4.644581687068398,7.392591732238415,1.8993394374546797,1.6282323694788932,485
20.759999999999646,4.6229301005209935,7.380791866482847,4.625241192358281,7.395598117658755,1.4985533669658653,1.0139377976959316,486
20.779999999999646,4.604204829878627,7.387816905418446,4.605838024756447,7.398585075809248,1.089131851863177,0.3940524984888058,487
20.799999999999645,4.585516205380228,7.3949176858452965,4.5863999407886356,7.40136877638756,0.6511340680425014,0.22281765459795846,488
20.819999999999645,4.566135086633911,7.399854510345029,4.566469906099661,7.403635539665661,0.37958249166848224,0.37958249166848224,490
20.839999999999645,4.546753967887594,7.404791334844761,4.546778811189331,7.4051991756785185,0.04085967881922925,0.035395534899365894,491
20.859999999999644,4.527054092833241,7.407708749202839,4.527023259810641,7.406012838102627,0.16961913615818053,0.16961913615818053,493
20.879999999999644,4.5070851209666,7.408426397053116,4.507098816580139,7.406145088263578,0.22813498993037315,0.22813498993037315,495
20.899999999999643,4.487105659848002,7.407547428609026,4.487125976347106,7.405923057993279,0.1624497663106004,0.1624497663106004,498
20.919999999999643,4.46715709638538,7.4061705107460805,4.467152038086848,7.405857722188401,0.0312829455453573,0.007902136147335067,502
20.930083713130124,4.457089817,7.406093617,4.457089817,7.406093617,0,0,504
