robot_distance_meters,robot_x_meters,robot_y_meters,matched_gui_x_meters,matched_gui_y_meters,deviation_cm,nearest_curve_lower_bound_cm,gui_segment_index
0,4.42627,7.40708,4.431068448860526,7.40695798142392,0.47999999999997456,0,0
0.02,4.442301445611534,7.399252508330774,4.4424900007705315,7.406667545589093,0.7417434232283036,0.09769889584599645,1
0.04,4.460384735631415,7.391287889467473,4.460764004760393,7.4062028604354255,1.4919792359381467,1.1633876103654435,2
0.06,4.480384499841185,7.3911907732815125,4.48075331299661,7.405694557231891,1.4508472422101475,1.4508472422101475,3
0.08,4.500384264050956,7.391093657095552,4.500742621232826,7.405186254028356,1.4097152484820574,1.4097152484820574,4
0.1,4.520384028260726,7.390996540909591,4.520731929469043,7.404677950824821,1.3685832547539694,1.3685832547539694,4
0.12000000000000001,4.5403837924704975,7.3908994247236315,4.5407212377052595,7.404169647621287,1.3274512610258788,1.3274512610258788,5
0.14,4.560383556680268,7.390802308537671,4.560710545941475,7.403661344417752,1.2863192672977883,1.2863192672977883,6
0.16,4.580383320890038,7.39070519235171,4.580699854177691,7.4031530412142175,1.245187273569787,1.245187273569787,6
0.18,4.600383085099809,7.3906080761657496,4.600689162413908,7.402644738010683,1.2040552798417876,1.2040552798417876,7
0.19999999999999998,4.620382827951652,7.390552506060498,4.620677393523621,7.4021364621971335,1.1587700749142849,1.1587700749142849,7
0.21999999999999997,4.640382481739933,7.390670185068489,4.640661132965084,7.401628300601111,1.0961657836822547,1.0961657836822547,7
0.23999999999999996,4.660382135528214,7.390787864076479,4.660644872406547,7.401120139005088,1.0335614924502243,1.0335614924502243,8
0.25999999999999995,4.680381807967752,7.390745660236518,4.680632693481618,7.4006118736182085,0.9869402719218643,0.9869402719218643,8
0.27999999999999997,4.700381488667571,7.39063264738209,4.700622322233104,7.40010356226437,0.947397643619996,0.947397643619996,9
0.3,4.720381169367391,7.390519634527663,4.7206119509845905,7.399595250910532,0.9078550153182164,0.9078550153182164,9
0.32,4.74038085006721,7.390406621673235,4.740601579736078,7.399086939556693,0.8683123870163505,0.8683123870163505,9
0.34,4.76038053076703,7.390293608818807,4.760591208487564,7.398578628202855,0.828769758714571,0.828769758714571,10
0.36000000000000004,4.78038021146685,7.390180595964379,4.780580837239051,7.398070316849015,0.789227130412614,0.789227130412614,10
0.38000000000000006,4.80037989216667,7.390067583109952,4.800570465990538,7.3975620054951765,0.749684502110748,0.749684502110748,11
0.4000000000000001,4.820379572866489,7.389954570255523,4.820560094742024,7.397053694141338,0.7101418738089684,0.7101418738089684,11
0.4200000000000001,4.840379198194379,7.38983223801781,4.84054990498453,7.396545378172409,0.6715310234344163,0.6715310234344163,11
0.4400000000000001,4.860378809772265,7.389707591583091,4.860539760295039,7.396037061057457,0.633151552929485,0.633151552929485,11
0.46000000000000013,4.880378421350151,7.389582945148372,4.880529615605545,7.395528743942505,0.5947720824246401,0.5947720824246401,12
0.48000000000000015,4.900377923882196,7.389444943781897,4.900519701320503,7.395020420968654,0.5577279507256361,0.5577279507256361,12
0.5000000000000001,4.920376904255871,7.389242993259766,4.920510890311042,7.39451206993988,0.5270779954039198,0.5270779954039198,12
0.5200000000000001,4.940375884629545,7.389041042737635,4.940502079301581,7.394003718911106,0.49642804008220565,0.49642804008220565,13
0.5400000000000001,4.960374865003219,7.3888390922155045,4.960493268292119,7.393495367882332,0.4657780847604894,0.4657780847604894,13
0.5600000000000002,4.980373845376894,7.388637141693374,4.980484457282658,7.392987016853558,0.4351281294387729,0.4351281294387729,13
0.5800000000000002,5.000372825750568,7.388435191171243,5.000475646273196,7.392478665824784,0.40447817411705655,0.40447817411705655,13
0.6000000000000002,5.020371806124243,7.388233240649113,5.0204668352637345,7.391970314796011,0.3738282187953403,0.3738282187953403,14
0.6200000000000002,5.040370786497917,7.388031290126982,5.0404580242542725,7.391461963767237,0.3431782634736239,0.3431782634736239,14
0.6400000000000002,5.060369841614465,7.3878384081799755,5.060449057485835,7.39095361669922,0.3116215536937699,0.3116215536937699,14
0.6600000000000003,5.08036943382403,7.387710691888472,5.080438971452726,7.390445298092709,0.2735490188989467,0.2735490188989467,15
0.6800000000000003,5.1003690260335945,7.387582975596969,5.100428885419617,7.3899369794861975,0.2354764841040346,0.2354764841040346,15
0.7000000000000003,5.12036861824316,7.387455259305465,5.120418799386508,7.389428660879687,0.19740394930921132,0.19740394930921132,15
0.7200000000000003,5.140368210452724,7.387327543013961,5.140408713353398,7.388920342273176,0.15933141451447683,0.15933141451447683,15
0.7400000000000003,5.1603678026622894,7.3871998267224575,5.160398627320291,7.388412023666665,0.12125887971965578,0.12125887971965578,16
0.7600000000000003,5.180367394871854,7.387072110430954,5.180388541287181,7.387903705060154,0.0831863449248325,0.0831863449248325,16
0.7800000000000004,5.20036467934031,7.3867826664437,5.200380258880504,7.38739534058967,0.0612872198106727,0.0612872198106727,16
0.8000000000000004,5.220359772958618,7.386339686540001,5.2203736887435515,7.3868869325782995,0.0547422940242226,0.0547422940242226,16
0.8200000000000004,5.240354866576927,7.385896706636302,5.2403671186066,7.38637852456693,0.048197368237863525,0.048197368237863525,17
0.8400000000000004,5.260349960195235,7.385453726732603,5.260360548469648,7.38587011655556,0.04165244245141341,0.04165244245141341,17
0.8600000000000004,5.2803450538135435,7.385010746828904,5.280353978332696,7.38536170854419,0.03510751666505209,0.03510751666505209,17
0.8800000000000004,5.300340147431852,7.384567766925205,5.300347408195744,7.3848533005328205,0.028562590878693016,0.028562590878693016,18
0.9000000000000005,5.32033524105016,7.384124787021506,5.320340838058792,7.38434489252145,0.022017665092242907,0.022017665092242907,18
0.9200000000000005,5.340330334668469,7.3836818071178065,5.34033426792184,7.383836484510081,0.015472739305881587,0.015472739305881587,18
0.9400000000000005,5.360325428286777,7.3832388272141065,5.3603276977848875,7.383328076498711,0.008927813519609052,0.008927813519609052,18
0.9600000000000005,5.380320521905086,7.382795847310407,5.380321127647936,7.3828196684873415,0.002382887733249987,0.002382887733249987,19
0.9800000000000005,5.400315615523394,7.382352867406708,5.400314557510984,7.382311260475971,0.004162038053200126,0.004162038053200126,19
1.0000000000000004,5.420310709141702,7.381909887503009,5.420307987374032,7.3818028524646015,0.010706963839561448,0.010706963839561448,19
1.0200000000000005,5.440305802760011,7.38146690759931,5.44030141723708,7.381294444453231,0.017251889626009306,0.017251889626009306,20
1.0400000000000005,5.460300896378319,7.381023927695611,5.460294847100128,7.380786036441862,0.02379681541237063,0.02379681541237063,20
1.0600000000000005,5.480295989996628,7.380580947791912,5.480288276963176,7.380277628430492,0.030341741198731946,0.030341741198731946,20
1.0800000000000005,5.5002951631199695,7.380400594745431,5.500279109736822,7.37976928645987,0.06315123613433418,0.06315123613433418,20
1.1000000000000005,5.520294368598187,7.38022232461327,5.520269921912747,7.379260945013022,0.09616903743943125,0.09616903743943125,21
1.1200000000000006,5.540293574076405,7.38004405448111,5.5402607340886725,7.378752603566174,0.12918683874461487,0.12918683874461487,21
1.1400000000000006,5.560292779554623,7.379865784348949,5.560251546264597,7.378244262119327,0.16220464004971194,0.16220464004971194,21
1.1600000000000006,5.580291985032841,7.379687514216788,5.580242358440523,7.37773592067248,0.19522244135471795,0.19522244135471795,21
1.1800000000000006,5.600291190511059,7.379509244084628,5.600233170616447,7.377227579225631,0.22824024265999263,0.22824024265999263,22
1.2000000000000006,5.620290395989277,7.379330973952467,5.620223982792372,7.376719237778784,0.26125804396508967,0.26125804396508967,22
1.2200000000000006,5.640289601467495,7.3791527038203055,5.640214794968298,7.376210896331936,0.29427584527018447,0.29427584527018447,22
1.2400000000000007,5.660286790953864,7.3788234987403865,5.660207428062599,7.375702508581402,0.3121999045641405,0.3121999045641405,23
1.2600000000000007,5.6802836232874645,7.3784675540510225,5.680200383750488,7.3751941126277165,0.32744995911332064,0.32744995911332064,23
1.2800000000000007,5.700280455621065,7.378111609361659,5.700193339438378,7.37468571667403,0.3427000136626761,0.3427000136626761,23
1.3000000000000007,5.720277287954665,7.377755664672296,5.720186295126267,7.374177320720344,0.3579500682119451,0.3579500682119451,23
1.3200000000000007,5.740274120288265,7.377399719982932,5.7401792508141565,7.373668924766657,0.373200122761214,0.373200122761214,24
1.3400000000000007,5.760270952621865,7.377043775293569,5.7601722065020455,7.373160528812972,0.388450177310483,0.388450177310483,24
1.3600000000000008,5.780267784955465,7.376687830604205,5.780165162189935,7.372652132859285,0.4037002318597518,0.4037002318597518,24
1.3800000000000008,5.800260758934037,7.3761980262531,5.800157663700897,7.372143748454752,0.40555883781854274,0.40555883781854274,24
1.4000000000000008,5.820244893849653,7.375401564280065,5.82014912474295,7.371635390508047,0.37673912197753345,0.37673912197753345,25
1.4200000000000008,5.840229028765267,7.374605102307032,5.840140585785003,7.3711270325613425,0.3479194061365219,0.3479194061365219,25
1.4400000000000008,5.860213163680883,7.373808640333999,5.860132046827055,7.370618674614637,0.31909969029560137,0.31909969029560137,25
1.4600000000000009,5.8801972985964985,7.373012178360964,5.880123507869108,7.370110316667932,0.2902799744545921,0.2902799744545921,26
1.4800000000000009,5.900181433512113,7.372215716387931,5.9001149689111605,7.369601958721227,0.26146025861366934,0.26146025861366934,26
1.5000000000000009,5.920165568427729,7.3714192544148975,5.920106429953213,7.369093600774523,0.23264054277266008,0.23264054277266008,26
1.520000000000001,5.940149323066865,7.37061384003884,5.94009773846587,7.36858524670645,0.2029249092466279,0.2029249092466279,26
1.540000000000001,5.960129013004334,7.369712735160038,5.960087416621348,7.3680769340963295,0.16363298503385365,0.16363298503385365,27
1.560000000000001,5.980108702941802,7.368811630281236,5.980077094776823,7.367568621486209,0.12434106082099285,0.12434106082099285,27
1.580000000000001,6.000088392879271,7.367910525402434,6.000066772932301,7.367060308876089,0.08504913660804105,0.08504913660804105,27
1.600000000000001,6.02006808281674,7.367009420523632,6.020056451087778,7.366551996265968,0.045757212395266825,0.045757212395266825,27
1.620000000000001,6.0400477727542095,7.36610831564483,6.0400461292432555,7.366043683655847,0.006465288182403803,0.006465288182403803,28
1.640000000000001,6.060027462691679,7.365207210766028,6.060035807398733,7.365535371045726,0.032826636030459225,0.032826636030459225,28
1.660000000000001,6.080007152629148,7.364306105887226,6.08002548555421,7.365027058435606,0.07211856024332224,0.07211856024332224,28
1.680000000000001,6.098697382792521,7.358061681119873,6.098862323354452,7.364548061119382,0.6488476777102627,0.6488476777102627,29
1.700000000000001,6.116889030527849,7.349751208649927,6.1172534039818,7.36408039885269,1.4333822235569287,0.7255750020809427,29
1.720000000000001,6.1350806782631775,7.341440736179981,6.1356444846091485,7.363612736585998,2.2179167694035966,0.14297871357528888,29
1.740000000000001,6.153272325998506,7.333130263710036,6.154035565236497,7.363145074319307,3.0024513152503545,1.0115324292316092,29
1.7600000000000011,6.171463973733834,7.32481979124009,6.173874089156895,7.362354921056321,3.7612426492766584,1.8800861448878412,30
1.7800000000000011,6.1896556214691625,7.316509318770144,6.192522464089674,7.361157516484642,4.47401424423711,2.719895609912778,30
1.8000000000000012,6.207847269204491,7.308198846300199,6.211170839022452,7.359960111912963,5.186785839197555,3.4681627784719247,30
1.8200000000000012,6.226038916939819,7.299888373830253,6.22981921395523,7.358762707341285,5.899557434158006,4.216429947031164,30
1.8400000000000012,6.2442305646751475,7.291577901360308,6.2512985825206915,7.356670246948454,6.547495956800206,4.964697115590224,31
1.8600000000000012,6.262422212410476,7.283267428890363,6.270170112090957,7.354621091912326,7.177308113847864,5.658850651390406,31
1.8800000000000012,6.280613860145804,7.274956956420417,6.289041641661223,7.352571936876197,7.807120270895522,6.284582970536615,31
1.9000000000000012,6.2988055078811325,7.266646483950471,6.312022042978715,7.349459014038304,8.386055055587127,6.910315289682921,32
1.9200000000000013,6.316997155616461,7.258336011480526,6.331055216768378,7.346421398726434,8.920013749772314,7.53604760882913,32
1.9400000000000013,6.336578890260134,7.25636269859713,6.350457686889999,7.343324845257168,8.806268192381598,7.415164676962631,32
1.9600000000000013,6.356578777943126,7.256295671231458,6.374577926230017,7.338651917332224,8.43001815588998,7.074102492696273,33
1.9800000000000013,6.376578665626116,7.256228643865785,6.393680047869016,7.334477104415741,8.009543590652193,6.733040308430106,33
2.0000000000000013,6.396578553309107,7.256161616500113,6.4127821695080165,7.330302291499256,7.58906902541425,6.359398803063189,33
2.0200000000000014,6.416578440992098,7.256094589134441,6.43605620786724,7.323932879074753,7.057915403621785,5.894388854856879,34
2.0400000000000014,6.436578328675089,7.256027561768769,6.454550688629041,7.318622733652867,6.512419877061217,5.429378906650461,34
2.0600000000000014,6.45657821635808,7.255960534403097,6.477029491133842,7.311616686110155,5.9294703496963415,4.964368958444152,35
2.0800000000000014,6.476578104041071,7.255893507037425,6.494671848013035,7.305133868359342,5.245947725660238,4.429162806483045,35
2.1000000000000014,6.4965779247251465,7.255810615501647,6.5123192817938484,7.298649185062551,4.563916480818615,3.846198136320267,35
2.1200000000000014,6.516577665120606,7.255708713027619,6.532430391141277,7.289991840525958,3.7770911471048487,3.2650520670289915,36
2.1400000000000015,6.5365774055160655,7.255606810553591,6.548945913349633,7.282354962919909,2.9469367842571677,2.407287669840192,36
2.1600000000000015,6.556577145911525,7.255504908079562,6.566396271144709,7.27414121310455,2.1064830531702294,1.1484260366745036,37
2.1800000000000015,6.576576886306985,7.255403005605533,6.5820923932103845,7.265871216019208,1.1832338976990369,0.04519660863804191,37
2.2000000000000015,6.596576626702445,7.2553011031315044,6.597788515276061,7.257601218933866,0.259984742227964,0.259984742227964,37
2.2200000000000015,6.616576367097905,7.255199200657476,6.613484637341738,7.249331221848523,0.663264413243187,0.06703332628152948,38
2.2400000000000015,6.636576107493365,7.255097298183448,6.629180759407414,7.241061224763181,1.5865135687144583,0.8318813190456418,38
2.2600000000000016,6.656550708887781,7.254199466732888,6.645185444407237,7.232628651561563,2.438174119844938,1.5624062319959908,38
2.2800000000000016,6.6765170170559625,7.253039062435587,6.6612919227207925,7.224142445341268,3.266217961206011,2.2686071692305982,39
2.3000000000000016,6.696483325224144,7.251878658138285,6.677398401034349,7.215656239120975,4.094261802566885,2.974808106465125,39
2.3200000000000016,6.716449633392326,7.250718253840984,6.693504879347905,7.20717003290068,4.922305643927958,3.717832591050443,40
2.3400000000000016,6.736415941560508,7.249557849543682,6.709611357661461,7.198683826680386,5.750349485288832,4.52922324382055,40
2.3600000000000017,6.755581053825956,7.245134403874459,6.7264363999952375,7.1898190223370655,6.252361379143003,5.013854117912468,40
2.3800000000000017,6.773814227519038,7.236915439397233,6.744097264785011,7.180513838564608,6.375137998991311,5.118403116136825,41
2.4000000000000017,6.792047401212121,7.228696474920007,6.761758129574784,7.17120865479215,6.497914618839738,5.226512473785471,41
2.4200000000000017,6.810280574905202,7.22047751044278,6.7794189943645575,7.161903471019692,6.620691238688126,5.370815207883404,42
2.4400000000000017,6.828513748598284,7.212258545965554,6.79707985915433,7.152598287247234,6.743467858536553,5.515117941981338,42
2.4600000000000017,6.8467469222913655,7.204039581488328,6.814740723944103,7.143293103474777,6.8662444783848615,5.659420676079307,42
2.4800000000000018,6.864980095984447,7.195820617011101,6.832401588733877,7.133987919702319,6.9890210982332475,5.80372341017724,43
2.5000000000000018,6.88321326967753,7.187601652533875,6.85006245352365,7.124682735929861,7.111797718081675,5.948026144275251,43
2.520000000000002,6.901421941218612,7.179331049075844,6.86772543592872,7.115376436424978,7.228863636889309,6.0866210915194685,44
2.540000000000002,6.919320117829921,7.17040606874027,6.885415253071118,7.106055998192163,7.273562699158558,6.152886111238542,44
2.560000000000002,6.93721829444123,7.161481088404695,6.903105070213517,7.096735559959347,7.318261761427807,6.219151130957495,44
2.580000000000002,6.955116471052539,7.1525561080691205,6.920794887355915,7.087415121726531,7.362960823697056,6.285416150676447,45
2.600000000000002,6.973014647663848,7.1436311277335465,6.938484704498313,7.078094683493715,7.407659885966425,6.3516811703954446,45
2.620000000000002,6.990912824275157,7.134706147397972,6.956174521640712,7.068774245260899,7.452358948235674,6.417946190114517,46
2.640000000000002,7.008811000886466,7.125781167062398,6.97386433878311,7.059453807028084,7.497058010504923,6.48421120983347,46
2.660000000000002,7.026709177497775,7.116856186726823,6.991554155925509,7.050133368795268,7.541757072774173,6.550476229552464,46
2.680000000000002,7.043705302807688,7.106324836940779,7.009200387675165,7.040835894901633,7.402290657431135,6.432533344505018,47
2.700000000000002,7.060642322146226,7.095688231470705,7.026843763537388,7.031539925722388,7.250756991111029,6.30252042848547,47
2.720000000000002,7.077579341484763,7.085051626000631,7.044487139399613,7.022243956543144,7.0992233247908025,6.172507512465846,48
2.740000000000002,7.094516360823301,7.074415020530556,7.0621305152618365,7.0129479873639,6.947689658470539,6.042494596446179,48
2.760000000000002,7.111453380161838,7.063778415060482,7.07977389112406,7.003652018184654,6.796155992150432,5.912481680426512,49
2.780000000000002,7.128390399500375,7.053141809590407,7.097417266986284,6.99435604900541,6.644622325830129,5.782468764406767,49
2.800000000000002,7.145327418838912,7.042505204120333,7.115060642848507,6.985060079826166,6.4930886595099855,5.652455848387142,49
2.820000000000002,7.162264438177449,7.031868598650259,7.13270401871073,6.975764110646922,6.341554993189802,5.522442932367596,50
2.840000000000002,7.179201457515987,7.0212319931801845,7.150347394572954,6.9664681414676775,6.190021326869538,5.39243001634785,50
2.860000000000002,7.195403228874401,7.009527862718764,7.167855526072891,6.957243430047338,5.909769732750323,5.133541762889675,51
2.880000000000002,7.211379229288118,6.997495929757643,7.185322128390481,6.948040599586866,5.589993013850937,4.835080049227136,51
2.900000000000002,7.227355229701835,6.985463996796521,7.202788730708069,6.938837769126395,5.270216294951393,4.536618335564521,51
2.920000000000002,7.243331230115551,6.9734320638354,7.220255333025658,6.929634938665923,4.9504395760520055,4.2381566219019815,52
2.940000000000002,7.259307230529268,6.961400130874278,7.237721935343247,6.920432108205451,4.630662857152541,3.9396949082393227,52
2.960000000000002,7.275283230942985,6.949368197913157,7.255188537660836,6.911229277744979,4.310886138253112,3.6412331945767837,53
2.980000000000002,7.291259231356701,6.937336264952035,7.272655139978425,6.9020264472845065,3.991109419353647,3.3427714809141675,53
3.000000000000002,7.307235231770418,6.9253043319909136,7.290121742296014,6.892823616824034,3.67133270045426,3.0443097672517068,53
3.0200000000000022,7.323329189404409,6.913430913592928,7.307615300397615,6.8836065838583655,3.3710783910104354,2.7654021934281166,54
3.0400000000000023,7.339442674922138,6.901583737369459,7.325113321044324,6.874387199660024,3.074056027362439,2.4897318183830235,54
3.0600000000000023,7.355556160439867,6.88973656114599,7.3426113416910335,6.865167815461682,2.777033663714521,2.21406144333793,55
3.0800000000000023,7.3716696459575966,6.877889384922521,7.360109362337743,6.855948431263339,2.480011300066603,1.938391068292915,55
3.1000000000000023,7.3877831314753255,6.866042208699052,7.377607382984452,6.846729047064998,2.182988936418606,1.6627206932478216,55
3.1200000000000023,7.404201524844144,6.854626933991163,7.3951659442228825,6.837477765145997,1.9383903354157757,1.4395448457432192,56
3.1400000000000023,7.420759400191342,6.843409235297285,7.412752200128654,6.828211891417807,1.7177733081958728,1.2403829438596532,56
3.1600000000000024,7.437317275538541,6.832191536603407,7.428582255648655,6.818846456037444,1.594966293652453,1.0412210419761652,57
3.1800000000000024,7.453875150885739,6.820973837909528,7.4453141407891845,6.807894603871742,1.5631930683331396,0.8420591400925569,57
3.2000000000000024,7.4704330262329375,6.80975613921565,7.4606726321287375,6.797684529063016,1.5523822491463726,0.642897238209033,58
3.2200000000000024,7.4869909015801355,6.798538440521772,7.4761695448550025,6.785154636721045,1.7211274373181178,0.48277352816324437,58
3.2400000000000024,7.503548776927334,6.787320741827894,7.491666457581268,6.7726247443790735,1.8898726254899325,0.39418229457831777,58
3.2600000000000025,7.520051428778129,6.776022208734629,7.50449175393519,6.760444999585668,2.201710530674885,0.2958127225428579,59
3.2800000000000025,7.536521629166973,6.76467617422246,7.518409142750465,6.746543276718777,2.562936082049816,0.19169702071046896,59
3.3000000000000025,7.552991829555818,6.753330139710292,7.529661285775163,6.73453703242115,2.995822349009222,0.13122971015814308,60
3.3200000000000025,7.569462029944662,6.741984105198124,7.541685492686738,6.719609682650723,3.5667223137925226,0.1417662214008148,60
3.3400000000000025,7.5859322303335075,6.7306380706859565,7.553709699598315,6.704682332880296,4.137622278575754,0.15230273264355942,60
3.3600000000000025,7.602402430722352,6.719292036173789,7.561285164484628,6.692986116433306,4.8812201305170975,0.162839243886304,61
3.3800000000000026,7.618872631111196,6.707946001661621,7.571219386356563,6.6774585070737915,5.657136255993728,0.23279895954274019,61
3.4000000000000026,7.635342831500041,6.696599967149453,7.577911734958099,6.666998082883355,6.461116313852664,0.3616202278003218,61
3.4200000000000026,7.651813031888885,6.685253932637285,7.585268616989107,6.652191128968071,7.430550545432546,0.4904414960578485,62
3.4400000000000026,7.66828323227773,6.673907898125117,7.59305070449776,6.6365283780065,8.400691495622258,0.6192627643153751,62
3.4600000000000026,7.682638757365916,6.660014184236949,7.59770979773323,6.627151174656789,9.10653917959839,0.5004179636803451,62
3.4800000000000026,7.696823832955012,6.645915119355488,7.603612690419823,6.611269798519765,9.944151722759214,0.3929829913312823,63
3.5000000000000027,7.711008908544107,6.631816054474027,7.609938839391263,6.594249676920324,10.782574646654709,0.2855480189821532,63
3.5200000000000027,7.7251939841332025,6.617716989592566,7.613504875540512,6.584655472110692,11.647970173568483,0.17811304663302416,63
3.5400000000000027,7.738012188246059,6.602503258073611,7.617065822672885,6.570989113220974,12.498465774307235,0.013350359542996487,64
3.5600000000000027,7.748969117367516,6.585771680018109,7.621844886626217,6.552647812236918,13.136879636486315,0.3836362577961423,64
3.5800000000000027,7.759926046488973,6.569040101962607,7.6252483032868685,6.539586030692098,13.786093293032712,0.7806228751353443,64
3.6000000000000028,7.77088297561043,6.5523085239071035,7.626921210965078,6.529175270864911,14.580856310970875,1.147590812656042,65
3.6200000000000028,7.7818399047318865,6.535576945851601,7.629817937925154,6.511148496847969,15.397216473281928,1.4182004177741931,65
3.640000000000003,7.792796833853344,6.518845367796099,7.63271466488523,6.493121722831027,16.21357663559298,1.6888100228922769,65
3.660000000000003,7.8037537629748,6.502113789740596,7.635113536179468,6.477062802282139,17.04906978876699,1.9594196280105534,66
3.680000000000003,7.811788823944552,6.484024165104033,7.637916154403043,6.458195914354945,17.578055566600206,2.459380408856842,66
3.700000000000003,7.817515100063773,6.46486144708684,7.640824889667873,6.438614659302146,17.862901309351198,3.1632387459235405,67
3.720000000000003,7.823241376182994,6.445698729069648,7.643733624932703,6.419033404249346,18.14774705210229,3.8670970829901314,67
3.740000000000003,7.828967652302215,6.426536011052455,7.646642360197533,6.399452149196546,18.43259279485328,4.57095542005683,67
3.760000000000003,7.834693928421436,6.4073732930352625,7.649551095462364,6.379870894143746,18.717438537604185,5.149475075186075,68
3.780000000000003,7.840420204540657,6.38821057501807,7.652459830727194,6.360289639090946,19.00228428035519,5.726855184502884,68
3.800000000000003,7.846146480659879,6.3690478570008775,7.655368565992024,6.340708384038146,19.287130023106265,6.304235293819667,69
3.820000000000003,7.8518727567791,6.349885138983685,7.658277301256854,6.321127128985347,19.571975765857257,6.811580221955818,69
3.840000000000003,7.857599032898321,6.3307224209664925,7.661186036521684,6.301545873932547,19.856821508608267,7.257676345668126,69
3.860000000000003,7.86152442781585,6.311190052243418,7.664109616119178,6.281864688622264,19.95810232180037,7.878690475467759,70
3.880000000000003,7.863809840405358,6.291321059080811,7.6670467137894995,6.262092501275781,19.89221872668059,8.63587822662228,70
3.900000000000003,7.866095252994866,6.271452065918204,7.669983811459821,6.242320313929294,19.826335131560857,9.287473406683254,71
3.920000000000003,7.8683806655843735,6.251583072755598,7.672920909130142,6.222548126582813,19.760451536441145,9.939068586744352,71
3.940000000000003,7.867136382917994,6.231764287743848,7.675774504193822,6.203338068715075,19.34616720622363,10.906880971034536,72
3.960000000000003,7.864286756339596,6.211968337946891,7.678590121360973,6.184383673467205,18.773426420566114,11.920865314822233,72
3.980000000000003,7.861437129761198,6.192172388149933,7.681405738528123,6.165429278219335,18.20068563490851,12.913740188846571,72
4.000000000000003,7.8585875031828,6.172376438352975,7.684221355695273,6.146474882971463,17.627944849251037,13.906615062870738,73
4.020000000000002,7.855737876604403,6.152580488556017,7.687036972862424,6.127520487723593,17.055204063593436,14.843765211156962,73
4.040000000000002,7.852888250026004,6.13278453875906,7.689852590029574,6.108566092475726,16.482463277935867,15.711568890337086,74
4.060000000000001,7.850038623447607,6.112988588962102,7.692668207196724,6.0896116972278564,15.909722492278355,15.909722492278355,74
4.080000000000001,7.8471889968692095,6.093192639165144,7.695483824363874,6.0706573019799865,15.33698170662084,15.33698170662084,74
4.1000000000000005,7.841447416157985,6.0740452771898665,7.697218945772798,6.05820998157333,14.509516965396822,14.509516965396822,75
4.12,7.835569936887002,6.054928393620123,7.699222842017543,6.039958418912995,13.716643329209028,13.716643329209028,75
4.14,7.829692457616019,6.035811510050379,7.701226738262287,6.021706856252661,12.923769693021233,12.923769693021233,75
4.159999999999999,7.823814978345036,6.016694626480635,7.702236420666095,6.008934019576068,12.182599355974382,12.182599355974382,76
4.179999999999999,7.817937499074053,5.99757774291089,7.703427887646191,5.990268361239879,11.474266063575687,11.474266063575687,76
4.199999999999998,7.81206001980307,5.978460859341146,7.704212319116068,5.977604251303617,10.785110254792567,10.785110254792567,77
4.219999999999998,7.806182540532087,5.959343975771402,7.704363779519384,5.958535254134324,10.182197270161417,10.182197270161417,77
4.2399999999999975,7.79998628861564,5.940354668570312,7.704488493865518,5.942833608943154,9.552996361094584,9.552996361094584,77
4.259999999999997,7.791051822246705,5.922461225338157,7.703560678895004,5.927895269116002,8.76597341814784,8.76597341814784,78
4.279999999999997,7.782117355877769,5.904567782106003,7.7025672341903215,5.911900253870863,7.988733943917669,7.988733943917669,78
4.299999999999996,7.773182889508834,5.886674338873848,7.700410292605616,5.897831117684286,7.362285360853176,7.362285360853176,79
4.319999999999996,7.764161076794157,5.868838206385972,7.698481673447565,5.885251265833381,6.769913252316102,6.769913252316102,79
4.339999999999995,7.751303536900647,5.853518817759569,7.694082342132979,5.869430552123303,5.939232628127503,5.939232628127503,80
4.359999999999995,7.738445997007135,5.838199429133167,7.690965664474666,5.860079214911544,5.227912588310522,5.227912588310522,81
4.379999999999995,7.7255884571136235,5.822880040506764,7.683960392158538,5.84487739061494,4.708268475444509,4.708268475444509,81
4.399999999999994,7.712228981065046,5.808186679476062,7.676602921592852,5.835159571601847,4.46850424990904,4.46850424990904,82
4.419999999999994,7.6944807990516555,5.798967024644152,7.671426998678547,5.8295524861628305,3.8300759365235826,3.8300759365235826,83
4.439999999999993,7.676732617038266,5.7897473698122415,7.661205873463459,5.8218483101067235,3.5658801631963555,3.5658801631963555,83
4.459999999999993,7.658984435024877,5.78052771498033,7.646828062441834,5.816878688428712,3.8329762131048057,3.8329762131048057,84
4.479999999999992,7.640849169374121,5.7729314837407895,7.639283839687533,5.816608311746643,4.370486885554791,4.370486885554791,85
4.499999999999992,7.620850372739839,5.773150876494965,7.6298938466920125,5.816419300243245,4.420340388233006,4.420340388233006,86
4.519999999999992,7.600851576105556,5.773370269249141,7.612245843690573,5.820107885165587,4.810648683236194,3.1399854031610595,86
4.539999999999991,7.5808527794712735,5.7735896620033165,7.612245843690573,5.820107885165587,5.612013513215995,1.587550159327437,86
4.559999999999991,7.560853982836991,5.773809054757493,7.612245843690573,5.820107885165587,6.917156250332517,0.002929315600351036,86
4.57999999999999,7.543510871318415,5.783448930973286,7.612245843690573,5.820107885165587,7.789977759579651,0.8029755366730109,86
4.59999999999999,7.526342108837683,5.793707273669851,7.612245843690573,5.820107885165587,8.98690377662095,1.5577567135300956,86
4.6199999999999894,7.509173346356951,5.803965616366416,7.612245843690573,5.820107885165587,10.432886728309795,2.327177153007245,86
4.639999999999989,7.513353205147757,5.816433236809367,7.612245843690573,5.820107885165587,9.896088620511623,1.2650775929572053,86
4.659999999999989,7.5280574459134275,5.829989980647959,7.612245843690573,5.820107885165587,8.476639741905752,0.7185474398257776,86
4.679999999999988,7.542761686679097,5.843546724486551,7.612245843690573,5.820107885165587,7.333094342983309,1.3909257232567722,86
4.699999999999988,7.560375119672081,5.8528336442305005,7.612245843690573,5.820107885165587,6.133145454477133,0.3913460598556194,86
4.719999999999987,7.578372172255877,5.861557525149911,7.612245843690573,5.820107885165587,5.353034906756882,2.150300347071763,86
4.739999999999987,7.596369224839674,5.870281406069322,7.612245843690573,5.820107885165587,5.262555677628687,3.8470615966714674,86
4.7599999999999865,7.614873015033795,5.877753381703006,7.612245843690573,5.820107885165587,5.770533164545755,5.4180797019354845,86
4.779999999999986,7.633871118863769,5.884004145725549,7.6201700817795475,5.818451651022061,6.6969007600785435,6.186676455915683,86
4.799999999999986,7.6528692226937425,5.890254909748092,7.661205873463459,5.8218483101067235,6.891271740796927,4.5285573905609295,84
4.819999999999985,7.671867326523716,5.896505673770634,7.661205873463459,5.8218483101067235,7.541477660645489,2.8012471392321183,84
4.839999999999985,7.69086543035369,5.902756437793177,7.661205873463459,5.8218483101067235,8.617316543247274,1.018101151263704,84
4.859999999999984,7.709863534183664,5.909007201815719,7.661205873463459,5.8218483101067235,9.982104162301123,0.7650448367047846,84
4.879999999999984,7.726424348596214,5.92006521396547,7.661205873463459,5.8218483101067235,11.789830237217206,2.3305083969522933,84
4.8999999999999835,7.742694887159183,5.931695758874067,7.661205873463459,5.8218483101067235,13.677324794635853,3.8823350643847956,84
4.919999999999983,7.7589654257221525,5.943326303782665,7.661205873463459,5.8218483101067235,15.592893575392697,5.447912676617457,84
4.939999999999983,7.775235964285122,5.954956848691262,7.661205873463459,5.8218483101067235,17.52733426876674,7.084152779421092,84
4.959999999999982,7.791506502848092,5.966587393599859,7.661205873463459,5.8218483101067235,19.47502408431487,8.720392882224727,84
4.979999999999982,7.798115298314209,5.9833246149129025,7.661205873463459,5.8218483101067235,21.17044818297932,9.40553730187825,84
4.999999999999981,7.798560342675965,6.00331966268769,7.661205873463459,5.8218483101067235,22.759196387441882,9.577063441214156,84
5.019999999999981,7.785490175776364,6.015341828956399,7.646828062441834,5.816878688428712,24.210493555999726,8.349285452282656,85
5.0399999999999805,7.767774294545447,6.0246233995245735,7.630496325957977,5.81629337687751,24.949276341334738,6.646844034325901,86
5.05999999999998,7.750058413314529,6.033904970092748,7.612245843690573,5.820107885165587,25.436489118923124,4.987125729278432,87
5.07999999999998,7.732342532083612,6.043186540660923,7.592112282751111,5.828337596134725,25.65630366827548,3.3274164202289924,88
5.099999999999979,7.714626650852694,6.052468111229097,7.565146445382094,5.84458268910929,25.60481996762786,1.6677071111794548,89
5.119999999999979,7.695799149796876,6.059195404052417,7.5345333924882345,5.868067683688846,25.00728893177052,0.13037687336793072,90
5.139999999999978,7.67693315258663,6.065834240491354,7.509530559105301,5.8904072260357525,24.24835369774214,1.9058001338725288,91
5.159999999999978,7.658067155376383,6.07247307693029,7.4882188846578055,5.91126763090357,23.417008966724374,3.6743755912105076,92
5.1799999999999775,7.639201158166137,6.079111913369227,7.475963189045005,5.924180400028892,22.505645600319525,5.442951048548385,92
5.199999999999977,7.62033516095589,6.085750749808163,7.457914276064348,5.94379378679637,21.571352112578225,7.211526505886363,93
5.219999999999977,7.601627126021291,6.092807559250418,7.446315726360513,5.957064334900438,20.62713111935802,8.958335713854629,93
5.239999999999976,7.583085927156977,6.100305822027485,7.430217067527189,5.975789384475394,19.716295662516153,10.682155917044362,94
5.259999999999976,7.564544728292663,6.1078040848045525,7.419150424214793,5.989375905069416,18.752263173725453,12.405976120233895,94
5.279999999999975,7.54600352942835,6.11530234758162,7.4080837809023965,6.002962425663437,17.78823068493482,14.129796323423516,94
5.299999999999975,7.527554807286765,6.122993774139538,7.3940682742667265,6.0207602394809845,16.81378901571312,15.841630981830354,95
5.3199999999999745,7.510087242578157,6.132734625393438,7.38290827384091,6.035331874613426,16.019296472873755,15.77290016943455,95
5.339999999999974,7.49261967786955,6.142475476647337,7.371748273415094,6.049903509745868,15.224803930034456,14.785645065588323,95
5.359999999999974,7.475152113160942,6.152216327901236,7.358616258120999,6.067730925964405,14.393883649077713,13.798389961742025,96
5.379999999999973,7.457684548452335,6.161957179155135,7.347969483953435,6.082416669330603,13.551416192097543,12.811134857895725,96
5.399999999999973,7.440216983743728,6.171698030409035,7.3373227097858695,6.0971024126968,12.708948735117618,11.82387975404962,96
5.419999999999972,7.42274941903512,6.181438881662935,7.325290366780868,6.114211738806328,11.839660300430767,10.836624650203277,97
5.439999999999972,7.405989437545001,6.192247855597235,7.314834641971983,6.129369381794052,11.07379755268092,9.965296199447945,97
5.4599999999999715,7.390207537325372,6.2045332788889915,7.304004170163559,6.145070294744746,10.472281028206377,9.254211357043019,97
5.479999999999971,7.374425637105743,6.216818702180749,7.292104617620231,6.162575038941428,9.858562395580261,8.543126514638164,98
5.499999999999971,7.358643736886113,6.229104125472507,7.281682329880362,6.178392063472607,9.216708414931247,7.832041672233162,98
5.51999999999997,7.342861836666484,6.241389548764263,7.2712600421404945,6.194209088003785,8.574854434282281,7.120956829828189,98
5.53999999999997,7.327871528674111,6.254554298509514,7.260673400351573,6.210275538773285,8.047482223547274,6.523177723722537,98
5.559999999999969,7.314000908821043,6.26896283434393,7.249291058756014,6.228109229844341,7.652699978470001,6.08566685255048,99
5.579999999999969,7.300130288967976,6.283371370178347,7.238833894235465,6.244672800097654,7.249018784286688,5.64815598137842,99
5.599999999999969,7.286259669114909,6.297779906012765,7.228376729714917,6.261236370350968,6.845337590103301,5.210645110206437,99
5.619999999999968,7.272389049261842,6.312188441847182,7.217324702142081,6.278805812301376,6.4393185036291545,4.773134239034472,100
5.639999999999968,7.2684601814190675,6.330988354111355,7.207934527764687,6.294294820461215,7.077972988097629,5.41330873546376,100
5.659999999999967,7.267151132379371,6.35094546789596,7.198735447069941,6.30946862131064,8.000646723247453,6.3374714451296015,100
5.679999999999967,7.265842083339673,6.370902581680563,7.189536366375195,6.324642422160065,8.923320458397157,7.26163415479532,100
5.699999999999966,7.261596808461111,6.389781317722171,7.180026211434657,6.340329337179446,9.539004496723066,7.878857637612781,100
5.719999999999966,7.249677814054469,6.405841752720465,7.169245642596833,6.358537287168798,9.331155698261338,7.693906605165035,101
5.739999999999966,7.237758819647826,6.421902187718759,7.159164378197075,6.375678543861055,9.117955625270104,7.508955572717338,101
5.759999999999965,7.225839825241184,6.437962622717052,7.149083113797317,6.39281980055331,8.904755552278948,7.324004540269594,101
5.779999999999965,7.213920830834542,6.454023057715346,7.139001849397559,6.4099610572455665,8.691555479287867,7.139053507822002,101
5.799999999999964,7.2020018364278995,6.4700834927136395,7.1289205849978,6.427102313937823,8.478355406296712,6.9541024753741825,102
5.819999999999964,7.189950056030073,6.486039411009105,7.118850866232289,6.444223939493305,8.248411027579762,6.75237649637822,102
5.839999999999963,7.177139106798981,6.501397782661019,7.108847156581153,6.461233329209245,7.922735503368765,6.4547441910786,102
5.859999999999963,7.164328157567888,6.516756154312935,7.098843446930017,6.478242718925186,7.597059979157724,6.157111885778978,102
5.879999999999963,7.151517208336795,6.53211452596485,7.088839737278881,6.495252108641126,7.271384454946726,5.859479580479281,103
5.899999999999962,7.138706259105702,6.547472897616765,7.078836027627744,6.512261498357066,6.945708930735684,5.561847275179538,103
5.919999999999962,7.12589530987461,6.56283126926868,7.068832317976609,6.529270888073007,6.620033406524686,5.264214969880038,103
5.939999999999961,7.113667092962218,6.578630505651147,7.058785721780843,6.54635319813316,6.366937633869586,5.0392751861900456,103
5.959999999999961,7.1023718360256956,6.5951355706536825,7.048670463819875,6.563552254356852,6.230042732673426,4.930716819886002,104
5.9799999999999605,7.091076579089173,6.611640635656219,7.038555205858907,6.580751310580544,6.093147831477265,4.822158453582034,104
5.99999999999996,7.07978132215265,6.628145700658754,7.028439947897939,6.597950366804236,5.956252930280982,4.713600087277915,104
6.01999999999996,7.068486065216128,6.64465076566129,7.018324689936971,6.615149423027928,5.819358029084821,4.605041720973948,104
6.039999999999959,7.056950766963156,6.66097793888919,7.008225476375641,6.6323211988270865,5.652753925145488,4.4667322207561835,105
6.059999999999959,7.0444465711163575,6.676587073593744,6.998191024083048,6.6493828605088945,5.366232235858439,4.2083358851180686,105
6.079999999999958,7.031942375269559,6.692196208298298,6.988156571790455,6.6664445221907025,5.079710546571388,3.949939549479833,105
6.099999999999958,7.019438179422761,6.7078053430028515,6.978122119497862,6.6835061838725105,4.793188857284338,3.691543213841672,105
6.1199999999999575,7.006933983575963,6.723414477707405,6.968087667205269,6.7005678455543185,4.506667167997289,3.4331468782035572,106
6.139999999999957,6.994429787729166,6.739023612411959,6.9580532149126775,6.7176295072361265,4.22014547871024,3.174750542565443,106
6.159999999999957,6.982252637315952,6.754886970767728,6.947991722828086,6.734737144898443,3.974702182689093,2.9575041730468383,106
6.179999999999956,6.970210563317291,6.770855328661099,6.937919062759544,6.751863771575635,3.7462250984176633,2.7572535763220127,106
6.199999999999956,6.9581684893186315,6.786823686554469,6.927846402691003,6.768990398252825,3.5177480141462327,2.557002979597065,107
6.219999999999955,6.946126415319971,6.80279204444784,6.917773742622461,6.786117024930016,3.289270929874803,2.3567523828721937,107
6.239999999999955,6.934084341321311,6.818760402341211,6.907701082553919,6.8032436516072075,3.06079384560345,2.156501786147368,107
6.2599999999999545,6.9220422673226505,6.834728760234582,6.897628422485377,6.820370278284399,2.832316761331943,1.956251189422497,107
6.279999999999954,6.910000193323991,6.850697118127952,6.887555762416835,6.837496904961589,2.603839677060589,1.7560005926975955,107
6.299999999999954,6.89795811932533,6.866665476021323,6.877483102348294,6.85462353163878,2.3753625927890827,1.5557499959727237,108
6.319999999999953,6.885940497430202,6.882652186173315,6.867408706913717,6.8717531089731,2.149923588323829,1.3585420319980053,108
6.339999999999953,6.87397159872392,6.898675464981311,6.8573308535939335,6.888888565778047,1.9305382526539787,1.1673968090015145,108
6.359999999999952,6.862002700017638,6.914698743789306,6.84725300027415,6.9060240225829945,1.711152916984007,0.9762515860048723,108
6.379999999999952,6.850033801311357,6.930722022597301,6.837175146954367,6.923159479387942,1.4917675813140348,0.7851063630083057,109
6.3999999999999515,6.838064902605074,6.946745301405297,6.8270972936345835,6.94029493619289,1.2723822456440632,0.5939611400117392,109
6.419999999999951,6.826096003898792,6.962768580213292,6.817019440314801,6.957430392997837,1.0529969099740144,0.4028159170150967,109
6.439999999999951,6.81550665715988,6.979710917660497,6.806894522300131,6.97464587429021,0.999117266317622,0.3797011694877483,109
6.45999999999995,6.805330466986778,6.996928500346833,6.796454130597694,6.991038974136056,1.06525051832702,0.5123401828020592,110
6.47999999999995,6.795154276813675,7.01414608303317,6.785411541721137,7.007681693765236,1.1692271622347366,0.6449791961164201,110
6.499999999999949,6.784978086640574,7.031363665719506,6.774368952844581,7.0243244133944165,1.2732038061424038,0.7776182094308043,110
6.519999999999949,6.774801896467471,7.048581248405843,6.763326363968025,7.040967133023597,1.377180450050046,0.9102904036539072,110
6.5399999999999485,6.764101572631181,7.065460755697029,6.752191030825518,7.056551229506207,1.4874160919171053,1.0923319680693184,111
6.559999999999948,6.752612640855941,7.081831597051824,6.740216664764028,7.072558948044438,1.548038251741364,1.1819102730327504,111
6.579999999999948,6.741123709080701,7.098202438406619,6.728242298702538,7.08856666658267,1.608660411565623,1.2714885779962366,111
6.599999999999947,6.729634777305461,7.114573279761414,6.716267932641047,7.104574385120901,1.6692825713900061,1.3648220893602503,111
6.619999999999947,6.718145845530222,7.130944121116209,6.7043465071118735,7.119301594673985,1.8054643799919952,1.571414532785641,112
6.639999999999946,6.706656913754982,7.147314962471004,6.691500447223824,7.134527424618822,1.9830269842619157,1.778006976210907,112
6.659999999999946,6.695167981979742,7.163685803825799,6.678654387335773,7.1497532545636595,2.1605895885319035,1.9845994196361727,112
6.6799999999999455,6.683551083787294,7.179961113864056,6.665802199081251,7.16498634817273,2.322211264761536,2.18932688928233,112
6.699999999999945,6.671121477641942,7.195629709559633,6.6532314644082335,7.178578326491985,2.4714413568238345,2.0643622540034263,113
6.719999999999945,6.6586918714965915,7.211298305255209,6.63948953602764,7.192996117682892,2.6527339809985078,1.2575346410308852,113
6.739999999999944,6.64626226535124,7.226966900950785,6.625747607647046,7.207413908873799,2.8340266051731193,0.45070702805846363,113
6.759999999999944,6.633832659205889,7.242635496646361,6.612005679266452,7.221831700064706,3.015319229347856,0.35612058491407783,113
6.779999999999943,6.621403053060538,7.2583040923419375,6.5989545133111704,7.2340636087340355,3.303843190019625,0.5277464530160427,114
6.799999999999943,6.606906291247794,7.272077296266611,6.584284216027492,7.247649424802504,3.329383113340836,1.3055782376582705,114
6.8199999999999426,6.592372013402687,7.28581610143741,6.5696108717450175,7.261238062624645,3.349850088350683,2.078868418738684,114
6.839999999999942,6.577837735557579,7.29955490660821,6.556334862618916,7.273532661338141,3.3756936968746367,2.7817100877450107,114
6.859999999999942,6.563303457712471,7.31329371177901,6.541060354406012,7.285964507554527,3.523692733830921,3.410781574272555,115
6.879999999999941,6.548769179867363,7.327032516949809,6.525591252753066,7.298554732403312,3.6717850127592544,3.6717850127592544,115
6.899999999999941,6.534234902022256,7.340771322120609,6.510122151100119,7.311144957252097,3.819877291687769,3.819877291687769,115
6.91999999999994,6.519700624177148,7.354510127291408,6.496524273781402,7.321912525974357,3.9996835240951247,3.9996835240951247,116
6.93999999999994,6.503104824049908,7.365618603294091,6.480254738305009,7.333479894116247,3.943378052085848,3.943378052085848,116
6.95999999999994,6.486290997718029,7.376448896184009,6.463971757002062,7.345056822016371,3.851766901934448,3.851766901934448,116
6.979999999999939,6.469477171386151,7.3872791890739276,6.447688775699115,7.356633749916495,3.7601557517831203,3.7601557517831203,116
6.999999999999939,6.4526633450542725,7.3981094819638455,6.43309216999307,7.366337197289255,3.731633645897572,3.731633645897572,117
7.019999999999938,6.435849518722394,7.408939774853764,6.416067007108128,7.376824401677586,3.771929161601182,3.771929161601182,117
7.039999999999938,6.4190356923905165,7.419770067743682,6.399041844223189,7.387311606065917,3.8122246773047457,3.8122246773047457,117
7.059999999999937,6.402221866058638,7.430600360633601,6.382016681338247,7.3977988104542485,3.8525201930083566,3.8525201930083566,117
7.079999999999937,6.38540803972676,7.441430653523519,6.366780354508766,7.406135284811341,3.9909318574855495,3.9909318574855495,118
7.099999999999937,6.368060597183924,7.4511377956231595,6.349205152885327,7.415410873519704,4.0397286328216016,4.0397286328216016,118
7.119999999999936,6.349043633098167,7.457330943204236,6.331774682552455,7.424610078016193,3.6998265791849616,3.6998265791849616,118
7.139999999999936,6.330026669012409,7.463524090785314,6.314939324449892,7.43349520268578,3.3605982896538897,3.3605982896538897,118
7.159999999999935,6.3110097049266525,7.469717238366391,6.298197860465748,7.440951647113734,3.148972211064,3.148972211064,119
7.179999999999935,6.291992740840895,7.475910385947468,6.280027086179192,7.449044688965326,2.9409905913133407,2.9409905913133407,119
7.1999999999999345,6.272975776755137,7.482103533528545,6.261856311892636,7.457137730816919,2.7330089715627177,2.7330089715627177,119
7.219999999999934,6.253958812669381,7.488296681109622,6.245121507046027,7.464285496567862,2.558583502211786,2.558583502211786,120
7.239999999999934,6.234941848583623,7.494489828690699,6.226365812930232,7.471188521314148,2.4829404201163174,2.4829404201163174,120
7.259999999999933,6.215924884497866,7.500682976271777,6.207610118814437,7.478091546060434,2.4072973380209626,2.4072973380209626,120
7.279999999999933,6.196907920412109,7.506876123852853,6.1888544246986426,7.484994570806721,2.3316542559254105,2.3316542559254105,120
7.299999999999932,6.177890956326351,7.51306927143393,6.171301165561814,7.490736143058481,2.3285058843702573,2.3285058843702573,121
7.319999999999932,6.1586499285972565,7.518329650395621,6.152173335073651,7.496380153094939,2.28850758229612,2.28850758229612,121
7.3399999999999315,6.138894853946863,7.5214500711296495,6.13315348910252,7.5019923003595945,2.0287141583176758,2.0287141583176758,121
7.359999999999931,6.11913977929647,7.5245704918636775,6.11413364313139,7.507604447624251,1.7689207343391462,1.7689207343391462,121
7.379999999999931,6.099384704646075,7.527690912597706,6.0958269842495065,7.511938639952607,1.614903922546726,1.614903922546726,122
7.39999999999993,6.079629629995682,7.530811333331735,6.076360155957216,7.516335309159164,1.484064474115107,1.484064474115107,122
7.41999999999993,6.059874555345288,7.533931754065763,6.056893327664926,7.520731978365721,1.353225025683295,1.353225025683295,122
7.439999999999929,6.040061950979286,7.536259963815332,6.0382399046660815,7.524864825920931,1.153988823168913,1.153988823168913,123
7.459999999999929,6.020063314533355,7.536026425160188,6.0187762377455085,7.527977004367801,0.8151671101726168,0.8151671101726168,123
7.4799999999999285,6.000064678087424,7.535792886505043,5.999312570824934,7.531089182814671,0.4763453971764222,0.4763453971764222,123
7.499999999999928,5.980066041641492,7.5355593478499,5.97984890390436,7.534201361261541,0.1375236841802136,0.1375236841802136,123
7.519999999999928,5.960067405195561,7.535325809194756,5.960227794658528,7.536983655643157,0.1665586871437947,0.1665586871437947,124
7.539999999999927,5.940068768749629,7.535092270539612,5.940436988556268,7.538898330410221,0.38238302217358355,0.38238302217358355,124
7.559999999999927,5.920070132303698,7.5348587318844675,5.920646182454007,7.540813005177284,0.5982073572033638,0.5982073572033638,124
7.579999999999926,5.900071495857767,7.534625193229323,5.900855376351748,7.542727679944348,0.8140316922331527,0.5797823920411119,124
7.599999999999926,5.880072859411835,7.53439165457418,5.88042205201622,7.544090668465171,0.9705297828124184,0.4322229177658203,125
7.6199999999999255,5.860371210480781,7.530954941568431,5.8608694789259035,7.544794617752859,1.3848642833622324,0.038330150867575394,125
7.639999999999925,5.840670538250018,7.527507694310687,5.841318260044138,7.545498518285115,1.800248012917702,0.35661320212295283,125
7.659999999999925,5.820969866019254,7.524060447052944,5.821767041162371,7.546202418817371,2.215631742473172,0.751556555113481,125
7.679999999999924,5.8012691937884915,7.520613199795202,5.800688600121927,7.546204650241988,2.559803556869078,1.0957399732580642,126
7.699999999999924,5.781568521557728,7.517165952537458,5.78091989510161,7.545756157298814,2.8597561514503753,1.376272128415289,126
7.719999999999923,5.761867849326965,7.513718705279715,5.761151190081293,7.545307664355639,3.159708746031494,1.6568042835724213,126
7.739999999999923,5.742167177096202,7.510271458021972,5.741382485060976,7.544859171412465,3.4596613406127914,1.9373364387296463,126
7.7599999999999225,5.722466504865438,7.506824210764229,5.719547285406936,7.543477545335752,3.6769400014942915,2.1631424227188476,127
7.779999999999922,5.702765832634675,7.5033769635064855,5.699697968134662,7.541896665617806,3.8641677542975357,2.33207489991398,127
7.799999999999922,5.683135738329227,7.499589526649988,5.679891860628429,7.540319227299975,4.08586742023681,2.535517646026805,127
7.819999999999921,5.663689657109828,7.49491513629311,5.660198411044081,7.538750761513608,4.397443390839229,2.828936699257011,127
7.839999999999921,5.644243575890427,7.490240745936231,5.639285936022626,7.536652552057349,4.667583893711057,3.117818898776662,128
7.85999999999992,5.624797494671027,7.485566355579352,5.619565556746073,7.53454605057248,4.925833631041981,3.4012366996548047,128
7.87999999999992,5.605351413451627,7.480891965222474,5.599845177469521,7.532439549087611,5.184083368372818,3.684654500532859,128
7.8999999999999195,5.585905332232227,7.476217574865595,5.580124798192968,7.530333047602741,5.442333105703654,3.96807230141109,128
7.919999999999919,5.566459251012827,7.471543184508717,5.5604044189164155,7.528226546117872,5.70058284303449,4.251490102289144,129
7.939999999999919,5.547013169793427,7.466868794151838,5.540684039639864,7.526120044633003,5.958832580365414,4.534907903167286,129
7.959999999999918,5.527567088574027,7.4621944037949595,5.520963660363311,7.524013543148134,6.217082317696338,4.81832570404543,129
7.979999999999918,5.508108568027407,7.457572774103538,5.501236554328698,7.521906323121007,6.469953710389562,5.096374186199048,129
7.999999999999917,5.488622458296821,7.453068162292568,5.481494529017314,7.519797509439,6.710896472456343,5.3625140562988465,130
8.019999999999918,5.469136348566234,7.448563550481597,5.46175250370593,7.517688695756993,6.951839234523205,5.628653926398821,130
8.039999999999917,5.449650238835647,7.444058938670627,5.442010478394545,7.515579882074986,7.192781996590076,5.894793796498706,130
8.059999999999917,5.430164129105061,7.439554326859656,5.422268453083161,7.513471068392979,7.433724758656947,5.798336018424153,130
8.079999999999917,5.410678019374475,7.435049715048686,5.402526427771778,7.511362254710972,7.674667520723721,5.298485668963181,131
8.099999999999916,5.391191909643889,7.430545103237716,5.382784402460394,7.5092534410289655,7.915610282790592,4.798635319502121,131
8.119999999999916,5.371705799913303,7.426040491426745,5.363042377149011,7.5071446273469595,8.156553044857542,4.298784970041146,131
8.139999999999915,5.352219690182717,7.421535879615775,5.343300351837627,7.505035813664953,8.397495806924324,3.7989346205802605,131
8.159999999999915,5.33261884879083,7.417576706769777,5.323502494890968,7.502921036130985,8.582984598927014,3.353318887494536,132
8.179999999999914,5.3129692709565335,7.413849228945038,5.303680921428342,7.500803725234175,8.744917301984884,2.930741278563928,132
8.199999999999914,5.293319693122237,7.4101217511202995,5.283859347965715,7.4986864143373655,8.906850005042665,2.508163669633411,132
8.219999999999914,5.273670115287941,7.40639427329556,5.26403777450309,7.496569103440556,9.068782708100526,2.0855860607028034,132
8.239999999999913,5.254020537453645,7.402666795470822,5.244216201040464,7.494451792543746,9.230715411158307,1.6630084517722867,133
8.259999999999913,5.234370959619349,7.398939317646082,5.224394627577838,7.492334481646936,9.392648114216177,1.2404308428416788,133
8.279999999999912,5.214721381785053,7.395211839821344,5.2045730541152135,7.490217170750126,9.55458081727395,0.8178532339111597,133
8.299999999999912,5.195071803950757,7.391484361996604,5.184751480652587,7.488099859853317,9.71651352033182,0.3952756249805519,133
8.319999999999911,5.175422226116461,7.387756884171866,5.164929907189961,7.485982548956507,9.878446223389599,0.027301983949964893,134
8.339999999999911,5.155595245957809,7.385317805772033,5.145069005054591,7.483861037029566,9.910383531543207,0.32153225176948275,134
8.35999999999991,5.135669492594239,7.3835960761491854,5.125186205691739,7.481737186073463,9.869942634812668,0.5443019100950498,134
8.37999999999991,5.11574373923067,7.381874346526337,5.105303406328887,7.479613335117361,9.829501738082316,0.7670715684207079,134
8.39999999999991,5.095817985867101,7.38015261690349,5.085420606966037,7.477489484161259,9.789060841351866,0.9898412267462748,135
8.41999999999991,5.075892232503532,7.378430887280643,5.065537807603185,7.475365633205157,9.748619944621414,1.212610885071842,135
8.439999999999909,5.055966479139962,7.376709157657794,5.045655008240333,7.473241782249055,9.708179047891061,1.4353805433974975,135
8.459999999999908,5.0360407257763935,7.374987428034947,5.025772208877482,7.4711179312929525,9.66773815116061,1.6581502017230645,135
8.479999999999908,5.016114972412824,7.3732656984121,5.00588940951463,7.46899408033685,9.627297254430168,1.8809198600486319,136
8.499999999999908,4.9961892190492545,7.3715439687892514,4.986006610151779,7.466870229380747,9.586856357699718,2.10368951837429,136
8.519999999999907,4.976198731238507,7.370969448754229,4.966180967390014,7.464752483807477,9.431655875996986,2.211939848899462,136
8.539999999999907,4.9562057760090585,7.3704386557689325,4.9463575032097085,7.462634970947026,9.272081217045516,2.315825159820287,136
8.559999999999906,4.936212820779609,7.369907862783635,4.926534039029402,7.460517458086575,9.112506558094049,2.4197104707411095,137
8.579999999999906,4.91621986555016,7.369377069798339,4.906710574849097,7.458399945226124,8.952931899142492,2.5235957816618453,137
8.599999999999905,4.896226910320712,7.368846276813041,4.886887110668791,7.456282432365674,8.793357240191112,2.62748109258267,137
8.619999999999905,4.876233955091263,7.368315483827745,4.867063646488486,7.454164919505223,8.633782581239554,2.731366403503404,137
8.639999999999905,4.856240999861814,7.367784690842448,4.846830148560539,7.4519889785593865,8.47285441402822,2.835251714424229,138
8.659999999999904,4.836248044632366,7.367253897857151,4.827025249325743,7.449775540659858,8.303542306826293,2.9391370253449645,138
8.679999999999904,4.816255089402917,7.366723104871855,4.807220350090947,7.4475621027603305,8.134230199624453,3.0430223362656985,138
8.699999999999903,4.796262134173468,7.366192311886557,4.787415450856152,7.445348664860803,7.964918092422703,3.146907647186523,138
8.719999999999903,4.776272798608982,7.366249446976398,4.7672750460425295,7.443061318721923,7.73370751470345,3.192009948345234,139
8.739999999999903,4.7562878945207405,7.367026369484614,4.74765043592509,7.440762489360821,7.4240292735077125,3.165145502838435,139
8.759999999999902,4.736302990432499,7.3678032919928285,4.72802582580765,7.4384636599997185,7.114351032312061,3.138281057331728,139
8.779999999999902,4.716318086344257,7.368580214501044,4.708401215690211,7.436164830638616,6.804672791116323,3.1114166118249296,139
8.799999999999901,4.696333182256016,7.36935713700926,4.688410312922302,7.433736045853508,6.486459560079863,3.084552166318134,140
8.8199999999999,4.676348278167774,7.370134059517475,4.668817756815301,7.431324863919301,6.165243949092825,3.0576877208114266,140
8.8399999999999,4.6563633740795325,7.37091098202569,4.649225200708301,7.428913681985094,5.844028338105777,3.0308232753045417,140
8.8599999999999,4.636378469991291,7.371687904533906,4.629281950195255,7.4264085791375845,5.517891646541442,3.003958829797743,141
8.8799999999999,4.616399751251048,7.3725588117540095,4.609744762866472,7.423874874324153,5.174579353050585,2.9676832267697515,141
8.899999999999899,4.596485398974059,7.374407750202946,4.590395616641721,7.421365555858786,4.735103970206938,2.8334724833303215,141
8.919999999999899,4.57657104669707,7.376256688651882,4.570737215985374,7.418779651994709,4.292127668450831,2.6992617398908054,142
8.939999999999898,4.556656694420081,7.378105627100818,4.551439736983187,7.416132183031794,3.8382751345754653,2.565050996451376,142
8.959999999999898,4.536742342143091,7.379954565549754,4.532142257980998,7.41348471406888,3.384422600700111,2.4308402530119477,142
8.979999999999897,4.516827989866102,7.3818035039986905,4.512606435254463,7.410748873898045,2.925159759653371,2.296629509572521,143
8.999999999999897,4.496913637589113,7.383652442447627,4.493370900346438,7.4079434559199475,2.454800038054246,2.1624187661330936,143
9.019999999999897,4.476999285312123,7.385501380896563,4.4741353654384115,7.4051380379418505,1.9844403164552216,1.9844403164552216,143
9.039999999999896,4.4570849330351345,7.387350319345498,4.4547703229932845,7.40218658809124,1.5015734745316751,1.5015734745316751,144
9.059999999999896,4.437170580758145,7.389199257794434,4.435610752667848,7.3991974986757825,1.0119183978599329,1.0119183978599329,144
9.079999999999895,4.417243228480295,7.390893867013144,4.41635975853487,7.396145910541414,0.5325831424980144,0.5325831424980144,145
9.099999999999895,4.397300196544242,7.392402335507193,4.397212272501665,7.392925025499293,0.05300334565897806,0.05300334565897806,145
9.119999999999894,4.377357164608188,7.3939108040012425,4.37812620091394,7.38971426618134,0.4266420808293217,0.4266420808293217,146
9.139999999999894,4.357414132672135,7.395419272495292,4.359098595464536,7.386227363398595,0.9344977674715099,0.9344977674715099,146
9.159999999999894,4.3374711007360816,7.396927740989341,4.340334410295312,7.382780562589171,1.4434029178237329,1.4434029178237329,147
9.179999999999893,4.317551986542382,7.398674209513496,4.321538709047516,7.378976418078305,2.0097187458876626,2.0097187458876626,147
9.199999999999893,4.29770758904375,7.401164166926034,4.303613829564194,7.375232780030185,2.6595497803718016,2.6595497803718016,148
9.219999999999892,4.2778631915451175,7.403654124338573,4.2852872729545695,7.371058647281994,3.3430257392370275,3.3430257392370275,148
9.239999999999892,4.258018794046485,7.406144081751111,4.268381594390318,7.366782017595506,4.070331344689397,4.070331344689397,149
9.259999999999891,4.238174396547852,7.408634039163649,4.252814574583751,7.362438612168559,4.845980074434377,4.845980074434377,150
9.279999999999891,4.21832999904922,7.411123996576188,4.239174133022801,7.358115706073075,5.695925546538462,5.695925546538462,150
9.29999999999989,4.198476426060963,7.413534253523375,4.225756214889173,7.352639079922509,6.6726374443628265,6.6726374443628265,151
9.31999999999989,4.1785853590185855,7.415618828279923,4.218836243516734,7.3484898303152235,7.827155339347729,7.827155339347729,152
9.33999999999989,4.158694291976209,7.41770340303647,4.2171286908905605,7.347465973180237,9.136670908646538,9.136670908646538,152
9.35999999999989,4.138805325100533,7.419807493318393,4.2171286908905605,7.347465973180237,10.662009737651545,10.662009737651545,152
9.379999999999889,4.124165743428524,7.417809241922477,4.215639677358277,7.345580222460011,11.65526140465934,11.65526140465934,153
9.399999999999888,4.133492658832381,7.400530629370196,4.213290961298683,7.342605707517762,9.860560657545767,9.860560657545767,153
9.419999999999888,4.15200647490575,7.394886367042646,4.215182750282556,7.345001550377151,8.049681176441686,8.049681176441686,153
9.439999999999888,4.171999395130619,7.394354257202484,4.2171286908905605,7.347465973180237,6.5078141601762995,6.5078141601762995,152
9.459999999999887,4.191992315355488,7.393822147362322,4.219084533645611,7.348638706324139,5.268331458754826,5.268331458754826,152
9.479999999999887,4.211792902258997,7.396088596601661,4.22898865476116,7.353958425036763,4.550434331141835,4.550434331141835,151
9.499999999999886,4.2315250520148595,7.3993508452145385,4.2171286908905605,7.347465973180237,5.384510339517439,4.161921296889591,153
9.519999999999886,4.251244920688503,7.40267229593101,4.225263248152767,7.331921495872875,7.537057129026231,3.907051372141517,156
9.539999999999885,4.27064650226339,7.407528079327436,4.257627605344032,7.324625093898307,8.391898873353565,3.8827074771799017,158
9.559999999999885,4.290048083838276,7.412383862723862,4.279896747537671,7.321756987384061,9.119364102032453,3.9236026478136026,159
9.579999999999885,4.309449665413163,7.417239646120287,4.301528136110823,7.319664290551184,9.789637705719608,3.990094382965739,160
9.599999999999884,4.328882457194145,7.421967720717907,4.322786428231236,7.317990328434402,10.4155939221892,4.068013141573925,161
9.619999999999884,4.348336763255507,7.426607761199499,4.3419029869466765,7.316869555033174,10.992664540590207,4.1658831659050195,161
9.639999999999883,4.367791069316871,7.4312478016810894,4.363020524349604,7.315771330843489,11.557496881415037,4.27161670474657,162
9.659999999999883,4.3874775301828155,7.434674676203582,4.382532114936548,7.314965271222835,11.98115135235446,4.278605852699919,162
9.679999999999882,4.407270475268689,7.4375450986163285,4.403876788003781,7.314217191678967,12.337459115556362,3.5904096893228403,163
9.699999999999882,4.427063420354561,7.440415521029074,4.423575829502914,7.313675121453933,12.678837554923895,3.311500129142691,163
9.719999999999882,4.446856365440435,7.443285943441819,4.444748286707829,7.313166538469599,13.013648045904505,3.4120668646441294,164
9.739999999999881,4.466718421928301,7.4452141908929566,4.464573899700921,7.312845341541897,13.238622003104084,3.4181828018578044,164
9.75999999999988,4.486718363105113,7.445262697841576,4.484567807091504,7.312521418058226,13.275869933714098,3.2358592259539263,164
9.77999999999988,4.506718304281924,7.445311204790196,4.5058289013621335,7.312355959060032,13.29582205232976,3.0535356500500312,165
9.79999999999988,4.526718245458736,7.445359711738815,4.5258276231235515,7.312222177790787,13.314051281975136,2.8712120741461367,165
9.81999999999988,4.546718186635547,7.445408218687435,4.5469142391221915,7.312132687345667,13.327567554136857,2.68888849824225,166
9.839999999999879,4.566718127812359,7.445456725636054,4.566914208375647,7.3121621079277155,13.329476192859014,2.506564922338355,166
9.859999999999879,4.58671806898917,7.445505232584674,4.586914177629102,7.312191528509764,13.331384831581172,2.3242413464345573,166
9.879999999999878,4.606718010165982,7.445553739533294,4.607863896865202,7.312285814508907,13.32728513112594,2.1419177705306702,167
9.899999999999878,4.626717951342793,7.445602246481913,4.627862776566706,7.3124577722417605,13.314939596363168,1.9364024563321351,167
9.919999999999877,4.646717892519605,7.445650753430533,4.64786165626821,7.3126297299746135,13.302594061600484,1.6918003756898423,167
9.939999999999877,4.666717833696417,7.445699260379152,4.6687002959164925,7.312850643513628,13.286340790276618,1.4523259832826234,168
9.959999999999877,4.6867177748732285,7.445747767327772,4.688696508043014,7.313149041314229,13.261348922855445,1.2128515908755921,168
9.979999999999876,4.706693484610044,7.444937166289042,4.70865567675388,7.313446886326446,13.150491976595823,0.8911447210645821,168
9.999999999999876,4.726658895373202,7.443761422669719,4.728599101078027,7.313744496389647,13.003140204387027,0.5420820063003224,168
10.019999999999875,4.746624306136359,7.442585679050396,4.749271848297056,7.314162590764836,12.845037596010917,0.19301929153598466,169
10.039999999999875,4.766589716899516,7.441409935431073,4.769204548583399,7.314573518932731,12.686336703270976,0.15604342322827516,169
10.059999999999874,4.786555127662674,7.440234191811751,4.789137248869742,7.314984447100626,12.527635810531034,0.07056044824377287,169
10.079999999999874,4.806520538425832,7.439058448192428,4.809082804172419,7.31539630325426,12.368868701892156,0.37444876357204804,170
10.099999999999874,4.826485949188989,7.437882704573106,4.829015296367073,7.315809302252619,12.20996034033144,0.6783370789004199,170
10.119999999999873,4.846451359952146,7.436706960953783,4.848947788561727,7.3162223012509795,12.051051978770634,0.9822253942287035,170
10.139999999999873,4.866416770715304,7.435531217334461,4.868880280756382,7.316635300249339,11.892143617209916,1.286113709557067,170
10.159999999999872,4.886382181478462,7.434355473715138,4.888812772951035,7.317048299247699,11.733235255649106,1.5900020248853504,171
10.179999999999872,4.906347592241619,7.433179730095816,4.908745265145689,7.317461298246059,11.574326894088392,1.8938903402136342,171
10.199999999999871,4.926313003004776,7.432003986476492,4.928677757340344,7.317874297244418,11.415418532527585,2.1977786555419976,171
10.219999999999871,4.946278413767934,7.43082824285717,4.9486102495349975,7.3182872962427785,11.256510170966779,2.5016669708703696,172
10.23999999999987,4.966243824531092,7.429652499237847,4.968542741729652,7.318700295241138,11.097601809406061,2.805555286198645,172
10.25999999999987,4.986209235294249,7.428476755618525,4.988475233924305,7.319113294239498,10.938693447845255,3.109443601526928,172
10.27999999999987,5.006175624899949,7.42731789477866,5.008409054200632,7.3195263207555605,10.781470974230922,3.4116602066517863,172
10.29999999999987,5.026143136008708,7.426178377283585,5.028344396118685,7.3199393787998694,10.626180096767932,3.4341302624715686,173
10.319999999999869,5.046110647117466,7.425038859788511,5.0482797380367375,7.3203524368441775,10.470889219305116,3.370973821795711,173
10.339999999999868,5.066078158226225,7.423899342293437,5.068215079954792,7.3207654948884855,10.315598341842216,3.3078173811198535,173
10.359999999999868,5.086045669334983,7.422759824798363,5.088150421872845,7.321178552932794,10.160307464379315,3.2446609404439957,173
10.379999999999868,5.106013180443742,7.421620307303289,5.108085763790897,7.321591610977102,10.005016586916502,3.1815044997682262,174
10.399999999999867,5.125980691552501,7.420480789808215,5.128021105708951,7.322004669021411,9.849725709453512,3.1183480590923693,174
10.419999999999867,5.145948202661259,7.419341272313141,5.1479564476270046,7.322417727065719,9.6944348319907,3.055191618416511,174
10.439999999999866,5.165892187839783,7.41784560241825,5.167860897439526,7.322830145029073,9.50358509214427,2.9563716427910265,175
10.459999999999866,5.18583609420995,7.416348739465944,5.187765243768104,7.32324256084825,9.312616235412904,2.8574321996430356,175
10.479999999999865,5.205780000580118,7.414851876513637,5.207669590096682,7.323654976667428,9.121647378681448,2.758492756495047,175
10.499999999999865,5.225723906950285,7.41335501356133,5.227573936425259,7.324067392486605,8.930678521949991,2.65955331334697,175
10.519999999999865,5.245667813320452,7.4118581506090235,5.2474782827538355,7.324479808305783,8.739709665218534,2.5606138701989813,176
10.539999999999864,5.265611719690619,7.410361287656717,5.267382629082412,7.3248922241249605,8.548740808487166,2.4616744270509914,176
10.559999999999864,5.285555626060786,7.40886442470441,5.287286975410989,7.325304639944139,8.357771951755618,2.3627349839030023,176
10.579999999999863,5.305499532430953,7.407367561752103,5.307191321739566,7.325717055763316,8.16680309502425,2.263795540755012,176
10.599999999999863,5.325443438801121,7.405870698799797,5.327095668068145,7.326129471582494,7.975834238292795,2.1648560976070232,177
10.619999999999862,5.3453884376859655,7.404389993890443,5.3470014410917335,7.326541916962632,7.7864785759323984,2.06753471383148,177
10.639999999999862,5.365352316585177,7.4031885200881495,5.366931869182091,7.326954873192982,7.625000921536701,1.9981754113053207,177
10.659999999999862,5.385316195484389,7.401987046285857,5.386862297272447,7.327367829423332,7.463523267141003,1.9288161087792504,178
10.679999999999861,5.405280074383601,7.4007855724835645,5.406792725362805,7.327780785653683,7.3020456127453075,1.8594568062531778,178
10.69999999999986,5.424590747886395,7.405307476346754,5.426188765219021,7.328182669419875,7.714136052017542,2.3605898338299434,178
10.71999999999986,5.443770514008383,7.410976389073706,5.4454777095667675,7.328582334179165,8.241173944675138,2.9760539081386597,178
10.73999999999986,5.462981438762218,7.416534863925531,5.46479551189687,7.328982596872607,8.757105873200508,3.580556970693761,179
10.75999999999986,5.482295837877234,7.421726586840501,5.484209148386315,7.329384845239062,9.2361561263824,4.148659728680399,179
10.779999999999859,5.50161023699225,7.426918309755472,5.503622784875759,7.329787093605516,9.715206379564384,4.7167624866671245,179
10.799999999999859,5.520924636107267,7.432110032670442,5.523036421365204,7.330189341971971,10.194256632746276,5.284865244653852,179
10.819999999999858,5.540723568345654,7.434742837242469,5.54288138530271,7.330600527394678,10.416466231142666,5.598390570034246,180
10.839999999999858,5.560598980689536,7.436971734763808,5.562794431208486,7.331013123468117,10.598135359907628,5.8717326592987895,180
10.859999999999857,5.580474393033419,7.439200632285146,5.582707477114262,7.331425719541557,10.779804488672411,6.145074748563243,180
10.879999999999857,5.600349805377301,7.441429529806484,5.602620523020039,7.331838315614997,10.961473617437377,6.41841683782779,180
10.899999999999856,5.620225217721184,7.443658427327822,5.622533568925815,7.332250911688436,11.143142746202251,6.691758927092245,181
10.919999999999856,5.640100630065066,7.44588732484916,5.642446614831591,7.332663507761875,11.324811874967125,6.965101016356701,181
10.939999999999856,5.660058542525821,7.4461985129104855,5.662402407777838,7.33307698954919,11.31458030679869,7.046943850903882,181
10.959999999999855,5.680051943323742,7.4456847770506736,5.682376588836038,7.3334908523361175,11.221800532719026,7.046411164346164,182
10.979999999999855,5.700045344121664,7.445171041190861,5.702350769894238,7.333904715123046,11.129020758639186,7.045878477788271,182
10.999999999999854,5.720038744919585,7.444657305331049,5.722324950952437,7.334318577909973,11.03624098455952,7.045345791230552,182
11.019999999999854,5.740032145717507,7.444143569471237,5.742299132010637,7.334732440696901,10.943461210479768,7.044813104672838,182
11.039999999999853,5.760025546515428,7.443629833611424,5.762273313068837,7.335146303483828,10.850681436400015,7.044280418115033,183
11.059999999999853,5.779822356758214,7.440799425288751,5.782003007340345,7.33555510053201,10.52669137500658,6.811655605739832,183
11.079999999999853,5.799616436034949,7.437936834576418,5.801729305288392,7.335963827208751,10.199489422558614,6.575806652123338,183
11.099999999999852,5.8194105153116835,7.435074243864086,5.82145560323644,7.336372553885492,9.872287470110738,6.339957698507017,183
11.119999999999852,5.839204594588418,7.432211653151755,5.841181901184487,7.336781280562233,9.54508551766286,6.104108744890611,184
11.139999999999851,5.858998673865153,7.429349062439423,5.860908199132534,7.337190007238974,9.217883565214983,5.868259791274206,184
11.159999999999851,5.878792753141887,7.42648647172709,5.880634497080581,7.337598733915716,8.890681612767013,5.632410837657711,184
11.17999999999985,5.898586832418621,7.423623881014758,5.900360795028628,7.338007460592457,8.563479660319139,5.396561884041395,185
11.19999999999985,5.9182519942017935,7.420007080027434,5.919942610359342,7.338413193605604,8.161139923081,5.084988560349363,185
11.21999999999985,5.937873079902668,7.416132419278552,5.939475027989589,7.338817903103947,7.733111048592542,4.747525549577707,185
11.23999999999985,5.957494165603543,7.412257758529669,5.959007445619835,7.339222612602291,7.305082174103907,4.410062538805962,185
11.259999999999849,5.977115251304417,7.408383097780787,5.978539863250081,7.339627322100634,6.877053299615449,4.072599528034218,186
11.279999999999848,5.9967363370052915,7.404508437031904,5.998072280880327,7.3400320315989775,6.4490244251268996,3.7351365172624753,186
11.299999999999848,6.016357422706165,7.400633776283022,6.0176046985105724,7.340436741097322,6.020995550638355,3.397673506490731,186
11.319999999999848,6.03597850840704,7.396759115534139,6.037137116140819,7.340841450595665,5.592966676149808,3.0602104957189886,186
11.339999999999847,6.055576190837531,7.392769005300326,6.056643749469882,7.341245625846186,5.153443811480598,2.7111467748818185,187
11.359999999999847,6.075157237542135,7.388696830211738,6.076132054567052,7.341649421337801,4.705750683985957,2.3538369316182024,187
11.379999999999846,6.094738284246739,7.384624655123151,6.0956203596642204,7.342053216829417,4.258057556491405,1.9965270883547659,187
11.399999999999846,6.114319330951342,7.380552480034564,6.115108664761389,7.342457012321032,3.810364428996854,1.6392172450912388,188
11.419999999999845,6.133900377655946,7.376480304945976,6.134596969858558,7.342860807812648,3.362671301502122,1.2819074018276224,188
11.439999999999845,6.15348142436055,7.372408129857389,6.154085274955727,7.343264603304263,2.9149781740075706,0.9245975585640972,188
11.459999999999845,6.173062471065153,7.368335954768802,6.173573580052896,7.343668398795878,2.4672850465130183,0.5916735619157559,188
11.479999999999844,6.192643517769756,7.364263779680214,6.191713802187747,7.343643109516048,2.0641618373634296,0.3107636399184348,189
11.499999999999844,6.2122245644743606,7.360191604591627,6.211438353288451,7.342753796881664,1.7455522500300475,0.029853717921208004,189
11.519999999999843,6.231845809373462,7.356345079168045,6.231192867901196,7.341863133294871,1.449665785068175,0.22828002993282812,189
11.539999999999843,6.251628502137103,7.353404829685534,6.251067724860008,7.340967043882758,1.245042115071781,0.3210720443634255,189
11.559999999999842,6.271411194900743,7.350464580203023,6.270179360250481,7.339342805044681,1.118978548848471,0.39982476186770965,190
11.579999999999842,6.291193887664383,7.347524330720512,6.290044021528706,7.337142618677858,1.0445196841925086,0.47857747937199385,190
11.599999999999842,6.310976580428023,7.3445840812380006,6.309908682806933,7.334942432311037,0.9700608195363598,0.497877618174692,190
11.619999999999841,6.3307592731916635,7.34164383175549,6.329773344085159,7.332742245944215,0.895601954880309,0.4764501956499512,190
11.63999999999984,6.350541965955303,7.338703582272979,6.348914398688652,7.329483276723323,0.9362852644172556,0.45502277312519646,191
11.65999999999984,6.370335352086948,7.335850138623553,6.368598143261168,7.326008704413456,0.9993584032569869,0.36430134821927124,191
11.67999999999984,6.3902401853999935,7.333901392672987,6.388235095885104,7.322542391812927,1.1534612455628752,0.12968898834388876,191
11.69999999999984,6.410145018713039,7.331952646722419,6.407019032924403,7.319067404192433,1.3259006833368765,0.10492337153151264,192
11.719999999999839,6.430049852026085,7.330003900771852,6.426263961472822,7.314398545767325,1.6058022048141545,0.4177682990182822,192
11.739999999999839,6.44995468533913,7.3280551548212856,6.44550889002124,7.309729687342218,1.8857037262914533,0.779776194457742,192
11.759999999999838,6.469859518652176,7.326106408870718,6.46475381856966,7.30506082891711,2.165605247768624,0.7858924682292797,192
11.779999999999838,6.489764351965222,7.324157662920151,6.482431118905907,7.300444662235577,2.4821013447658413,0.18355996653651308,193
11.799999999999837,6.5096578237845435,7.322117595626918,6.501163960669253,7.294651540717926,2.874943274023052,0.8217101105285906,193
11.819999999999837,6.529433363827304,7.319129617043137,6.520056718149093,7.288808965348588,3.17374133060155,1.8382865552862706,193
11.839999999999836,6.549208903870066,7.316141638459356,6.538949475628934,7.282966389979251,3.4725393871799883,2.8548630000439505,193
11.859999999999836,6.568984443912827,7.313153659875574,6.555543609589042,7.277475243907061,3.812617727155111,3.6365047490096454,194
11.879999999999836,6.588759983955588,7.310165681291793,6.573847159832953,7.2705798989292285,4.230161330929329,4.22958576822409,194
11.899999999999835,6.6085355239983485,7.307177702708012,6.592150710076864,7.263684553951396,4.647704934703547,4.647704934703547,194
11.919999999999835,6.62831106404111,7.304189724124231,6.610454260320776,7.256789208973564,5.065248538477765,5.065248538477765,194
11.939999999999834,6.647769230880251,7.299918740474701,6.625876916095553,7.25075530802902,5.381743710428212,5.381743710428212,195
11.959999999999834,6.666657188453595,7.293342642945958,6.644083099447885,7.242648154456748,5.549342895893496,5.549342895893496,195
11.979999999999833,6.685545146026938,7.286766545417214,6.6622892828002165,7.234541000884476,5.7169420813587,5.7169420813587,195
11.999999999999833,6.704433103600283,7.2801904478884705,6.680495466152548,7.226433847312204,5.88454126682402,5.88454126682402,195
12.019999999999833,6.7233210611736265,7.273614350359727,6.695527586753992,7.2196751700608175,6.067876392637836,6.067876392637836,196
12.039999999999832,6.74220901874697,7.267038252830984,6.713130366322247,7.210604909798546,6.348456688561957,6.348456688561957,196
12.059999999999832,6.761096976320315,7.260462155302241,6.730733145890501,7.201534649536273,6.6290369844862,6.6290369844862,196
12.079999999999831,6.779026868925755,7.2518839772650106,6.748394048935975,7.192434439738834,6.68776283416402,6.68776283416402,196
12.099999999999831,6.795997218906132,7.24130063084039,6.766072445625346,7.18332521591594,6.524293671784427,6.524293671784427,196
12.11999999999983,6.812967568886509,7.23071728441577,6.782528782534957,7.174426573261582,6.399346745410601,6.399346745410601,197
12.13999999999983,6.829937918866886,7.220133937991151,6.800087720305811,7.164931707334179,6.275604053508436,6.275604053508436,197
12.15999999999983,6.846908268847263,7.209550591566531,6.817646658076664,7.155436841406775,6.151861361606315,6.151861361606315,197
12.17999999999983,6.8638786188276395,7.198967245141911,6.835205595847518,7.1459419754793725,6.028118669704073,6.028118669704073,197
12.199999999999829,6.880848968808016,7.188383898717292,6.852764533618371,7.136447109551969,5.904375977802028,5.904375977802028,198
12.219999999999828,6.897839126931774,7.1778326519528175,6.870325367461902,7.126951218337268,5.784399058622683,5.784399058622683,198
12.239999999999828,6.914908902472237,7.167410427478254,6.887893822434056,7.117451206053546,5.679558393777063,5.679558393777063,198
12.259999999999827,6.931978678012699,7.1569882030036895,6.905462277406209,7.107951193769824,5.574717728931286,5.574717728931286,198
12.279999999999827,6.9490484535531625,7.146565978529126,6.923030732378362,7.098451181486102,5.469877064085628,5.469877064085628,199
12.299999999999827,6.966118229093626,7.1361437540545625,6.940599187350516,7.08895116920238,5.365036399240006,5.365036399240006,199
12.319999999999826,6.983188004634089,7.125721529579998,6.95816764232267,7.079451156918658,5.2601957343942285,5.2601957343942285,199
12.339999999999826,7.000257780174551,7.1152993051054345,6.975736097294823,7.069951144634937,5.155355069548529,5.155355069548529,199
12.359999999999825,7.017327555715014,7.104877080630871,6.993304552266976,7.060451132351214,5.05051440470295,5.05051440470295,200
12.379999999999825,7.0343973312554775,7.094454856156307,7.01087300723913,7.050951120067492,4.945673739857251,4.945673739857251,200
12.399999999999824,7.05146710679594,7.084032631681743,7.028441462211283,7.04145110778377,4.840833075011551,4.840833075011551,200
12.419999999999824,7.068421945109345,7.073424704646155,7.045998682341551,7.0319571706578285,4.714190373994819,4.714190373994819,200
12.439999999999824,7.085363910884443,7.062795979620292,7.063554644211668,7.022463913926772,4.585105926705109,4.585105926705109,201
12.459999999999823,7.102305876659539,7.052167254594428,7.0811106060817846,7.012970657195715,4.45602147941528,4.45602147941528,201
12.479999999999823,7.119247842434636,7.041538529568565,7.098666567951902,7.003477400464658,4.326937032125527,4.326937032125527,201
12.499999999999822,7.136189808209734,7.030909804542701,7.11622252982202,6.9939841437336,4.1978525848357755,4.1978525848357755,201
12.519999999999822,7.153139699164189,7.020293735718425,7.133779328452938,6.984490434530319,4.0702583825149175,4.0702583825149175,202
12.539999999999822,7.1700995184648,7.009693522074795,7.151337175344157,6.974996158488023,3.944531099192223,3.944531099192223,202
12.559999999999821,7.187059337765411,6.999093308431165,7.168895022235375,6.965501882445726,3.818803815869487,3.818803815869487,202
12.57999999999982,7.204019157066022,6.988493094787535,7.186452869126594,6.956007606403428,3.6930765325468706,3.6930765325468706,202
12.59999999999982,7.220978976366633,6.977892881143904,7.204010716017813,6.946513330361132,3.567349249224056,3.567349249224056,203
12.61999999999982,7.237938795667244,6.967292667500274,7.221568562909032,6.937019054318835,3.441621965901319,3.441621965901319,203
12.63999999999982,7.254898614967855,6.956692453856644,7.23912640980025,6.9275247782765375,3.3158946825787026,3.3158946825787026,203
12.659999999999819,7.271858434268466,6.946092240213014,7.256684256691469,6.918030502234241,3.1901673992559667,3.1901673992559667,203
12.679999999999819,7.289322339679047,6.936416752597766,7.274245235222372,6.908534532780911,3.169759077142746,3.169759077142746,204
12.699999999999818,7.307421088522259,6.927905860146893,7.291810157724052,6.899036430654511,3.281988908576656,3.281988908576656,204
12.719999999999818,7.325336697972315,6.919016340864929,7.309391793492959,6.889529290952284,3.35220239753897,3.35220239753897,204
12.739999999999817,7.343244661907593,6.910111015059955,7.326974126990132,6.88002177395865,3.420661831506807,3.420661831506807,204
12.759999999999817,7.3611526258428714,6.90120568925498,7.344556460487305,6.870514256965016,3.4891212654746444,3.4891212654746444,205
12.779999999999816,7.379118429629164,6.892418308047397,7.362134199580908,6.861009224361183,3.5707066644288257,3.5707066644288257,205
12.799999999999816,7.397123871166756,6.883711754479172,7.379708790121691,6.851505894314036,3.6612873101991594,3.6612873101991594,205
12.819999999999816,7.415129312704347,6.875005200910948,7.397283380662473,6.842002564266889,3.751867955969372,3.751867955969372,205
12.839999999999815,7.433134754241938,6.866298647342723,7.414857971203255,6.832499234219742,3.842448601739586,3.842448601739586,206
12.859999999999815,7.45114019577953,6.857592093774499,7.432432561744037,6.822995904172594,3.9330292475099187,3.9330292475099187,206
12.879999999999814,7.469145637317121,6.848885540206274,7.45000715228482,6.813492574125447,4.02360989328013,4.02360989328013,206
12.899999999999814,7.487151078854712,6.840178986638049,7.467581742825602,6.8039892440783,4.114190539050345,4.114190539050345,206
12.919999999999813,7.505156520392303,6.831472433069824,7.482954437681421,6.795352727870002,4.2397707254318675,4.2397707254318675,207
12.939999999999813,7.523161961929895,6.8227658795016,7.499906567420577,6.784932582287081,4.440914040944845,4.440914040944845,207
12.959999999999813,7.541167403467486,6.814059325933375,7.5168586971597335,6.7745124367041605,4.6420573564577,4.6420573564577,207
12.979999999999812,7.559172845005077,6.805352772365151,7.533810826898889,6.76409229112124,4.843200671970678,4.843200671970678,207
12.999999999999812,7.576300308232468,6.7952147685022934,7.548288650337846,6.75500737982377,4.900292932418629,4.900292932418629,208
13.019999999999811,7.592222567512095,6.783111807730966,7.564684747773777,6.743584557121845,4.8174008102464505,4.8174008102464505,208
13.03999999999981,7.608144826791722,6.771008846959638,7.581080845209708,6.732161734419919,4.734508688074396,4.734508688074396,208
13.05999999999981,7.62406708607135,6.75890588618831,7.597476942645638,6.720738911717993,4.651616565902341,4.651616565902341,208
13.07999999999981,7.639989345350977,6.746802925416982,7.611559987304052,6.710747309974613,4.59155290058636,4.59155290058636,209
13.09999999999981,7.655911604630605,6.734699964645654,7.627262713546072,6.698365925794364,4.627009119961291,4.627009119961291,209
13.11999999999981,7.671833863910233,6.722597003874326,7.642965439788093,6.685984541614116,4.662465339336097,4.662465339336097,209
13.139999999999809,7.68775612318986,6.710494043102998,7.658668166030115,6.673603157433868,4.697921558710904,4.697921558710904,209
13.159999999999808,7.703678382469487,6.69839108233167,7.671953922933034,6.66284245682217,4.76460502927027,4.76460502927027,210
13.179999999999808,7.716966214825928,6.683475160729529,7.6867606751159085,6.6496285504120225,4.536482843744353,4.536482843744353,210
13.199999999999807,7.730085762237049,6.668379549588296,7.70156301540343,6.636418581284784,4.283749037738836,4.283749037738836,210
13.219999999999807,7.743205309648171,6.653283938447063,7.716365355690951,6.623208612157545,4.031015231733385,4.031015231733385,210
13.239999999999807,7.756324857059292,6.63818832730583,7.729126211355641,6.611302828387708,3.8243906445198053,3.8243906445198053,211
13.259999999999806,7.7694444044704145,6.623092716164598,7.743157325050195,6.597108288373106,3.696215675655528,3.696215675655528,211
13.279999999999806,7.782563951881536,6.607997105023364,7.757188438744749,6.582913748358504,3.568040706791124,3.568040706791124,211
13.299999999999805,7.792220848836177,6.590814750329834,7.770551577081227,6.569394963893703,3.0469075951845905,3.0469075951845905,211
13.319999999999805,7.799439078510239,6.57216274881867,7.782003013574653,6.557008137329785,2.3101485013241376,2.3101485013241376,212
13.339999999999804,7.806657308184302,6.553510747307506,7.794344336139572,6.542808888355917,1.6313769202547932,1.6313769202547932,212
13.359999999999804,7.8138755378583635,6.534858745796342,7.80668565870449,6.528609639382049,0.9526053391854491,0.9526053391854491,212
13.379999999999804,7.821093767532426,6.516206744285178,7.819026981269408,6.514410390408181,0.2738337581161719,0.2738337581161719,212
13.399999999999803,7.828311997206489,6.497554742774014,7.830900402951077,6.499522495676917,0.32514451841446723,0.32514451841446723,213
13.419999999999803,7.835530226880551,6.47890274126285,7.842530331890645,6.484224347808903,0.8793234125356292,0.8793234125356292,213
13.439999999999802,7.842748456554614,6.460250739751686,7.854160260830214,6.468926199940888,1.433502306656737,1.433502306656737,213
13.459999999999802,7.849966686228677,6.441598738240522,7.865790189769782,6.453628052072873,1.9876812007778286,1.9876812007778286,213
13.479999999999801,7.857184915902739,6.422946736729357,7.877338498329409,6.436244129249336,2.4145134757523623,2.4145134757523623,214
13.499999999999801,7.86283007587465,6.403878178961875,7.887816193192438,6.420364092110754,2.993478563428535,2.993478563428535,214
13.5199999999998,7.865788804407964,6.384098241513386,7.897806100886212,6.405223347198636,3.835853704182527,3.835853704182527,214
13.5399999999998,7.868747532941278,6.364318304064897,7.90905191636472,6.387145132018194,4.631962216548487,4.631962216548487,215
13.5599999999998,7.871706261474591,6.344538366616408,7.918252373781967,6.370900265925785,5.349289958610007,5.349289958610007,215
13.5799999999998,7.874664990007904,6.324758429167919,7.927452831199214,6.354655399833376,6.066617700671571,6.066617700671571,215
13.599999999999799,7.8776237185412175,6.30497849171943,7.93665328861646,6.338410533740967,6.783945442733014,6.783945442733014,215
13.619999999999798,7.880582447074532,6.2851985542709405,7.947216896627932,6.317089351413218,7.387267972433745,7.387267972433745,216
13.639999999999798,7.883541175607845,6.265418616822451,7.955470615551093,6.299843560573947,7.974284345847585,7.974284345847585,216
13.659999999999798,7.886499904141158,6.245638679373962,7.963724334474254,6.282597769734678,8.56130071926146,8.56130071926146,216
13.679999999999797,7.886012167330132,6.225707814738959,7.973383932275882,6.260253346976655,9.395328151438438,9.395328151438438,217
13.699999999999797,7.884793850412325,6.205744956629767,7.980045151892357,6.243405943654626,10.24263656356438,10.24263656356438,217
13.719999999999796,7.8835755334945175,6.185782098520574,7.993330479395493,6.2098049991433495,11.235322827608432,11.089944975690349,218
13.739999999999796,7.88235721657671,6.1658192404113805,7.995898851932418,6.201671034769586,11.906743516995578,11.906743516995578,218
13.759999999999796,7.881138899658903,6.1458563823021874,8.001520349112374,6.183867909587553,12.62401266598092,12.62401266598092,218
13.779999999999795,7.879920582741096,6.125893524192994,8.013489952399548,6.145960508964695,13.506835450535345,13.34128181496624,219
13.799999999999795,7.878702265823288,6.105930666083802,8.015260972094133,6.1385451479131845,14.039937565162417,14.039937565162417,219
13.819999999999794,7.877483948905481,6.085967807974609,8.019705703508125,6.119934802521489,14.622169538342234,14.622169538342234,219
13.839999999999794,7.876265631987674,6.066004949865416,8.028894164324402,6.081462190009802,15.340924077820404,15.204401511521878,220
13.859999999999793,7.871824656696446,6.046579494204207,8.03035478935626,6.072544194534298,16.064236248377803,16.064236248377803,220
13.879999999999793,7.866499270699437,6.027301520659696,8.039508181298926,6.016657224127925,17.333604413242533,16.509927606830054,221
13.899999999999793,7.861173884702429,6.008023547115186,8.039508181298926,6.016657224127925,17.854316486868857,15.855665326748912,221
13.919999999999792,7.85584849870542,5.988745573570675,8.040525212360244,6.005336376101249,18.542045004517234,15.201403046667691,221
13.939999999999792,7.850523112708412,5.969467600026165,8.04532286706696,5.951932382963851,19.558739257828627,14.624155322597106,222
13.959999999999791,7.845197726711404,5.950189626481654,8.04532286706696,5.951932382963851,20.013272846410462,14.076321978129377,222
13.97999999999979,7.839872340714395,5.9309116529371435,8.045847109916735,5.942999031813915,20.632913094390723,13.586251537516633,222
13.99999999999979,7.8345469547173865,5.911633679392633,8.048872808214092,5.891439672681745,21.52751016353977,13.174241666792241,223
14.01999999999979,7.829221568720378,5.892355705848122,8.048872808214092,5.891439672681745,21.965314959701125,12.815340033148933,223
14.03999999999979,7.82180178003095,5.873847213604866,8.050207575491687,5.8352052489949395,23.165148138737802,12.36240711763994,224
14.059999999999789,7.813379744331287,5.855706945837449,8.049374949143473,5.783253628697365,24.6866805907452,11.863571779537011,225
14.079999999999789,7.8049577086316235,5.837566678070032,8.049374949143473,5.783253628697365,25.037910214629587,11.535884970464153,225
14.099999999999788,7.79653567293196,5.819426410302615,8.046421166509417,5.735607899249664,26.35684023087414,11.296979030286627,226
14.119999999999788,7.788113637232297,5.801286142535198,8.046421166509417,5.735607899249664,26.65265677607462,11.283658210783223,226
14.139999999999787,7.779691601532634,5.783145874767781,8.046421166509417,5.735607899249664,27.093268527267934,11.390893071666921,226
14.159999999999787,7.771269565832971,5.765005607000365,8.04139114610664,5.69228989862061,27.973781005562003,11.782141232674332,227
14.179999999999787,7.762847530133308,5.746865339232948,8.034328692011353,5.653320370514815,28.714575119115054,12.278476181029067,228
14.199999999999786,7.754425494433645,5.728725071465531,8.034328692011353,5.653320370514815,28.988216388679877,11.883923243651418,228
14.219999999999786,7.744245825183127,5.711580449336221,7.970007736413037,5.52436490008101,29.3288428761027,9.968702935999461,232
14.239999999999785,7.7330167814271045,5.6950302657624565,7.9516304174191275,5.511875604276422,28.519739105699543,8.017579700832078,233
14.259999999999785,7.721787737671082,5.678480082188691,7.931510555414813,5.5038588406245275,27.29033497188703,6.06645646566457,234
14.279999999999784,7.71055869391506,5.661929898614926,7.9096890244591735,5.500330319700038,25.645138418046603,4.09990337436557,235
14.299999999999784,7.699329650159038,5.6453797150411615,7.861106172993128,5.50679934713142,21.301681086310563,2.130335384515238,237
14.319999999999784,7.688100606403015,5.628829531467396,7.834428799432868,5.516826963768473,18.427293682614852,0.16076739466478046,238
14.339999999999783,7.676871562646993,5.612279347893631,7.806217991621584,5.53140305041178,15.254990718729344,1.8088005951856132,239
14.359999999999783,7.665642518890971,5.5957291643198666,7.806217991621584,5.53140305041178,15.459402467091502,3.7783685850359445,239
14.379999999999782,7.6540541889461675,5.579462046981753,7.776517851141773,5.550542237777452,12.583204648567309,5.752662947797011,240
14.399999999999782,7.640591397578626,5.5646717377018895,7.745373689506896,5.574259066774327,10.521998660180696,7.751615658045741,241
14.419999999999781,7.627128606211084,5.549881428422026,7.745373689506896,5.574259066774327,12.073180598031776,9.750568368294472,241
14.439999999999781,7.613665814843542,5.535091119142162,7.712832260507326,5.602568024244096,11.994630743680078,11.749521078543264,242
14.45999999999978,7.600203023476,5.520300809862298,7.712832260507326,5.602568024244096,13.947487084202386,13.748473788791998,242
14.47999999999978,7.586740232108458,5.505510500582434,7.696455078788652,5.6184741963090294,15.74742649904085,15.74742649904085,243
14.49999999999978,7.572099936828287,5.492293063417278,7.695527282393324,5.619375309171963,17.715588282438006,17.715588282438006,243
14.51999999999978,7.554116307262325,5.483541545398426,7.690647041310841,5.624115193952495,19.596324147051007,19.596324147051007,243
14.539999999999779,7.5350552394976855,5.481877185872363,7.681670293834415,5.632833769125943,21.043731652384587,21.043731652384587,243
14.559999999999778,7.517515773537409,5.4882949889307655,7.676876354147128,5.637687079225108,21.84348673970794,21.84348673970794,244
14.579999999999778,7.506865093752054,5.505223161310258,7.663448069006647,5.652011393935235,21.462761559674778,21.462761559674778,244
14.599999999999778,7.5178596553774435,5.521528947515305,7.660454831891708,5.655204360869425,19.545459958908392,19.545459958908392,244
14.619999999999777,7.529465437372843,5.537817158720814,7.657756260647858,5.658082999754451,17.584768368138732,17.584768368138732,244
14.639999999999777,7.541071219368243,5.554105369926321,7.655057689404009,5.660961638639476,15.624076777369073,15.624076777369073,244
14.659999999999776,7.552677001363643,5.570393581131829,7.65235911816016,5.663840277524502,13.66338518659954,13.66338518659954,244
14.679999999999776,7.564282783359043,5.5866817923373375,7.64966054691631,5.666718916409527,11.702693595829878,11.702693595829878,244
14.699999999999775,7.575888565354443,5.602970003542845,7.646961975672461,5.669597555294552,9.742002005060218,9.742002005060218,244
14.719999999999775,7.58751455291798,5.619243230815015,7.644280331891956,5.672458137196899,7.780861085866335,7.780861085866335,244
14.739999999999775,7.59973086398356,5.6350786892532465,7.643708296808786,5.673072438998401,5.811660363092985,5.811660363092985,245
14.759999999999774,7.61194717504914,5.650914147691478,7.641095624745093,5.676096584047154,3.851995872901681,3.851995872901681,245
14.779999999999774,7.62416348611472,5.66674960612971,7.6384829526814,5.679120729095907,1.892331382710318,1.892331382710318,245
14.799999999999773,7.636379797180301,5.682585064567942,7.635870280617708,5.682144874144661,0.06733310748098657,0.06733310748098657,245
14.819999999999773,7.648596108245881,5.698420523006174,7.633257608554016,5.685169019193414,2.026997597672349,2.026997597672349,245
14.839999999999772,7.660812419311461,5.714255981444405,7.630644936490324,5.6881931642421675,3.9866620878635866,3.9866620878635866,245
14.859999999999772,7.673028730377041,5.730091439882638,7.628032264426631,5.691217309290921,5.946326578054951,5.946326578054951,245
14.879999999999772,7.685245041442621,5.745926898320869,7.625419592362938,5.694241454339674,7.905991068246254,7.905991068246254,245
14.899999999999771,7.697461352508201,5.7617623567591005,7.6228069202992454,5.697265599388427,9.865655558437618,7.017678783227738,245
14.91999999999977,7.709677663573781,5.777597815197333,7.620194248235553,5.700289744437181,11.825320048628923,6.451257946616448,245
14.93999999999977,7.721893974639362,5.793433273635564,7.617581576171861,5.703313889485933,13.784984538820282,6.130342776472917,245
14.95999999999977,7.734110285704942,5.809268732073797,7.614968904108168,5.706338034534687,15.744649029011647,6.150600284374947,245
14.97999999999977,7.73504787893842,5.82853508261771,7.602091708148958,5.721697994867072,17.05623248845827,5.323763570346915,246
14.999999999999769,7.733718971229411,5.848490883887037,7.5918263909475225,5.734472933755594,18.2026364275147,4.388584617424832,246
15.019999999999769,7.732390063520403,5.868446685156366,7.581561073746087,5.747247872644117,19.349040366571135,3.717094033305335,246
15.039999999999768,7.731061155811394,5.888402486425694,7.5673291136762275,5.765158040048928,20.493261132496087,3.172569320209578,247
15.059999999999768,7.735594463185109,5.907315360081102,7.559881342949098,5.7750525119408245,21.992853753265603,3.3343951567525765,247
15.079999999999767,7.743724530046115,5.925588345957404,7.554041868282601,5.7828103390904495,23.741329242186872,4.022961298004095,247
15.099999999999767,7.751854596907121,5.943861331833707,7.548202393616104,5.7905681662400745,25.48980473110819,4.737277170586719,247
15.119999999999767,7.759984663768127,5.962134317710009,7.542362918949608,5.798325993389699,27.238280220029438,5.5647715428077085,247
15.139999999999766,7.768114730629133,5.980407303586312,7.53652344428311,5.806083820539324,28.986755708950835,6.394991760244227,247
15.159999999999766,7.761982069030611,5.99705902040364,7.5216258682259705,5.826637815235713,29.464298809937684,5.886783555485441,248
15.179999999999765,7.7499581728856715,6.013041070381528,7.510062497923722,5.842946394626446,29.407844801289944,4.788645543650135,248
15.199999999999765,7.737934276740733,6.029023120359415,7.498499127621475,5.859254974017178,29.351390792642256,3.728675009783585,248
15.219999999999764,7.722618090397866,6.041322248842861,7.483546892813305,5.8809514165296,28.787817105741876,2.340434589507181,249
15.239999999999764,7.705393443591867,6.051486477412141,7.473499158819437,5.895929974439887,27.923607382835364,0.739188384560111,249
15.259999999999764,7.688168796785868,6.06165070598142,7.463451424825569,5.910908532350174,27.05939765992884,0.8559012610377325,249
15.279999999999763,7.670944149979868,6.0718149345507,7.453403690831701,5.925887090260461,26.19518793702225,2.410322947530859,249
15.299999999999763,7.6537195031738685,6.081979163119979,7.440365586517788,5.946113343578699,25.29415242148142,3.96474463402391,250
15.319999999999762,7.635947850646889,6.091121578642818,7.431095854871601,5.960669863825972,24.28620803496798,5.588287155914921,250
15.339999999999762,7.617938143982955,6.099819306270137,7.421958916362098,5.975017855276874,23.234297886721606,7.241910717519254,250
15.359999999999761,7.599928437319021,6.108517033897456,7.412821977852596,5.989365846727775,22.182387738475153,8.89553427912357,250
15.379999999999761,7.581918730655087,6.117214761524775,7.401522543324772,6.007642841917822,21.10658427355469,10.54915784072789,251
15.39999999999976,7.563909023991153,6.1259124891520935,7.392809691100265,6.021987441589998,20.018840432575217,12.202781402332192,251
15.41999999999976,7.545899317327218,6.1346102167794125,7.384096838875757,6.036332041262174,18.931096591595736,13.8564049639366,251
15.43999999999976,7.537401265729315,6.149292732470164,7.375291942153826,6.050828180457062,18.966997862931148,14.481249512970642,251
15.45999999999976,7.537354231944442,6.169292677165664,7.366405264744737,6.065458961120436,20.001247454698177,14.192033396374287,251
15.479999999999759,7.53730719815957,6.189292621861164,7.357518587335648,6.080089741783809,21.035497046465252,13.902817279777787,252
15.499999999999758,7.537260164374697,6.209292566556664,7.348631909926559,6.094720522447182,22.069746638232278,13.613601163181348,252
15.519999999999758,7.5245815968053735,6.222609035522211,7.339306470863876,6.1100736681995205,21.677426321196563,14.672031819892393,252
15.539999999999758,7.508072856735681,6.233898920433551,7.329847989143945,6.12564585171451,20.852537091486248,16.139100073542618,252
15.559999999999757,7.491564116665987,6.24518880534489,7.320389507424015,6.141218035229496,20.027647861775975,17.606168327192982,253
15.579999999999757,7.475055376596295,6.2564786902562295,7.310931025704083,6.156790218744486,19.202758632065738,19.073236580843172,253
15.599999999999756,7.458546636526601,6.267768575167569,7.3014725439841515,6.172362402259474,18.377869402355472,18.377869402355472,253
15.619999999999756,7.441980457765263,6.278973552784075,7.292036255877362,6.187898046821708,17.543663091299003,17.543663091299003,253
15.639999999999755,7.425358537987935,6.290096132651896,7.282621505422451,6.203398232387722,16.70041507742146,16.70041507742146,253
15.659999999999755,7.4087366182106065,6.301218712519716,7.273206754967539,6.2188984179537385,15.857167063543775,15.857167063543775,254
15.679999999999755,7.392114698433279,6.312341292387536,7.263792004512629,6.234398603519753,15.013919049666155,15.013919049666155,254
15.699999999999754,7.37549277865595,6.323463872255357,7.254377254057719,6.249898789085768,14.170671035788413,14.170671035788413,254
15.719999999999754,7.35908408566114,6.334895066475602,7.244883036138336,6.265529807694218,13.361668622562958,13.361668622562958,254
15.739999999999753,7.342800552277462,6.346507410792865,7.235342172498214,6.281237622531178,12.572767652552367,12.572767652552367,255
15.759999999999753,7.326517018893785,6.358119755110128,7.2258013088580935,6.296945437368137,11.783866682541651,11.783866682541651,255
15.779999999999752,7.310233485510109,6.369732099427391,7.216260445217972,6.312653252205098,10.994965712531089,10.994965712531089,255
15.799999999999752,7.2939499521264315,6.381344443744654,7.2067195815778495,6.328361067042058,10.206064742520528,10.206064742520528,255
15.819999999999752,7.278046010388362,6.3934267184593505,7.197072510061472,6.344243739598129,9.47400293690701,9.47400293690701,255
15.839999999999751,7.263268883164923,6.406903977491597,7.187110161383653,6.360645475779995,8.910667698864739,8.910667698864739,256
15.85999999999975,7.248491755941483,6.420381236523843,7.177147812705833,6.37704721196186,8.347332460822589,8.347332460822589,256
15.87999999999975,7.233714628718044,6.433858495556089,7.167185464028013,6.3934489481437256,7.7839972227803935,7.7839972227803935,256
15.89999999999975,7.218937501494604,6.447335754588336,7.1572231153501935,6.409850684325591,7.220661984738122,7.220661984738122,256
15.91999999999975,7.204160374271164,6.460813013620582,7.147260766672373,6.426252420507458,6.657326746695956,6.657326746695956,257
15.939999999999749,7.190078265722346,6.4749910671334945,7.137174783761378,6.442857704681987,6.18977494424023,6.18977494424023,257
15.959999999999749,7.176479176260225,6.489656153761306,7.127002878418983,6.459604449178527,5.7887900259085985,5.7887900259085985,257
15.979999999999748,7.162880086798104,6.5043212403891175,7.116830973076587,6.476351193675067,5.387805107577118,5.387805107577118,257
15.999999999999748,7.149280997335983,6.518986327016929,7.106659067734191,6.493097938171607,4.986820189245531,4.986820189245531,258
16.019999999999747,7.135681907873861,6.533651413644741,7.096487162391795,6.509844682668146,4.585835270914021,4.585835270914021,258
16.039999999999747,7.122586396964409,6.548739315163922,7.086263369153309,6.526676853966161,4.249840636387062,4.249840636387062,258
16.059999999999746,7.110495823438821,6.564670982742125,7.075936028839045,6.543679502314737,4.043540099111278,4.043540099111278,258
16.079999999999746,7.098405249913235,6.580602650320327,7.065608688524783,6.560682150663315,3.8372395618354473,3.8372395618354473,259
16.099999999999746,7.086314676387648,6.596534317898529,7.055281348210522,6.57768479901189,3.6309390245595874,3.6309390245595874,259
16.119999999999745,7.074224102862061,6.612465985476732,7.044954007896259,6.594687447360467,3.4246384872837563,3.4246384872837563,259
16.139999999999745,7.0621335293364735,6.628397653054934,7.034626667581996,6.611690095709044,3.218337950007972,3.218337950007972,259
16.159999999999744,7.050042955810887,6.644329320633137,7.024299327267734,6.628692744057621,3.012037412732141,3.012037412732141,260
16.179999999999744,7.038524953527753,6.660666277319944,7.013946468965275,6.645737404518385,2.875714079169055,2.875714079169055,260
16.199999999999743,7.027518288684622,6.6773651793506446,7.0035708217034855,6.662819584093453,2.8018842163776623,2.8018842163776623,260
16.219999999999743,7.01651162384149,6.694064081381346,6.993195174441696,6.679901763668523,2.72805435358627,2.72805435358627,260
16.239999999999743,7.005504958998358,6.710762983412047,6.982819527179907,6.696983943243592,2.654224490794801,2.654224490794801,261
16.259999999999742,6.994498294155226,6.727461885442748,6.972443879918116,6.714066122818663,2.580394628003362,2.580394628003362,261
16.279999999999742,6.983491629312094,6.744160787473449,6.962068232656327,6.7311483023937315,2.506564765211969,2.506564765211969,261
16.29999999999974,6.972484964468962,6.760859689504151,6.951692585394537,6.748230481968801,2.432734902420576,2.432734902420576,261
16.31999999999974,6.961585592195897,6.777626706962263,6.94131563083281,6.765314813846443,2.371611363095575,2.371611363095575,261
16.33999999999974,6.951156602799639,6.79469235023091,6.930932944918903,6.782408581664288,2.36619379653349,2.36619379653349,262
16.35999999999974,6.94072761340338,6.811757993499556,6.920550259004997,6.7995023494821325,2.360776229971284,2.360776229971284,262
16.37999999999974,6.930298624007122,6.8288236367682025,6.9101675730910905,6.816596117299978,2.355358663409153,2.355358663409153,262
16.39999999999974,6.919863276812494,6.845885388813276,6.899784900276303,6.833689863551795,2.349195693705602,2.349195693705602,262
16.41999999999974,6.909411214476973,6.862936910532301,6.8894022619001065,6.850783553104866,2.3410730018140433,2.3410730018140433,263
16.43999999999974,6.898959152141452,6.879988432251325,6.879019623523909,6.867877242657936,2.3329503099226345,2.3329503099226345,263
16.459999999999738,6.88850708980593,6.89703995397035,6.868636985147712,6.884970932211008,2.3248276180311054,2.3248276180311054,263
16.479999999999738,6.878055027470409,6.914091475689375,6.858254346771516,6.902064621764079,2.316704926139546,2.316704926139546,263
16.499999999999737,6.867602965134888,6.9311429974084,6.847871708395319,6.919158311317149,2.3085822342481377,2.3085822342481377,264
16.519999999999737,6.857129046250042,6.948181037520341,6.8374891614334885,6.936251850368127,2.2978916025783747,2.2978916025783747,264
16.539999999999736,6.846581803915118,6.965173850092968,6.8271069211448046,6.953344884520893,2.2785861524699293,2.2785861524699293,264
16.559999999999736,6.8360345615801945,6.982166662665593,6.816724680856121,6.970437918673659,2.259280702361438,2.259280702361438,264
16.579999999999735,6.825487319245272,6.999159475238219,6.8064922327356365,6.986159508435272,2.3017655145262923,2.3017655145262923,265
16.599999999999735,6.814940076910348,7.016152287810845,6.795207855713018,7.00264783652111,2.391089203725371,2.391089203725371,265
16.619999999999735,6.804392834575426,7.033145100383471,6.783923478690401,7.019136164606946,2.4804128929244493,2.4804128929244493,265
16.639999999999734,6.793513697689511,7.049925005681282,6.772632466245058,7.035634188135132,2.5303226924132804,2.5303226924132804,265
16.659999999999734,6.782465588668781,7.066596516922499,6.761746385613344,7.05062446132964,2.616088559498263,2.616088559498263,266
16.679999999999733,6.77141747964805,7.083268028163717,6.749566932707907,7.066423840212638,2.7589365148815364,2.7589365148815364,266
16.699999999999733,6.76036937062732,7.099939539404934,6.73738747980247,7.082223219095635,2.9017844702648254,2.9017844702648254,266
16.719999999999732,6.749321261606589,7.116611050646151,6.7252080268970325,7.098022597978631,3.0446324256480986,3.0446324256480986,266
16.739999999999732,6.738273152585858,7.133282561887368,6.713786178015319,7.11200393746777,3.2440588478148347,3.2440588478148347,267
16.75999999999973,6.727225043565127,7.149954073128585,6.700778628938424,7.126972739829712,3.503647423473766,3.4901375644649115,267
16.77999999999973,6.714753536583314,7.1655148815980265,6.687708598181035,7.142013444740015,3.582940451045967,2.6947991736867873,267
16.79999999999973,6.701267770711797,7.180284245797565,6.67459404537035,7.157105384653361,3.5337617739927363,2.016759290693239,267
16.81999999999973,6.68778200484028,7.195053609997103,6.662456793868516,7.17019842862837,3.5484452252175567,1.33871940769981,268
16.83999999999973,6.674296238968763,7.2098229741966415,6.648456831901796,7.184463140084062,3.620491877894495,0.6606795247063398,268
16.85999999999973,6.660810473097246,7.22459233839618,6.634456869935075,7.198727851539753,3.692538530571433,0.017360358287089078,268
16.87999999999973,6.647324707225729,7.239361702595718,6.620456907968354,7.212992562995446,3.7645851832483093,0.16835984961353728,268
16.89999999999973,6.633838941354212,7.2541310667952565,6.607656248766247,7.225015706170817,3.9156578188690783,0.6322691485358789,269
16.919999999999728,6.619694034264968,7.268189753298975,6.592845827610341,7.23833433578442,4.015186366207608,1.3925960363163592,269
16.939999999999728,6.60395311108038,7.2805276355036685,6.578008568754744,7.2516770998489,3.8800421183974283,1.9922495269188,269
16.959999999999727,6.5882121878957935,7.292865517708363,6.563171309899148,7.26501986391338,3.744897870587373,2.5919030175213242,269
16.979999999999727,6.572471264711206,7.305203399913057,6.5494762809319065,7.276095181490433,3.709525116169764,3.0612362350195017,270
16.999999999999726,6.556730341526619,7.317541282117751,6.533782624215487,7.288492895991278,3.701900142284087,3.4382034832140267,270
17.019999999999726,6.540989418342032,7.3298791643224455,6.518088967499067,7.300890610492125,3.6942751683982844,3.401473611906421,270
17.039999999999726,6.525248495157444,7.342217046527139,6.503085041662371,7.312743449653607,3.6876979045086813,3.3647437405988154,270
17.059999999999725,6.509507571972858,7.354554928731833,6.487898468362761,7.323214549296506,3.806800154962346,3.4126937570773306,271
17.079999999999725,6.49376664878827,7.366892810936527,6.47146377031114,7.334546227450915,3.9290200451986887,3.5061216838163114,271
17.099999999999724,6.4764425604377225,7.376875453900339,6.455056702393988,7.345858854705196,3.767471764856203,3.315859314266545,271
17.119999999999724,6.459074673737097,7.386792939042965,6.440502201408425,7.355659766124676,3.625205076074147,3.1177486373021526,272
17.139999999999723,6.4417067870364715,7.396710424185592,6.423329362380275,7.36590421112526,3.5871332566727423,3.037878573434633,272
17.159999999999723,6.4243335670505095,7.40661843466021,6.406156758493346,7.376148515852514,3.547974522838853,2.9703097744679914,272
17.179999999999723,6.406845042184136,7.416321604142302,6.3889892383266105,7.386389787890074,3.4853168515295083,2.8792528221636813,272
17.199999999999722,6.389356517317763,7.426024773624396,6.3735275877781215,7.394992613828214,3.483604386245192,2.8127478380373443,273
17.21999999999972,6.371546201567494,7.435098374975382,6.355721769241923,7.40407503183767,3.482614646880733,2.7839103368981215,273
17.23999999999972,6.353438229957853,7.44358962719072,6.3379154663642385,7.41315769690074,3.4162238959960916,2.689677414224291,273
17.25999999999972,6.335330258348214,7.452080879406058,6.320109163486556,7.4222403619638095,3.349833145111411,2.59544449155054,273
17.27999999999972,6.316451924342927,7.458006805092469,6.304172196975518,7.429396338333704,3.1134394363345566,2.3006552036063743,274
17.29999999999972,6.296661752971218,7.460896288969973,6.2864133186572095,7.4370185203113195,2.598419215609245,1.759428181282201,274
17.31999999999972,6.276871581599509,7.463785772847478,6.2686544403389,7.444640702288935,2.0833989948840497,1.2182011589581538,274
17.33999999999972,6.2570814102278,7.466675256724982,6.250895562020592,7.452262884266551,1.5683787741587376,0.6769741366339808,274
17.35999999999972,6.2372912388560895,7.469564740602487,6.233398286383163,7.458541585234576,1.1690382081932835,0.22497772536756097,275
17.37999999999972,6.21750106748438,7.472454224479991,6.214895395905982,7.465076091084788,0.7824728543015099,0.18740616613307032,275
17.399999999999718,6.197710896112671,7.475343708357496,6.196392505428801,7.471610596935002,0.39590750040973643,0.39590750040973643,275
17.419999999999717,6.177770540326921,7.475338166959327,6.1784539206853735,7.4777674809759205,0.2523603634792154,0.2523603634792154,276
17.439999999999717,6.157787612193846,7.474511981006682,6.16015171232713,7.482916000114613,0.8730206561511603,0.8730206561511603,276
17.459999999999717,6.137804684060771,7.473685795054036,6.141849503968887,7.488064519253305,1.4936809488232146,1.4936809488232146,276
17.479999999999716,6.117821755927696,7.4728596091013895,6.123547295610644,7.493213038391997,2.114341241495269,2.114341241495269,276
17.499999999999716,6.097844086031811,7.471949702578184,6.103478255909279,7.498391555194908,2.7035447841911493,2.7035447841911493,277
17.519999999999715,6.077914819750571,7.470269123662633,6.084757065273788,7.502380623959404,3.283237388781813,3.283237388781813,277
17.539999999999715,6.05798555346933,7.468588544747083,6.066035874638297,7.506369692723901,3.8629299933725827,3.8629299933725827,277
17.559999999999715,6.03805628718809,7.466907965831532,6.047314684002807,7.510358761488398,4.442622597963352,4.442622597963352,277
17.579999999999714,6.01812702090685,7.465227386915981,6.025377699068442,7.514222278638266,4.952849431066414,4.952849431066414,278
17.599999999999714,5.998197754625609,7.46354680800043,6.0061189175781315,7.517072355890446,5.410849378283198,5.410849378283198,278
17.619999999999713,5.978268488344369,7.46186622908488,5.986860136087821,7.519922433142625,5.8688493254999665,5.8688493254999665,278
17.639999999999713,5.95845140087016,7.459268226537502,5.96784398770113,7.522736603497496,6.415961004645456,6.415961004645456,278
17.659999999999712,5.938704362173333,7.456097349260473,5.944602487074756,7.524993936768319,6.914859107443286,6.914859107443286,279
17.679999999999712,5.918957323476505,7.452926471983444,5.925268596130549,7.526649079754994,7.39922635087712,7.39922635087712,279
17.69999999999971,5.899210284779678,7.4497555947064145,5.905934705186344,7.528304222741668,7.883593594311049,7.883593594311049,279
17.71999999999971,5.87946324608285,7.446584717429386,5.881595773511705,7.530029094141505,8.347162199280007,7.643290353963919,280
17.73999999999971,5.859716207386024,7.443413840152356,5.861942606565208,7.530531355878349,8.71459603170087,7.2761070622887285,280
17.75999999999971,5.839969964927455,7.440238059882529,5.842290360557714,7.531033594079422,9.082517969142739,6.908435653856328,280
17.77999999999971,5.8202343217919665,7.436997012207994,5.822650373858196,7.5315355189782505,9.456937437636267,6.53426655814384,280
17.79999999999971,5.800498678656478,7.433755964533458,5.797322831966078,7.5314480967908395,9.774373998980508,6.1600974624313585,281
17.81999999999971,5.780763035520989,7.430514916858922,5.777502772682041,7.530803771928373,10.034183457023545,5.785928366718786,281
17.83999999999971,5.7610273923855,7.427273869184386,5.757682713398005,7.530159447065907,10.293992915066493,5.4117592710063,281
17.859999999999708,5.741291749250012,7.424032821509851,5.737862654113968,7.529515122203441,10.55380237310944,5.037590175293728,281
17.879999999999708,5.721556106114523,7.420791773835315,5.712060141371855,7.527615875367299,10.724533563055072,4.66342107958124,282
17.899999999999707,5.701820462979034,7.417550726160779,5.692193378395942,7.525849849928613,10.872617424728338,4.289251983868756,282
17.919999999999707,5.682065539402943,7.414429580270442,5.672318061061676,7.524083064063356,11.008587485202774,3.927020179986482,282
17.939999999999706,5.662308729594902,7.411320164536118,5.6524419068428005,7.5223162038045235,11.143372435889779,3.5659562177380706,282
17.959999999999706,5.64255191978686,7.408210748801793,5.632006758974324,7.520406217201859,11.268994429882502,3.2048922554894825,283
17.979999999999706,5.622795109978819,7.40510133306747,5.612133259552594,7.518538323156774,11.393693771131487,2.843828293241072,283
17.999999999999705,5.603038300170778,7.401991917333146,5.5922597601308635,7.516670429111689,11.518393112380474,2.482764330992572,283
18.019999999999705,5.583281490362736,7.3988825015988215,5.5723862607091315,7.514802535066604,11.64309245362956,2.1217003687439817,283
18.039999999999704,5.563482707235087,7.396077570097999,5.552499523138598,7.512933396778681,11.737084204402311,1.7909682918830865,284
18.059999999999704,5.543621480693705,7.3937256176597295,5.53259309126677,7.5110624074393995,11.785392487800571,1.505360748566268,284
18.079999999999703,5.5237602541523225,7.391373665221461,5.512686659394939,7.509191418100118,11.833700771198751,1.2197532052496247,284
18.099999999999703,5.503899027610941,7.389021712783191,5.49278022752311,7.507320428760836,11.882009054597015,0.934145661932804,284
18.119999999999703,5.484037801069558,7.386669760344922,5.472873795651282,7.505449439421554,11.930317337995268,0.6485381186160744,285
18.139999999999702,5.464176574528175,7.384317807906652,5.452967363779451,7.503578450082273,11.978625621393627,0.36293057529925354,285
18.1599999999997,5.444315347986794,7.3819658554683825,5.433060931907622,7.501707460742991,12.026933904791887,0.07732303198252163,285
18.1799999999997,5.424411738192053,7.3800632958989505,5.413154356123942,7.499836457877552,12.030103483087647,0.16346748726808527,285
18.1999999999997,5.404460995328121,7.378660491858027,5.393247620300468,7.497965439970102,11.983075741868458,0.3544184182618461,286
18.2199999999997,5.384510252464189,7.377257687817104,5.3733408844769945,7.496094422062653,11.936048000649352,0.5453693492556935,286
18.2399999999997,5.364559509600256,7.375854883776181,5.353434148653521,7.494223404155203,11.889020259430245,0.7363202802494523,286
18.2599999999997,5.344608766736323,7.374452079735257,5.333527412830047,7.492352386247754,11.841992518211137,0.9272712112432998,286
18.2799999999997,5.3246580238723915,7.373049275694334,5.313620677006575,7.490481368340305,11.794964776992023,1.1182221422370606,287
18.2999999999997,5.304707281008459,7.371646471653411,5.293713941183101,7.488610350432856,11.747937035772917,1.309173073230819,287
18.3199999999997,5.284756538144526,7.370243667612487,5.273807205359627,7.4867393325254055,11.70090929455372,1.5001240042245778,287
18.339999999999698,5.264767617268076,7.369770482171751,5.253949234828699,7.4848728980281365,11.560970346204003,1.5982401667586674,287
18.359999999999697,5.244769031677774,7.369532628461742,5.23410360916769,7.483007623815149,11.3975110474938,1.6728553292817299,288
18.379999999999697,5.224770446087473,7.369294774751732,5.214257983506682,7.481142349602161,11.234051748783589,1.7474704918047919,288
18.399999999999697,5.204771860497171,7.3690569210417225,5.194412357845674,7.479277075389173,11.070592450073379,1.8220856543278516,288
18.419999999999696,5.18477327490687,7.368819067331713,5.174566732184666,7.477411801176185,10.907133151363158,1.896700816850825,288
18.439999999999696,5.164774689316569,7.368581213621703,5.15472110652366,7.475546526963197,10.743673852652936,1.9713159793738875,289
18.459999999999695,5.144776103726267,7.368343359911694,5.134875480862651,7.47368125275021,10.580214553942813,2.0459311418969492,289
18.479999999999695,5.124777518135965,7.368105506201684,5.115029855201643,7.471815978537222,10.416755255232601,2.1205463044200115,289
18.499999999999694,5.104778932545664,7.367867652491674,5.095184229540635,7.469950704324234,10.25329595652239,2.1951614669430732,289
18.519999999999694,5.084781217287122,7.367700049479292,5.075346011577948,7.468086126354787,10.082850557866644,2.2627516174531315,290
18.539999999999694,5.06479466236187,7.3684332767427305,5.055602783119259,7.466230476371552,9.822821844689225,2.240259480910782,290
18.559999999999693,5.044808107436618,7.369166504006169,5.0358595546605684,7.464374826388318,9.562793131511807,2.2177673443683426,290
18.579999999999693,5.024821552511365,7.369899731269608,5.016116326201878,7.462519176405084,9.30276441833439,2.1952752078259925,290
18.599999999999692,5.004834997586113,7.370632958533046,4.996373097743189,7.46066352642185,9.042735705157058,2.172783071283551,291
18.619999999999692,4.98484844266086,7.371366185796485,4.976629869284499,7.458807876438616,8.78270699197964,2.1502909347412005,291
18.63999999999969,4.9648618877356085,7.372099413059923,4.956886640825808,7.456952226455383,8.52267827880241,2.1277987981989392,291
18.65999999999969,4.944882783394447,7.372956585213233,4.937162345178752,7.455098355951713,8.250379182980257,2.0928972382141287,291
18.67999999999969,4.924952315460994,7.374622852884888,4.917561640371611,7.453256101650556,7.8979806847828735,1.9769886362861921,292
18.69999999999969,4.905021847527541,7.376289120556543,4.897960935564469,7.451413847349399,7.545582186585402,1.8610800343581642,292
18.71999999999969,4.885091379594089,7.377955388228199,4.878360230757329,7.449571593048242,7.193183688387922,1.7451714324301388,292
18.73999999999969,4.865160911660636,7.379621655899855,4.8587595259501875,7.447729338747085,6.840785190190449,1.629262830502113,293
18.75999999999969,4.845230443727184,7.381287923571509,4.839158821143047,7.445887084445928,6.488386691993058,1.5133542285741761,293
18.77999999999969,4.8252999757937305,7.382954191243165,4.819558116335905,7.444044830144771,6.135988193795497,1.3974456266461504,293
18.799999999999688,4.805369507860278,7.384620458914821,4.799957411528765,7.442202575843614,5.783589695598016,1.2815370247181248,293
18.819999999999688,4.785434205249783,7.386227295802174,4.780346377442025,7.440359350701869,5.437062956656879,1.171581870699034,294
18.839999999999687,4.7654964753070805,7.3878042944489275,4.760730157363991,7.438515638133022,5.093484234765967,1.0646157469137014,294
18.859999999999687,4.745558745364377,7.389381293095681,4.741113937285957,7.436671925564174,4.749905512875044,0.9576496231283689,294
18.879999999999686,4.725620461953458,7.390950520831984,4.721496444600327,7.434828093383973,4.4070952930291725,0.8514617462139458,295
18.899999999999686,4.705660484803369,7.392215159977318,4.701829070789843,7.432979572917422,4.094407277854032,0.7757780321417238,295
18.919999999999686,4.68570050765328,7.393479799122652,4.68216169697936,7.431131052450871,3.781719262678794,0.7000943180694995,295
18.939999999999685,4.665740530503191,7.394744438267986,4.662494323168876,7.42928253198432,3.4690312475036533,0.6244106039972751,296
18.959999999999685,4.645780553353101,7.3960090774133205,4.642826949358392,7.427434011517769,3.1563432323283265,0.5487268899249621,296
18.979999999999684,4.6258205762030125,7.397273716558654,4.623159575547908,7.425585491051218,2.8436552171531857,0.4730431758527401,297
18.999999999999684,4.605871644035348,7.398701786074581,4.603518376183247,7.423739430699539,2.514799232442577,0.3809936291018582,297
19.019999999999683,4.585923009414388,7.400134258328905,4.583877881946019,7.421893436622213,2.1855076901301977,0.2885031944078615,298
19.039999999999683,4.565974374793428,7.401566730583229,4.56423738770879,7.420047442544888,1.8562161478179156,0.19601275971386478,298
19.059999999999683,4.546009236941369,7.4027292388415855,4.544555383244065,7.418197546955046,1.5536481148127108,0.13055195271978434,298
19.079999999999682,4.5260346588734635,7.40373732167999,4.524849634004446,7.416345419613126,1.266366524477607,0.08055269493607127,299
19.09999999999968,4.506065472222979,7.404843861064961,4.50515840179005,7.414494656714598,0.9693329326982488,0.020697258886503405,300
19.11999999999968,4.4860978003994445,7.405969797923569,4.48547047832598,7.412644204802822,0.670382280297435,0.04110114846084715,300
19.13999999999968,4.466128909824525,7.407039954134888,4.465776149913961,7.410793150895198,0.37697381177082134,0.09732019552219605,301
19.15999999999968,4.447842650994594,7.407563601575488,4.447698802970863,7.409094075760548,0.15372194004325046,0.10318336636412843,302
19.17999999999968,4.4284061021147245,7.408271219030023,4.428498378400705,7.4072894434732675,0.09861025082597763,0.09861025082597763,302
19.18221948711391,4.426192190294476,7.408410943706583,4.426316870557867,7.407084405325608,0.13323847958751284,0.13323847958751284,302
