robot_distance_meters,robot_x_meters,robot_y_meters,matched_gui_x_meters,matched_gui_y_meters,deviation_cm,nearest_curve_lower_bound_cm,gui_segment_index
0,4.42627,7.40708,4.42627,7.40708,0,0,0
0.02,4.442301445611534,7.399252508330774,4.442460149796921,7.406779462660052,0.7528627264880304,0.08396165507897221,4
0.04,4.460384735631415,7.391287889467473,4.460718274570768,7.40638641604226,1.510221020094737,0.7290850508306029,6
0.06,4.480384499841185,7.3911907732815125,4.480715410091137,7.405941101969269,1.4754040056553057,0.574367340201365,7
0.08,4.500384264050956,7.391093657095552,4.500712409665631,7.4054882124854435,1.439829519134434,0.422664311054454,9
0.1,4.520384028260726,7.390996540909591,4.520705772875245,7.405031045465363,1.4038192110202619,0.2796345580418636,10
0.12000000000000001,4.5403837924704975,7.3908994247236315,4.540698944789885,7.40457140125143,1.3675608328739592,0.1366048050291779,11
0.14,4.560383556680268,7.390802308537671,4.560691628922067,7.404109379969987,1.331063704752458,0.0027267107203782603,12
0.16,4.580383320890038,7.39070519235171,4.580684132450021,7.403645416427683,1.2943719972673815,0.12840198586473056,13
0.18,4.600383085099809,7.3906080761657496,4.600676408685683,7.403179776710664,1.2575122000085817,0.25953068244983934,14
0.19999999999999998,4.620382827951652,7.390552506060498,4.620667561320512,7.402712298115137,1.2163125252311173,0.38617443400185014,15
0.21999999999999997,4.640382481739933,7.390670185068489,4.640654630905845,7.40224340491243,1.1576419253150312,0.5236118786807598,16
0.23999999999999996,4.660382135528214,7.390787864076479,4.660640465752544,7.401773429541969,1.0988602418021802,0.35416246281466063,16
0.25999999999999995,4.680381807967752,7.390745660236518,4.680631095429221,7.401301445404141,1.0558728367728047,0.05181930134382581,17
0.27999999999999997,4.700381488667571,7.39063264738209,4.700623196887663,7.400828169490804,1.019838682993225,0.23517405610605246,18
0.3,4.720381169367391,7.390519634527663,4.720615148367909,7.400353788192993,0.9836936743011264,0.49511992564921137,19
0.32,4.74038085006721,7.390406621673235,4.740607112630218,7.3998779188779755,0.9473999445215397,0.7169591407746609,20
0.34,4.76038053076703,7.390293608818807,4.76059808431603,7.399400348763463,0.9109338173889944,0.8996630687138235,20
0.36000000000000004,4.78038021146685,7.390180595964379,4.780589849508945,7.398922150740735,0.8744068161715517,0.8744068161715517,21
0.38000000000000006,4.80037989216667,7.390067583109952,4.80058152424238,7.39844252893625,0.837737268404495,0.837737268404495,22
0.4000000000000001,4.820379572866489,7.389954570255523,4.820572338405269,7.397961237541844,0.8008987425810354,0.8008987425810354,22
0.4200000000000001,4.840379198194379,7.38983223801781,4.840564042694317,7.39747956303116,0.764955863752711,0.764955863752711,23
0.4400000000000001,4.860378809772265,7.389707591583091,4.8605549875358705,7.39699635927088,0.72908965848477,0.72908965848477,23
0.46000000000000013,4.880378421350151,7.389582945148372,4.880546478577151,7.396511673729866,0.6930766406939416,0.6930766406939416,24
0.48000000000000015,4.900377923882196,7.389444943781897,4.900538233139935,7.396026391506496,0.6583399821500963,0.6583399821500963,25
0.5000000000000001,4.920376904255871,7.389242993259766,4.920530271298068,7.395539430440795,0.6298304742093443,0.6298304742093443,25
0.5200000000000001,4.940375884629545,7.389041042737635,4.940522905720851,7.395052270912622,0.6013025808446163,0.6013025808446163,26
0.5400000000000001,4.960374865003219,7.3888390922155045,4.960514866531276,7.394563312614894,0.5725932204335136,0.5725932204335136,26
0.5600000000000002,4.980373845376894,7.388637141693374,4.980507245343994,7.394073878821769,0.5438373484277567,0.5438373484277567,27
0.5800000000000002,5.000372825750568,7.388435191171243,5.000499144746726,7.393583342189298,0.5149700514932127,0.5053943401400817,27
0.6000000000000002,5.020371806124243,7.388233240649113,5.020491394741237,7.393091502175573,0.4859733171358383,0.3160347620117272,28
0.6200000000000002,5.040370786497917,7.388031290126982,5.040483232703804,7.392599392757403,0.4569486381562079,0.11097161695048441,28
0.6400000000000002,5.060369841614465,7.3878384081799755,5.0604752498783725,7.392105658331221,0.42685518335146294,0.09318924830666139,29
0.6600000000000003,5.08036943382403,7.387710691888472,5.080466152025263,7.391611824289604,0.39023311522229664,0.33243472917205685,30
0.6800000000000003,5.1003690260335945,7.387582975596969,5.100456623274959,7.391116213727784,0.35343238343059935,0.35343238343059935,30
0.7000000000000003,5.12036861824316,7.387455259305465,5.120447094524657,7.390620603165964,0.31663165163881546,0.31663165163881546,30
0.7200000000000003,5.140368210452724,7.387327543013961,5.140437766182634,7.3901239466399264,0.2797268531778213,0.2797268531778213,31
0.7400000000000003,5.1603678026622894,7.3871998267224575,5.160428363241441,7.389626668318121,0.24275971070563301,0.24275971070563301,32
0.7600000000000003,5.180367394871854,7.387072110430954,5.180418694041211,7.389127819933113,0.2056349474686236,0.2056349474686236,32
0.7800000000000004,5.20036467934031,7.3867826664437,5.20041075185557,7.388628928451347,0.18468367760959176,0.18468367760959176,32
0.8000000000000004,5.220359772958618,7.386339686540001,5.220404575618191,7.388129061587013,0.17899358472227236,0.17899358472227236,33
0.8200000000000004,5.240354866576927,7.385896706636302,5.240398226429184,7.387628457349579,0.17322934536972867,0.17322934536972867,33
0.8400000000000004,5.260349960195235,7.385453726732603,5.260391964964289,7.387127302860331,0.16741031795932873,0.16741031795932873,34
0.8600000000000004,5.2803450538135435,7.385010746828904,5.280385581866866,7.386625486870825,0.1615248564800286,0.1615248564800286,34
0.8800000000000004,5.300340147431852,7.384567766925205,5.300379277240192,7.386122688177021,0.15554135274096997,0.15554135274096997,35
0.9000000000000005,5.32033524105016,7.384124787021506,5.320372856891236,7.3856195469800845,0.1495233187589966,0.1495233187589966,35
0.9200000000000005,5.340330334668469,7.3836818071178065,5.340366531740264,7.385116230850161,0.14348803685147093,0.14348803685147093,36
0.9400000000000005,5.360325428286777,7.3832388272141065,5.36036007220657,7.384611702374105,0.13733122027127792,0.05898019594988717,36
0.9600000000000005,5.380320521905086,7.382795847310407,5.380353685864722,7.3841067196131585,0.1311291745699116,0.1311291745699116,37
0.9800000000000005,5.400315615523394,7.382352867406708,5.4003471897140845,7.383600900889815,0.12484328193669507,0.11200203925713502,37
1.0000000000000004,5.420310709141702,7.381909887503009,5.420340693563448,7.383095082166472,0.11855738930356952,0.08473117923294964,37
1.0200000000000005,5.440305802760011,7.38146690759931,5.440334244868368,7.382588491918792,0.11219448913542285,0.05859180959129434,38
1.0400000000000005,5.460300896378319,7.381023927695611,5.460327714711397,7.382081480162449,0.1057892453467762,0.034626394009552405,38
1.0600000000000005,5.480295989996628,7.380580947791912,5.4803212170339854,7.381573557680414,0.09929304075144128,0.010660978427899223,39
1.0800000000000005,5.5002951631199695,7.380400594745431,5.50031206141969,7.381065493249493,0.06651132033248798,0.03759600340658788,39
1.1000000000000005,5.520294368598187,7.38022232461327,5.520302902815733,7.380557405249377,0.03351892981027496,0.03351892981027496,40
1.1200000000000006,5.540293574076405,7.38004405448111,5.540293681116165,7.380048257203939,0.0004204085713947673,0.0004204085713947673,40
1.1400000000000006,5.560292779554623,7.379865784348949,5.560284437385715,7.379538960718484,0.032693008000594,0.032693008000594,41
1.1600000000000006,5.580291985032841,7.379687514216788,5.58027516874629,7.379028697561062,0.0659031238527455,0.0659031238527455,41
1.1800000000000006,5.600291190511059,7.379509244084628,5.600265900106866,7.37851843440364,0.09911323970507228,0.09911323970507228,41
1.2000000000000006,5.620290395989277,7.379330973952467,5.620256543208276,7.3780078573179955,0.1323549636090674,0.1323549636090674,42
1.2200000000000006,5.640289601467495,7.3791527038203055,5.640247223446502,7.377496383043895,0.1656862822032078,0.1656862822032078,42
1.2400000000000007,5.660286790953864,7.3788234987403865,5.66023974825206,7.376984861575366,0.18392388752926495,0.18392388752926495,42
1.2600000000000007,5.6802836232874645,7.3784675540510225,5.680232471475076,7.376472453243728,0.19957564328292884,0.19957564328292884,43
1.2800000000000007,5.700280455621065,7.378111609361659,5.700225287624131,7.375959863214677,0.21524532489560172,0.21524532489560172,43
1.3000000000000007,5.720277287954665,7.377755664672296,5.720217974480044,7.3754468938913496,0.2309532551670443,0.2309532551670443,44
1.3200000000000007,5.740274120288265,7.377399719982932,5.740210755939459,7.37493326934903,0.24672644305340974,0.24672644305340974,44
1.3400000000000007,5.760270952621865,7.377043775293569,5.760203537398874,7.37441964480671,0.26249963093986395,0.26249963093986395,44
1.3600000000000008,5.780267784955465,7.376687830604205,5.780196141689919,7.373905063435117,0.27836892561585935,0.27836892561585935,45
1.3800000000000008,5.800260758934037,7.3761980262531,5.800188474483549,7.373390354183428,0.2808602409134648,0.2808602409134648,45
1.4000000000000008,5.820244893849653,7.375401564280065,5.820179713482992,7.3728752799459665,0.25271250497179243,0.25271250497179243,46
1.4200000000000008,5.840229028765267,7.374605102307032,5.840171089850131,7.372359484782266,0.22463648380044118,0.22463648380044118,46
1.4400000000000008,5.860213163680883,7.373808640333999,5.860162466217271,7.371843689618565,0.19656046262917637,0.19656046262917637,46
1.4600000000000009,5.8801972985964985,7.373012178360964,5.880153742421162,7.371327131815975,0.1685609385115817,0.1685609385115817,47
1.4800000000000009,5.900181433512113,7.372215716387931,5.90014510751928,7.370810382052582,0.14058037458570424,0.14058037458570424,47
1.5000000000000009,5.920165568427729,7.3714192544148975,5.920136385756913,7.370292783687656,0.11268486711212136,0.11268486711212136,48
1.520000000000001,5.940149323066865,7.37061384003884,5.940127588882445,7.369774885897751,0.08392356198483532,0.08392356198483532,48
1.540000000000001,5.960129013004334,7.369712735160038,5.960117207355188,7.369257029160312,0.0455858894328874,0.0455858894328874,48
1.560000000000001,5.980108702941802,7.368811630281236,5.980106802582364,7.368738444009957,0.007321093954930641,0.007321093954930641,49
1.580000000000001,6.000088392879271,7.367910525402434,6.000096412942206,7.3682193924988555,0.03089712036120492,0.03089712036120492,49
1.600000000000001,6.02006808281674,7.367009420523632,6.0200860487022005,7.367699746226032,0.0690559445981403,0.0690559445981403,50
1.620000000000001,6.0400477727542095,7.36610831564483,6.040075650891975,7.367179512223327,0.10715592845704418,0.10715592845704418,50
1.640000000000001,6.060027462691679,7.365207210766028,6.060065253081749,7.366659278220622,0.14525591231594806,0.09035180078946221,50
1.660000000000001,6.080007152629148,7.364306105887226,6.080054972165076,7.366137625125938,0.1832143397714154,0.0504645673155415,51
1.680000000000001,6.098697382792521,7.358061681119873,6.098895396026069,7.365645716383361,0.7586619808485119,0.5270276585194213,51
1.700000000000001,6.116889030527849,7.349751208649927,6.117291483250258,7.365165408923108,1.5419453241133643,1.3126249029517976,51
1.720000000000001,6.1350806782631775,7.341440736179981,6.135689559778017,7.364684356241822,2.325159371480427,2.098222147384265,52
1.740000000000001,6.153272325998506,7.333130263710036,6.1540862816189,7.364202442330273,3.1082837836335475,2.8898947291737396,52
1.7600000000000011,6.171463973733834,7.32481979124009,6.17241092031444,7.363724925860747,3.8916657200714617,3.6825352703148893,53
1.7800000000000011,6.1896556214691625,7.316509318770144,6.190793953348562,7.363277484913875,4.67820175272003,4.475175811456036,53
1.8000000000000012,6.207847269204491,7.308198846300199,6.209176986382684,7.362830043967003,5.46473778536851,5.281673779062393,53
1.8200000000000012,6.226038916939819,7.299888373830253,6.226929213541154,7.362409177990073,6.252714275279882,6.095360731343277,54
1.8400000000000012,6.2442305646751475,7.291577901360308,6.245235490345196,7.362148496505873,7.057774985646356,6.909047683623984,54
1.8600000000000012,6.262422212410476,7.283267428890363,6.2635417671492375,7.3618878150216736,7.86283569601292,7.725473340384184,54
1.8800000000000012,6.280613860145804,7.274956956420417,6.281848043953279,7.361627133537474,8.667896406379482,8.545852078339374,54
1.9000000000000012,6.2988055078811325,7.266646483950471,6.298635376477738,7.36149183541657,9.484550405486882,9.366230816294564,55
1.9200000000000013,6.316997155616461,7.258336011480526,6.31681205859333,7.3615244403296165,10.318859486034219,10.186609554249754,55
1.9400000000000013,6.336578890260134,7.25636269859713,6.336390190558581,7.361559559131071,10.519702977639083,10.35773527601708,55
1.9600000000000013,6.356578777943126,7.256295671231458,6.355134833209599,7.361687161808462,10.540138169130511,10.326087668375385,56
1.9800000000000013,6.376578665626116,7.256228643865785,6.37513004924116,7.361961111694989,10.57423909446184,9.930579774202222,56
2.0000000000000013,6.396578553309107,7.256161616500113,6.395125265272721,7.362235061581517,10.608340019793078,8.967534589064147,56
2.0200000000000014,6.416578440992098,7.256094589134441,6.415065540403185,7.362515279797997,10.643144398860855,7.9925546145894755,57
2.0400000000000014,6.436578328675089,7.256027561768769,6.435060434220332,7.362799531727228,10.678275877868094,7.0175746401148045,57
2.0600000000000014,6.45657821635808,7.255960534403097,6.457542832647557,7.3628017954183465,10.684561544543895,5.949321656519775,58
2.0800000000000014,6.476578104041071,7.255893507037425,6.477541695303681,7.362621235693519,10.673207845915018,4.871217464556608,58
2.1000000000000014,6.4965779247251465,7.255810615501647,6.497540634184331,7.3624406752804985,10.663440560130761,3.794450224913569,58
2.1200000000000014,6.516577665120606,7.255708713027619,6.5226822691599295,7.361388249999948,10.585570709774043,2.647397459276765,59
2.1400000000000015,6.5365774055160655,7.255606810553591,6.542621362746484,7.360236463431458,10.480407282327416,1.4732402304333196,59
2.1600000000000015,6.556577145911525,7.255504908079562,6.568821752557724,7.357898868435545,10.312348670066791,0.299083001589946,60
2.1800000000000015,6.576576886306985,7.255403005605533,6.588551539611012,7.355539515590506,10.084995267089678,0.9071678628893057,60
2.2000000000000015,6.596576626702445,7.2553011031315044,6.615363902872348,7.351430013438131,9.794758364872347,0.5690783062430643,61
2.2200000000000015,6.616576367097905,7.255199200657476,6.63464701813929,7.347661353096716,9.421145398918753,0.791914377748514,61
2.2400000000000015,6.636576107493365,7.255097298183448,6.66106218140836,7.341478033418238,8.978418143233002,2.1976761206604754,62
2.2600000000000016,6.656550708887781,7.254199466732888,6.679786707965664,7.336170251074649,8.52004761650482,3.5453325496521124,62
2.2800000000000016,6.6765170170559625,7.253039062435587,6.705339313092291,7.327690319488138,8.002209025220361,4.873820336545436,63
2.3000000000000016,6.696483325224144,7.251878658138285,6.723105312107829,7.320830999186987,7.391316203310246,4.374076476749,63
2.3200000000000016,6.716449633392326,7.250718253840984,6.746284983125794,7.310573084466311,6.687861274656477,3.7481630377005706,64
2.3400000000000016,6.736415941560508,7.249557849543682,6.762740981741122,7.3023703969175795,5.900993899870715,2.9828944774479895,64
2.3600000000000017,6.755581053825956,7.245134403874459,6.783304311127857,7.291086703086086,5.366742772168481,2.5462459517673666,65
2.3800000000000017,6.773814227519038,7.236915439397233,6.800307322112493,7.280828699536291,5.128604563795418,2.3920600384255155,65
2.4000000000000017,6.792047401212121,7.228696474920007,6.819295553225271,7.268642918739922,4.835473257075706,2.1884855453631697,66
2.4200000000000017,6.810280574905202,7.22047751044278,6.835565077978316,7.257545197860155,4.487002948657965,1.9849110523008238,66
2.4400000000000017,6.828513748598284,7.212258545965554,6.8528229102476335,7.244821531175188,4.0635985848224125,1.754093103044292,67
2.4600000000000017,6.8467469222913655,7.204039581488328,6.868471023003517,7.233139785781112,3.631471384485177,1.4001102408038162,67
2.4800000000000018,6.864980095984447,7.195820617011101,6.884762863189677,7.220671578510415,3.1763629605835453,1.0461273785633405,68
2.5000000000000018,6.88321326967753,7.187601652533875,6.899928343365551,7.208599000800167,2.683807598565764,0.6738286238779471,68
2.520000000000002,6.901421941218612,7.179331049075844,6.915247835732035,7.196117896979855,2.1747496905360584,0.2302880486958244,69
2.540000000000002,6.919320117829921,7.17040606874027,6.93029181021101,7.183727458620118,1.7257968073795922,0.14236780453980052,69
2.560000000000002,6.93721829444123,7.161481088404695,6.945414504598237,7.171244350494645,1.274751534907367,0.5219059540301307,70
2.580000000000002,6.955116471052539,7.1525561080691205,6.960308550417288,7.1587408728151205,0.8075209167149967,0.8075209167149967,70
2.600000000000002,6.973014647663848,7.1436311277335465,6.97520233500365,7.1462365060783775,0.3402054117212828,0.3402054117212828,71
2.620000000000002,6.990912824275157,7.134706147397972,6.990094624284577,7.133731730031095,0.1272375899432236,0.1272375899432236,71
2.640000000000002,7.008811000886466,7.125781167062398,7.004986913565503,7.121226953983814,0.59468059160773,0.59468059160773,71
2.660000000000002,7.026709177497775,7.116856186726823,7.019964123759024,7.108747957484912,1.0546996320185817,1.0546996320185817,72
2.680000000000002,7.043705302807688,7.106324836940779,7.035282334970499,7.0960346311561,1.3297921727749766,1.3297921727749766,73
2.700000000000002,7.060642322146226,7.095688231470705,7.05063763768705,7.083465667656422,1.5795087126125338,1.5795087126125338,73
2.720000000000002,7.077579341484763,7.085051626000631,7.066195034704397,7.070755019056983,1.8275541331808902,1.8275541331808902,74
2.740000000000002,7.094516360823301,7.074415020530556,7.081743120339602,7.058374166913796,2.0505234873288316,2.0505234873288316,74
2.760000000000002,7.111453380161838,7.063778415060482,7.0972912059748055,7.04599331477061,2.2734928414768967,2.2734928414768967,74
2.780000000000002,7.128390399500375,7.053141809590407,7.113108639737791,7.0334531721581,2.492337508007624,2.492337508007624,75
2.800000000000002,7.145327418838912,7.042505204120333,7.1288301734333785,7.021250565357027,2.6905738698817205,2.6905738698817205,75
2.820000000000002,7.162264438177449,7.031868598650259,7.144982497659079,7.009014862811442,2.8652377037009007,2.8652377037009007,76
2.840000000000002,7.179201457515987,7.0212319931801845,7.160875003991918,6.996996987437848,3.0384114305026895,3.0384114305026895,76
2.860000000000002,7.195403228874401,7.009527862718764,7.1772938113540485,6.98477768667881,3.0667934670192123,3.0667934670192123,77
2.880000000000002,7.211379229288118,6.997495929757643,7.193433021749658,6.972968813116412,3.0391541845487833,3.0391541845487833,77
2.900000000000002,7.227355229701835,6.985463996796521,7.2099471870502825,6.96103046961925,3.000061998160527,3.000061998160527,78
2.920000000000002,7.243331230115551,6.9734320638354,7.226230168787663,6.9494294085639945,2.9471575434952753,2.9471575434952753,78
2.940000000000002,7.259307230529268,6.961400130874278,7.2429546259446935,6.93778880429082,2.8721114527994223,2.8721114527994223,79
2.960000000000002,7.275283230942985,6.949368197913157,7.259383412791519,6.926410644145484,2.7925857054802368,2.7925857054802368,79
2.980000000000002,7.291259231356701,6.937336264952035,7.276178666872048,6.914911883189496,2.702362526767764,2.702362526767764,80
3.000000000000002,7.307235231770418,6.9253043319909136,7.292751085543119,6.903766807660446,2.5954873265328384,2.5954873265328384,80
3.0200000000000022,7.323329189404409,6.913430913592928,7.309596139635312,6.892532164946912,2.5007086014364943,2.5007086014364943,81
3.0400000000000023,7.339442674922138,6.901583737369459,7.326287269189528,6.88156403873261,2.3955229773472024,2.3955229773472024,81
3.0600000000000023,7.355556160439867,6.88973656114599,7.3431889215587285,6.870530303422958,2.284357531707018,2.284357531707018,82
3.0800000000000023,7.3716696459575966,6.877889384922521,7.359972177397504,6.859723277027989,2.1606439936975943,2.1606439936975943,82
3.1000000000000023,7.3877831314753255,6.866042208699052,7.376886519628911,6.848919866895518,2.029558421352975,2.029558421352975,83
3.1200000000000023,7.404201524844144,6.854626933991163,7.393959933799368,6.838230704476024,1.93320078998932,1.93320078998932,84
3.1400000000000023,7.420759400191342,6.843409235297285,7.410911028031433,6.827642527802481,1.8589768675989122,1.8589768675989122,84
3.1600000000000024,7.437317275538541,6.832191536603407,7.427862122263497,6.817054351128938,1.7847529452084767,1.7847529452084767,84
3.1800000000000024,7.453875150885739,6.820973837909528,7.444551993823295,6.806453054435937,1.7256141234293902,1.7256141234293902,85
3.2000000000000024,7.4704330262329375,6.80975613921565,7.461376566353886,6.795650735642571,1.6762513997020019,1.6762513997020019,85
3.2200000000000024,7.4869909015801355,6.798538440521772,7.477252979329392,6.784866221780494,1.6785609761664446,1.6785609761664446,86
3.2400000000000024,7.503548776927334,6.787320741827894,7.49353890879452,6.773266706155885,1.7254372741610144,1.7254372741610144,86
3.2600000000000025,7.520051428778129,6.776022208734629,7.5088826522763705,6.76232813464268,1.767114126993537,1.767114126993537,87
3.2800000000000025,7.536521629166973,6.76467617422246,7.52433069805892,6.749728832961111,1.9288385418809253,1.9288385418809253,87
3.3000000000000025,7.552991829555818,6.753330139710292,7.539778743841469,6.737129531279542,2.0905629567684385,2.0905629567684385,87
3.3200000000000025,7.569462029944662,6.741984105198124,7.553400426942144,6.724613747157745,2.365807324068223,2.365807324068223,88
3.3400000000000025,7.5859322303335075,6.7306380706859565,7.5663381638300695,6.71239105028266,2.6774637172881905,2.6774637172881905,89
3.3600000000000025,7.602402430722352,6.719292036173789,7.579646366938956,6.698100398384794,3.109540080291504,3.000119658942611,89
3.3800000000000026,7.618872631111196,6.707946001661621,7.592954570047842,6.683809746486927,3.5416164432949433,2.917433073231934,89
3.4000000000000026,7.635342831500041,6.696599967149453,7.6036467026318535,6.67133861029022,4.053123160722202,2.88622766596882,90
3.4200000000000026,7.651813031888885,6.685253932637285,7.615574560504845,6.6563723944067865,4.633972441449833,2.855022258705706,90
3.4400000000000026,7.66828323227773,6.673907898125117,7.624305642347783,6.64415897488606,5.309450866078283,2.823816851442543,91
3.4600000000000026,7.682638757365916,6.660014184236949,7.635260333273772,6.627964744880452,5.720036391947861,2.5368266704256106,91
3.4800000000000026,7.696823832955012,6.645915119355488,7.646256815316079,6.61170873540937,6.104997932485632,2.227733265394649,91
3.5000000000000027,7.711008908544107,6.631816054474027,7.65352033465005,6.599002226029182,6.619428574718647,1.9402017536173692,92
3.5200000000000027,7.7251939841332025,6.617716989592566,7.662649161,6.583008871,7.152977280125534,1.7179599026503436,92
3.5400000000000027,7.738012188246059,6.602503258073611,7.669223705799554,6.5693624598256495,7.635553565921255,1.3234291903748658,93
3.5600000000000027,7.748969117367516,6.585771680018109,7.677830181567622,6.551498484345383,7.896454982055164,0.6942919664962885,93
3.5800000000000027,7.759926046488973,6.569040101962607,7.68412103104716,6.538429551062497,8.175210206803083,0.1617460718339282,94
3.6000000000000028,7.77088297561043,6.5523085239071035,7.691466270229145,6.520239549470196,8.564713781004524,0.3557818041813337,94
3.6200000000000028,7.7818399047318865,6.535576945851601,7.6967746427173935,6.506927677667029,8.976012126276272,0.8733096801966027,95
3.640000000000003,7.792796833853344,6.518845367796099,7.702951854772725,6.488586330913578,9.48036369505652,1.3908375562118647,95
3.660000000000003,7.8037537629748,6.502113789740596,7.709129066828057,6.470244984160126,9.98471526383668,1.8074461416855525,95
3.680000000000003,7.811788823944552,6.484024165104033,7.713445808026057,6.456666248563464,10.207744303902832,2.508924887871123,96
3.700000000000003,7.817515100063773,6.46486144708684,7.718805063164309,6.437401429453761,10.245840108601389,3.449983645988871,96
3.720000000000003,7.823241376182994,6.445698729069648,7.722683063662756,6.422323853621093,10.323932883912706,4.347791821211624,97
3.740000000000003,7.828967652302215,6.426536011052455,7.7272026569345815,6.4028806410276005,10.447818343169708,5.18687855461374,97
3.760000000000003,7.834693928421436,6.4073732930352625,7.73055446542909,6.3883071903636335,10.587041146335194,6.025965288015923,98
3.780000000000003,7.840420204540657,6.38821057501807,7.734134753532694,6.368751579713216,10.805206890310105,6.8570108722832135,98
3.800000000000003,7.846146480659879,6.3690478570008775,7.737715041636299,6.349195969062796,11.023372634285032,7.588308517160403,98
3.820000000000003,7.8518727567791,6.349885138983685,7.740190796647588,6.334254872984715,11.277041027687702,8.31960616203765,99
3.840000000000003,7.857599032898321,6.3307224209664925,7.742931168239035,6.3146742675848015,11.578541537034216,9.050903806914842,99
3.860000000000003,7.86152442781585,6.311190052243418,7.74513431069213,6.298800259074178,11.704770966938959,9.858919553590383,100
3.880000000000003,7.863809840405358,6.291321059080811,7.747251284842372,6.278913335545353,11.721709976902652,10.8119335210752,100
3.900000000000003,7.866095252994866,6.271452065918204,7.749368258992615,6.259026412016527,11.738648986866252,11.717888660787604,100
3.920000000000003,7.8683806655843735,6.251583072755598,7.750687795888212,6.242398698797576,11.805068531066807,11.805068531066807,101
3.940000000000003,7.867136382917994,6.231764287743848,7.752217497441039,6.222796386614543,11.526826748906368,11.526826748906368,101
3.960000000000003,7.864286756339596,6.211968337946891,7.753259809428176,6.206002152276544,11.118713195295747,11.118713195295747,102
3.980000000000003,7.861437129761198,6.192172388149933,7.754312304254783,6.186415888339264,10.727938073017619,10.727938073017619,102
4.000000000000003,7.8585875031828,6.172376438352975,7.755129674062228,6.168758675822266,10.352106361543072,10.352106361543072,103
4.020000000000002,7.855737876604403,6.152580488556017,7.7558175825639655,6.149086428232988,9.998136635727892,9.998136635727892,103
4.040000000000002,7.852888250026004,6.13278453875906,7.756276609680261,6.130859441106541,9.663081833073276,9.663081833073276,104
4.060000000000001,7.850038623447607,6.112988588962102,7.756669779110115,6.111128107736348,9.33873786081944,9.33873786081944,104
4.080000000000001,7.8471889968692095,6.093192639165144,7.756852736795225,6.093315062864155,9.033634302824424,9.033634302824424,105
4.1000000000000005,7.841447416157985,6.0740452771898665,7.75682677779329,6.074159955078377,8.462071607039574,8.462071607039574,105
4.12,7.835569936887002,6.054928393620123,7.756800859846027,6.055035141472769,7.876914937328616,7.876914937328616,105
4.14,7.829692457616019,6.035811510050379,7.75633094131965,6.038298265926798,7.340365132669755,7.340365132669755,106
4.159999999999999,7.823814978345036,6.016694626480635,7.755676929062693,6.019004321031877,6.817718422553861,6.817718422553861,106
4.179999999999999,7.817937499074053,5.99757774291089,7.754716583274575,6.002498089073679,6.341209664477593,6.341209664477593,107
4.199999999999998,7.81206001980307,5.978460859341146,7.753202329073318,5.983041625201156,5.903567712750818,5.903567712750818,107
4.219999999999998,7.806182540532087,5.959343975771402,7.751610895768143,5.966774064302243,5.507513620335672,5.507513620335672,108
4.2399999999999975,7.79998628861564,5.940354668570312,7.74895972880709,5.947302083449261,5.149734342076077,5.149734342076077,108
4.259999999999997,7.791051822246705,5.922461225338157,7.746626671613922,5.931750129826744,4.538587616586855,4.538587616586855,109
4.279999999999997,7.782117355877769,5.904567782106003,7.742667783737789,5.912816337316381,4.030269724331305,4.030269724331305,109
4.299999999999996,7.773182889508834,5.886674338873848,7.739073012093932,5.896617484192285,3.5529563409689815,3.5529563409689815,110
4.319999999999996,7.764161076794157,5.868838206385972,7.733574342411045,5.877754343523857,3.185978376707267,3.185978376707267,110
4.339999999999995,7.751303536900647,5.853518817759569,7.728150888564287,5.862990129100167,2.5015012762292694,2.5015012762292694,111
4.359999999999995,7.738445997007135,5.838199429133167,7.720939197903481,5.845361130139423,1.8915019856154796,1.8915019856154796,111
4.379999999999995,7.7255884571136235,5.822880040506764,7.713507946809535,5.829641291823681,1.3843888491956147,1.3843888491956147,112
4.399999999999994,7.712228981065046,5.808186679476062,7.704583831528807,5.814020164379841,0.9616540830988066,0.9616540830988066,113
4.419999999999994,7.6944807990516555,5.798967024644152,7.693606722831253,5.799633971760399,0.10994670049367965,0.10994670049367965,113
4.439999999999993,7.676732617038266,5.7897473698122415,7.681333466219197,5.784760952973631,0.6784700883167207,0.6784700883167207,114
4.459999999999993,7.658984435024877,5.78052771498033,7.667151815658833,5.771675878565154,1.2044131946345011,1.2044131946345011,114
4.479999999999992,7.640849169374121,5.7729314837407895,7.649381630862216,5.759644153511174,1.57910114836468,1.57910114836468,115
4.499999999999992,7.620850372739839,5.773150876494965,7.6306184005860125,5.750430441497629,2.473120568172472,2.473120568172472,116
4.519999999999992,7.600851576105556,5.773370269249141,7.626573178,5.748691309,3.564620432802042,2.9643723150384607,116
4.539999999999991,7.5808527794712735,5.7735896620033165,7.626573178,5.748691309,5.206037671687903,3.0977570588019914,116
4.559999999999991,7.560853982836991,5.773809054757493,7.626573178,5.748691309,7.0355623547885004,2.7802582578199675,116
4.57999999999999,7.543510871318415,5.783448930973286,7.626573178,5.748691309,9.004131871815039,3.1190630520645795,116
4.59999999999999,7.526342108837683,5.793707273669851,7.626573178,5.748691309,10.987585858858342,3.248833534320091,116
4.6199999999999894,7.509173346356951,5.803965616366416,7.626573178,5.748691309,12.976120192358511,3.157608327848229,116
4.639999999999989,7.513353205147757,5.816433236809367,7.626573178,5.748691309,13.19383607446756,4.4015858002807615,116
4.659999999999989,7.5280574459134275,5.829989980647959,7.626573178,5.748691309,12.772949338455856,6.371930562711775,116
4.679999999999988,7.542761686679097,5.843546724486551,7.626573178,5.748691309,12.657770705997157,8.34227532514279,116
4.699999999999988,7.560375119672081,5.8528336442305005,7.626573178,5.748691309,12.340100856009482,10.066469737124887,116
4.719999999999987,7.578372172255877,5.861557525149911,7.626845560738435,5.748808412487418,12.272746961116903,11.670791578374914,116
4.739999999999987,7.596369224839674,5.870281406069322,7.662149880968757,5.767843287605216,12.174014471503941,12.015921052231079,115
4.7599999999999865,7.614873015033795,5.877753381703006,7.664939553,5.769634676,11.914828050297144,10.956879937291616,115
4.779999999999986,7.633871118863769,5.884004145725549,7.664939553,5.769634676,11.851423207775776,9.521708702363508,115
4.799999999999986,7.6528692226937425,5.890254909748092,7.664939553,5.769634676,12.122266150826107,8.00000855982864,115
4.819999999999985,7.671867326523716,5.896505673770634,7.664939553,5.769634676,12.706000205144111,6.448899815326782,115
4.839999999999985,7.69086543035369,5.902756437793177,7.664939553,5.769634676,13.5622839446304,4.799932922677614,115
4.859999999999984,7.709863534183664,5.909007201815719,7.664939553,5.769634676,14.643382477297855,3.13302540814899,115
4.879999999999984,7.726424348596214,5.92006521396547,7.664939553,5.769634676,16.251069762353815,1.7383187071632926,115
4.8999999999999835,7.742694887159183,5.931695758874067,7.664939553,5.769634676,17.974895430160768,0.38374288387541516,115
4.919999999999983,7.7589654257221525,5.943326303782665,7.664939553,5.769634676,19.750859804817157,1.0450591178589141,115
4.939999999999983,7.775235964285122,5.954956848691262,7.64397717,5.756173678,23.82091938344438,2.5003329991331227,116
4.959999999999982,7.791506502848092,5.966587393599859,7.626573178,5.748691309,27.327953697522844,3.9556068804074194,117
4.979999999999982,7.798115298314209,5.9833246149129025,7.600094604,5.742845608,31.15162084747718,4.475560326035125,118
4.999999999999981,7.798560342675965,6.00331966268769,7.578245524,5.742577808,34.13574872684059,4.364782653968314,119
5.019999999999981,7.785490175776364,6.015341828956399,7.556848437,5.745915103,35.33663897009218,2.9920210624793837,120
5.0399999999999805,7.767774294545447,6.0246233995245735,7.53597552,5.752520569,35.74501675202515,1.1900059230796116,121
5.05999999999998,7.750058413314529,6.033904970092748,7.515535318,5.762149151,35.896003600216844,0.6120092163201605,122
5.07999999999998,7.732342532083612,6.043186540660923,7.515535318,5.762149151,35.49470136036113,2.4140243557199295,122
5.099999999999979,7.714626650852694,6.052468111229097,7.49544318,5.774708536,35.38244982000008,4.216039495119702,123
5.119999999999979,7.695799149796876,6.059195404052417,7.4255211881764485,5.84435166947295,34.526512541197405,6.100729201500487,126
5.139999999999978,7.67693315258663,6.065834240491354,7.42367983,5.846668137,33.4919432581554,7.9882268843775295,126
5.159999999999978,7.658067155376383,6.07247307693029,7.406500377,5.870903187,32.23604574217832,9.875724567254482,127
5.1799999999999775,7.639201158166137,6.079111913369227,7.390137917,5.897016696,30.85306569677112,11.763222250131347,128
5.199999999999977,7.62033516095589,6.085750749808163,7.390137917,5.897016696,29.767652610132117,13.6507199330083,128
5.219999999999977,7.601627126021291,6.092807559250418,7.37149703,5.930576182,28.156505617589715,15.522478046475003,129
5.239999999999976,7.583085927156977,6.100305822027485,7.37149703,5.930576182,27.125267206788084,17.376500501184502,129
5.259999999999976,7.564544728292663,6.1078040848045525,7.356811397,5.960266181,25.47951529935149,19.215314224262276,130
5.279999999999975,7.54600352942835,6.11530234758162,7.34281089,5.991376803,23.800165822470774,21.054127947339964,131
5.299999999999975,7.527554807286765,6.122993774139538,7.34281089,5.991376803,22.6833291353816,20.619870245187844,131
5.3199999999999745,7.510087242578157,6.132734625393438,7.329323172,6.023778304,21.10619084145102,19.323964240407786,132
5.339999999999974,7.49261967786955,6.142475476647337,7.329323172,6.023778304,20.187810090169705,18.03543120642518,132
5.359999999999974,7.475152113160942,6.152216327901236,7.316070434,6.057307051,18.5242412763871,16.764441642792306,133
5.379999999999973,7.457684548452335,6.161957179155135,7.305410713,6.084827829,17.06934609723473,15.493452079159548,134
5.399999999999973,7.440216983743728,6.171698030409035,7.305410713,6.084827829,16.037195055457083,14.22314098665308,134
5.419999999999972,7.42274941903512,6.181438881662935,7.291771053,6.119984648,14.467880012057229,12.977950911849218,135
5.439999999999972,7.405989437545001,6.192247855597235,7.291771053,6.119984648,13.515846455294936,11.839187643674496,135
5.4599999999999715,7.390207537325372,6.2045332788889915,7.276167166519894,6.159494050045688,12.26121458431031,10.847047470513033,136
5.479999999999971,7.374425637105743,6.216818702180749,7.274717711,6.163164105,11.32275864219348,9.87980699816882,136
5.499999999999971,7.358643736886113,6.229104125472507,7.263615859931466,6.190474058905329,10.257962488473071,8.914257592720613,137
5.51999999999997,7.342861836666484,6.241389548764263,7.259791419,6.199881977,9.28631940278251,7.9663645902810725,137
5.53999999999997,7.327871528674111,6.254554298509514,7.250472488086711,6.222120160428301,8.392010960980173,7.138529036409985,138
5.559999999999969,7.314000908821043,6.26896283434393,7.247303526,6.229682397,7.7404739086875365,6.463800970489158,138
5.579999999999969,7.300130288967976,6.283371370178347,7.236067159266828,6.255638266213989,6.980837802587862,5.798577395385887,139
5.599999999999969,7.286259669114909,6.297779906012765,7.230965379,6.267423316,6.307916515391413,5.157666994636775,139
5.619999999999968,7.272389049261842,6.312188441847182,7.221190760755595,6.289074169887796,5.617414275430774,4.516756593887743,140
5.639999999999968,7.2684601814190675,6.330988354111355,7.213475078349782,6.306164465205317,6.032898988015057,4.977235036419901,140
5.659999999999967,7.267151132379371,6.35094546789596,7.2060838267907,6.322143850081361,6.751850857800572,5.735552686409966,141
5.679999999999967,7.265842083339673,6.370902581680563,7.198145856597748,6.338974517533698,7.484771469631206,6.502458011775945,141
5.699999999999966,7.261596808461111,6.389781317722171,7.190577759228205,6.354906354661782,7.911996209812969,6.977648317784851,142
5.719999999999966,7.249677814054469,6.405841752720465,7.18190760291413,6.372562180047462,7.550053956962093,6.640970279057298,142
5.739999999999966,7.237758819647826,6.421902187718759,7.173237446600055,6.390218005433142,7.188111704111097,6.305774475410211,142
5.759999999999965,7.225839825241184,6.437962622717052,7.164794796831733,6.406792583653636,6.854244545335134,5.999428773196549,143
5.779999999999965,7.213920830834542,6.454023057715346,7.155825243219955,6.4243590247458995,6.523076078275146,5.6930830709828895,143
5.799999999999964,7.2020018364278995,6.4700834927136395,7.147127554082419,6.441005664463155,6.210239092576177,5.395132724739585,144
5.819999999999964,7.189950056030073,6.486039411009105,7.137883998803643,6.458449658487544,5.89242629084727,5.095339106882819,144
5.839999999999963,7.177139106798981,6.501397782661019,7.129024405832704,6.475014053324468,5.487372433850878,4.704714991296838,145
5.859999999999963,7.164328157567888,6.516756154312935,7.119587958385124,6.49222283534814,5.102518164927715,4.332966851827456,145
5.879999999999963,7.151517208336795,6.53211452596485,7.110151510937546,6.509431617371812,4.717663896004474,3.96121871235804,145
5.899999999999962,7.138706259105702,6.547472897616765,7.100781411653357,6.5260709379846515,4.354696235534977,3.589470572888579,146
5.919999999999962,7.12589530987461,6.56283126926868,7.091241102,6.542976623,3.993896721087226,3.24156625193296,146
5.939999999999961,7.113667092962218,6.578630505651147,7.081413836305442,6.559887860036756,3.7303610141573316,2.9686601280859777,147
5.959999999999961,7.1023718360256956,6.5951355706536825,7.0713924356720606,6.577133173923536,3.583028794609936,2.8118135853303174,147
5.9799999999999605,7.091076579089173,6.611640635656219,7.061559660132483,6.593989113116651,3.439221936224389,2.670362688905612,148
5.99999999999996,7.07978132215265,6.628145700658754,7.051314035027426,6.611121872356466,3.316922016472098,2.538425300992974,148
6.01999999999996,7.068486065216128,6.64465076566129,7.041214863897388,6.627921109130907,3.1993746717004155,2.406487913080457,149
6.039999999999959,7.056950766963156,6.66097793888919,7.030783453776308,6.644925468122596,3.0698698622758323,2.2511714222199437,149
6.059999999999959,7.0444465711163575,6.676587073593744,7.020407162769779,6.661839976825566,2.8202305167194757,1.9892024728640414,149
6.079999999999958,7.031942375269559,6.692196208298298,7.010132490398148,6.678469698336432,2.576990791286229,1.727233523508185,150
6.099999999999958,7.019438179422761,6.7078053430028515,6.99954810208294,6.695287104307092,2.3501520730115777,1.4739997933944124,150
6.1199999999999575,7.006933983575963,6.723414477707405,6.988963713767731,6.7121045102777535,2.123313354736956,1.2284054274563623,150
6.139999999999957,6.994429787729166,6.739023612411959,6.97834991469192,6.728701850238111,1.9107618670766193,0.9828110615183872,151
6.159999999999957,6.982252637315952,6.754886970767728,6.9675851648558,6.745471836576402,1.7429271361993317,0.7891979875794939,151
6.179999999999956,6.970210563317291,6.770855328661099,6.95683873733125,6.762125885663029,1.596899825466614,0.6166530315809332,152
6.199999999999956,6.9581684893186315,6.786823686554469,6.945930850741246,6.778834667814338,1.4614520805722124,0.44410807558249493,152
6.219999999999955,6.946126415319971,6.80279204444784,6.9350229641512415,6.795543449965646,1.3260043356778595,0.2832078169400879,152
6.239999999999955,6.934084341321311,6.818760402341211,6.924068781699028,6.812122492457825,1.2015543357146012,0.12345787298931876,153
6.2599999999999545,6.9220422673226505,6.834728760234582,6.913040352627546,6.828762653419034,1.0799486039273536,0.035467574612530126,153
6.279999999999954,6.910000193323991,6.850697118127952,6.902018280123896,6.84534137299496,0.9612228891543553,0.1840245811744241,154
6.299999999999954,6.89795811932533,6.866665476021323,6.890891613581697,6.861923955687167,0.85098483243835,0.3325815877364408,154
6.319999999999953,6.885940497430202,6.882652186173315,6.8797640470105605,6.87850787973388,0.7437998094260714,0.47621857032657533,154
6.339999999999953,6.87397159872392,6.898675464981311,6.868604278592875,6.8950435833102155,0.6480639618275366,0.6070396324932009,155
6.359999999999952,6.862002700017638,6.914698743789306,6.8574080755186415,6.911589718783149,0.5547667147161125,0.5547667147161125,155
6.379999999999952,6.850033801311357,6.930722022597301,6.846187699459503,6.928101616372802,0.46539261098799317,0.46539261098799317,156
6.3999999999999515,6.838064902605074,6.946745301405297,6.834937287646481,6.944614410955429,0.3784530279777867,0.3784530279777867,156
6.419999999999951,6.826096003898792,6.962768580213292,6.8236868758334595,6.961127205538055,0.29151344496750675,0.29151344496750675,156
6.439999999999951,6.81550665715988,6.979710917660497,6.812410673275786,6.977573758691415,0.3761989456351242,0.3761989456351242,157
6.45999999999995,6.805330466986778,6.996928500346833,6.80107695017114,6.993992295911344,0.5168529944568183,0.5168529944568183,157
6.47999999999995,6.795154276813675,7.01414608303317,6.789694495569122,7.01018521007179,0.6745200208634946,0.6745200208634946,158
6.499999999999949,6.784978086640574,7.031363665719506,6.778001864101264,7.026302669684896,0.8618663572753358,0.7019760656468266,158
6.519999999999949,6.774801896467471,7.048581248405843,6.766309232633405,7.042420129298003,1.049212693687249,0.5455637332254195,158
6.5399999999999485,6.764101572631181,7.065460755697029,6.75478113720715,7.058127676523869,1.1859366199480015,0.4514741823513184,159
6.559999999999948,6.752612640855941,7.081831597051824,6.742432901044935,7.073822439260354,1.2952749173378186,0.40843530491917823,159
6.579999999999948,6.741123709080701,7.098202438406619,6.73008466488272,7.089517201996839,1.4046132147276211,0.3376275971345058,159
6.599999999999947,6.729634777305461,7.114573279761414,6.717852351438996,7.104519989824467,1.5488518258861,0.26681988934995776,160
6.619999999999947,6.718145845530222,7.130944121116209,6.70492860435222,7.119666582922041,1.7374646243258975,0.13850620100907574,160
6.639999999999946,6.706656913754982,7.147314962471004,6.692502597879059,7.133902857294194,1.9499467253984233,0.01973538533055621,161
6.659999999999946,6.695167981979742,7.163685803825799,6.67889367944196,7.14826487785316,2.2420033027291693,0.17797697167018814,161
6.6799999999999455,6.683551083787294,7.179961113864056,6.665271917180974,7.16264045299867,2.518200199816014,0.37839367858273976,161
6.699999999999945,6.671121477641942,7.195629709559633,6.651568584473247,7.177102112606991,2.6936731058277217,0.5057454230752162,161
6.719999999999945,6.6586918714965915,7.211298305255209,6.63834363162916,7.189706447457772,2.9669162253882946,0.6604163168571089,162
6.739999999999944,6.64626226535124,7.226966900950785,6.6239400533924275,7.20328042833797,3.2547352143788664,0.8911629696146286,162
6.759999999999944,6.633832659205889,7.242635496646361,6.610666296114282,7.214995007572142,3.6064900043591064,1.1219096223722107,163
6.779999999999943,6.621403053060538,7.2583040923419375,6.595651620860787,7.227579279062093,4.00892805051387,1.3526562751297304,163
6.799999999999943,6.606906291247794,7.272077296266611,6.580355842376801,7.240399152009251,4.133317262007942,1.3702740126518769,163
6.8199999999999426,6.592372013402687,7.28581610143741,6.567176572313432,7.251443667767095,4.261777150558586,1.4269875667377594,164
6.839999999999942,6.577837735557579,7.29955490660821,6.551171321833472,7.263175724608181,4.5105903204530895,1.499029401770411,164
6.859999999999942,6.563303457712471,7.31329371177901,6.535166071353514,7.274907781449267,4.759403490347415,1.6687466801269906,164
6.879999999999941,6.548769179867363,7.327032516949809,6.521569539059876,7.28484497462621,5.019570885406236,1.4354144744617516,165
6.899999999999941,6.534234902022256,7.340771322120609,6.50504593268615,7.295498265466483,5.38669248213764,0.30676056056796075,165
6.91999999999994,6.519700624177148,7.354510127291408,6.488522326312423,7.306151556306757,5.753814078868922,0.7038624609961868,165
6.93999999999994,6.503104824049908,7.365618603294091,6.474261133,7.315346198,5.795923780930731,0.3228032738002874,165
6.95999999999994,6.486290997718029,7.376448896184009,6.45728304734353,7.32490027428898,5.91499924277763,1.3906086806938753,166
6.979999999999939,6.469477171386151,7.3872791890739276,6.43988427310385,7.3346910846184885,6.034275730328193,2.0960293300758877,166
6.999999999999939,6.4526633450542725,7.3981094819638455,6.424408679,7.343399664,6.157507885074627,2.1247433771684006,166
7.019999999999938,6.435849518722394,7.408939774853764,6.4079320997081055,7.351392855931537,6.3961161354847125,2.1534574242610636,167
7.039999999999938,6.4190356923905165,7.419770067743682,6.390068383131727,7.3600589821144045,6.636654844664847,2.1906729170934005,167
7.059999999999937,6.402221866058638,7.430600360633601,6.372482198,7.368590471,6.877262732082709,2.351114566285705,167
7.079999999999937,6.38540803972676,7.441430653523519,6.358205765605996,7.374382607382815,7.235609309952531,2.51155621547801,168
7.099999999999937,6.368060597183924,7.4511377956231595,6.3399285030482355,7.381797933181124,7.482934747770856,2.5477966016835585,168
7.119999999999936,6.349043633098167,7.457330943204236,6.321441857793007,7.389298208293552,7.34187375226781,2.3015650697988006,168
7.139999999999936,6.330026669012409,7.463524090785314,6.306520581427802,7.3952796290255085,7.217924019010442,2.072801298912917,169
7.159999999999935,6.3110097049266525,7.469717238366391,6.287613555159139,7.4017919555055665,7.1841658358273826,1.8440375280269963,169
7.179999999999935,6.291992740840895,7.475910385947468,6.271778646395281,7.407113917669852,7.170469762664916,1.6963505471675961,170
7.1999999999999345,6.272975776755137,7.482103533528545,6.252597911552632,7.4127496893214,7.228563547843016,1.5922048005130445,170
7.219999999999934,6.253958812669381,7.488296681109622,6.233417176709985,7.418385460972947,7.286657333021113,1.488059053858295,170
7.239999999999934,6.234941848583623,7.494489828690699,6.217678324,7.423009923,7.353506781529812,1.4432374482185604,170
7.259999999999933,6.215924884497866,7.500682976271777,6.199398951175781,7.427116173151566,7.540013921402173,1.464535893227993,171
7.279999999999933,6.196907920412109,7.506876123852853,6.179971142536856,7.431480406155364,7.727463161940758,1.4858343382372567,171
7.299999999999932,6.177890956326351,7.51306927143393,6.160543333897931,7.4358446391591615,7.914912402479428,1.545536717540543,171
7.319999999999932,6.1586499285972565,7.518329650395621,6.145804164670789,7.43902909896612,8.03342461710912,1.598438475649064,172
7.3399999999999315,6.138894853946863,7.5214500711296495,6.126061665773899,7.442227153400501,8.025560050365401,1.4312592737033671,172
7.359999999999931,6.11913977929647,7.5245704918636775,6.106319166877009,7.445425207834882,8.017695483621685,1.2792648181219506,172
7.379999999999931,6.099384704646075,7.527690912597706,6.091363812114887,7.4472911523739365,8.079886237464269,1.238721081223814,173
7.39999999999993,6.079629629995682,7.530811333331735,6.071495180290163,7.44927329958637,8.194278625401918,1.198177344325749,173
7.41999999999993,6.059874555345288,7.533931754065763,6.051626548465439,7.451255446798804,8.30867101333938,1.1576336074276123,173
7.439999999999929,6.040061950979286,7.536259963815332,6.0317792080814145,7.453235469920852,8.343662514955158,1.1567414881798703,173
7.459999999999929,6.020063314533355,7.536026425160188,6.016871763349751,7.454053349102533,8.203518267982126,0.9053121317521537,174
7.4799999999999285,6.000064678087424,7.535792886505043,5.996912475161181,7.454830446814436,8.10237806075685,0.6538827753243388,174
7.499999999999928,5.980066041641492,7.5355593478499,5.978995213,7.45552804,8.003847143808368,0.48715549613886494,174
7.519999999999928,5.960067405195561,7.535325809194756,5.96119535514441,7.455277225459369,8.00565302091487,0.3457362644995595,175
7.539999999999927,5.940068768749629,7.535092270539612,5.941197398564795,7.454995437911752,8.010478389132029,0.23423208865103773,175
7.559999999999927,5.920070132303698,7.5348587318844675,5.921199441985181,7.454713650364134,8.015303757349185,0.21874978728975286,175
7.579999999999926,5.900071495857767,7.534625193229323,5.905787463535287,7.453833809295492,8.09933330863358,0.20326748592855684,176
7.599999999999926,5.880072859411835,7.53439165457418,5.885871991641473,7.452424795263491,8.217174672522834,0.18778518456736074,176
7.6199999999999255,5.860371210480781,7.530954941568431,5.866026533125099,7.451020734658241,8.01340134310794,0.08792198361863958,176
7.639999999999925,5.840670538250018,7.527507694310687,5.849798958199319,7.449597756053236,7.8442887058360276,0.2883135226236905,177
7.659999999999925,5.820969866019254,7.524060447052944,5.829966641662027,7.447274076713104,7.731163328978102,0.4887050616287414,177
7.679999999999924,5.8012691937884915,7.520613199795202,5.810134325124737,7.4449503973729705,7.618037952120267,0.6578131352895913,177
7.699999999999924,5.781568521557728,7.517165952537458,5.79231406721966,7.442820598404296,7.511789688721289,0.7389930103489164,178
7.719999999999923,5.761867849326965,7.513718705279715,5.772528476560856,7.439960877439195,7.45242654493944,0.8201728854081417,178
7.739999999999923,5.742167177096202,7.510271458021972,5.752742885902052,7.437101156474093,7.393063401157591,0.8929307147136843,178
7.7599999999999225,5.722466504865438,7.506824210764229,5.732957295243247,7.4342414355089925,7.333700257375743,0.8740201846567442,178
7.779999999999922,5.702765832634675,7.5033769635064855,5.714053694945635,7.43129472171988,7.296071145852327,0.855109654599995,179
7.799999999999922,5.683135738329227,7.499589526649988,5.694314554814589,7.428203631731368,7.225587817849552,0.8709341816720274,179
7.819999999999921,5.663689657109828,7.49491513629311,5.674619453569729,7.425119438100009,7.064630165066872,0.92468312555491,179
7.839999999999921,5.644243575890427,7.490240745936231,5.654929596518478,7.422034945924586,6.903783160044696,0.9711531199393889,180
7.85999999999992,5.624797494671027,7.485566355579352,5.6352346065037535,7.418949268906932,6.742973780261642,1.0176231143239547,180
7.87999999999992,5.605351413451627,7.480891965222474,5.61553961648903,7.415863591889279,6.582164400478587,1.0487806956080061,180
7.8999999999999195,5.585905332232227,7.476217574865595,5.595844626474305,7.412777914871626,6.421355020695444,1.0716903664242063,180
7.919999999999919,5.566459251012827,7.471543184508717,5.575493312893143,7.409787611957438,6.241285937363935,1.0946447465920284,181
7.939999999999919,5.547013169793427,7.466868794151838,5.555785181339422,7.406904560717748,6.060245438842539,1.1183893324405119,181
7.959999999999918,5.527567088574027,7.4621944037949595,5.536077049785699,7.404021509478057,5.879204940321128,1.1421339182890815,181
7.979999999999918,5.508108568027407,7.457572774103538,5.5155639525875175,7.401244414585797,5.681959912652474,1.1604579332444034,182
7.999999999999917,5.488622458296821,7.453068162292568,5.49582737780791,7.398632164626076,5.491073398806032,1.1684220978890585,182
8.019999999999918,5.469136348566234,7.448563550481597,5.475108352604918,7.395999310173697,5.290240251051671,1.186733345686115,183
8.039999999999917,5.449650238835647,7.444058938670627,5.455365301999322,7.393756234324757,5.062631738012149,1.205044593483258,183
8.059999999999917,5.430164129105061,7.439554326859656,5.435622251393728,7.391513158475816,4.8350232249726375,1.231390065934913,183
8.079999999999917,5.410678019374475,7.435049715048686,5.415879200788133,7.389270082626877,4.607414711933126,1.2652033340409088,183
8.099999999999916,5.391191909643889,7.430545103237716,5.395265583071832,7.387108020645106,4.3627685697900045,1.2990166021469916,184
8.119999999999916,5.371705799913303,7.426040491426745,5.375530591289967,7.3852572077722325,4.096224181754987,1.332829870253006,184
8.139999999999915,5.352219690182717,7.421535879615775,5.3557955995081015,7.383406394899359,3.829679793720058,1.3829160111154437,184
8.159999999999915,5.33261884879083,7.417576706769777,5.335245789335407,7.381836369590746,3.5836748154590885,1.3881127820771182,185
8.179999999999914,5.3129692709565335,7.413849228945038,5.315429294950729,7.380379842969585,3.355967097016663,1.3696343535937068,185
8.199999999999914,5.293319693122237,7.4101217511202995,5.29561280056605,7.378923316348425,3.1282593785742376,1.3619833311159302,185
8.219999999999914,5.273670115287941,7.40639427329556,5.275796306181371,7.377466789727265,2.9005516601317183,1.372171332159663,185
8.239999999999913,5.254020537453645,7.402666795470822,5.255376231550985,7.376395352047586,2.6306399336013664,1.3488031073107267,186
8.259999999999913,5.234370959619349,7.398939317646082,5.235587000256496,7.375374161714622,2.3596510947706437,0.8933825660685084,186
8.279999999999912,5.214721381785053,7.395211839821344,5.215797768962008,7.374352971381658,2.088662255940009,0.434145094514725,186
8.299999999999912,5.195071803950757,7.391484361996604,5.195694648524643,7.373548791691912,1.7946381738885395,0.02573723024392992,187
8.319999999999911,5.175422226116461,7.387756884171866,5.175939451157379,7.3728627573324115,1.4903104913161889,0.1495154575304404,187
8.339999999999911,5.155595245957809,7.385317805772033,5.155845816423657,7.372179284792376,1.3140910131768906,0.44277551618007344,188
8.35999999999991,5.135669492594239,7.3835960761491854,5.1358944838955995,7.371798784225106,1.179943718266392,0.6644418027388005,188
8.37999999999991,5.11574373923067,7.381874346526337,5.115943151367542,7.371418283657836,1.0457964233558044,0.8860141254172175,188
8.39999999999991,5.095817985867101,7.38015261690349,5.095991818839486,7.371037783090567,0.9116491284452173,0.9116491284452173,188
8.41999999999991,5.075892232503532,7.378430887280643,5.075902306881607,7.370911829619967,0.7519064409729336,0.7519064409729336,189
8.439999999999909,5.055966479139962,7.376709157657794,5.055974282440305,7.370885129139456,0.5824033745945787,0.5824033745945787,189
8.459999999999908,5.0360407257763935,7.374987428034947,5.036046257999002,7.370858428658945,0.4129003082163127,0.4129003082163127,189
8.479999999999908,5.016114972412824,7.3732656984121,5.0161182335577,7.370831728178434,0.24339724183804673,0.24339724183804673,189
8.499999999999908,4.9961892190492545,7.3715439687892514,4.99618213646562,7.371011424051141,0.05325918334709829,0.05325918334709829,190
8.519999999999907,4.976198731238507,7.370969448754229,4.976202823369207,7.37127713910913,0.03077175653623722,0.03077175653623722,190
8.539999999999907,4.9562057760090585,7.3704386557689325,4.956233368387072,7.371547151848471,0.11088394372843337,0.11088394372843337,191
8.559999999999906,4.936212820779609,7.369907862783635,4.936265997251187,7.372044174131622,0.21369730725177605,0.21369730725177605,191
8.579999999999906,4.91621986555016,7.369377069798339,4.916298626115303,7.3725411964147725,0.31651067077502987,0.31651067077502987,191
8.599999999999905,4.896226910320712,7.368846276813041,4.896331254979419,7.373038218697923,0.41932403429837256,0.41932403429837256,191
8.619999999999905,4.876233955091263,7.368315483827745,4.876429433115116,7.373682026276953,0.5370101443823785,0.5370101443823785,192
8.639999999999905,4.856240999861814,7.367784690842448,4.856482278152953,7.374408607771538,0.6628309791889877,0.6628309791889877,192
8.659999999999904,4.836248044632366,7.367253897857151,4.83653512319079,7.375135189266123,0.7886518139955081,0.7886518139955081,192
8.679999999999904,4.816255089402917,7.366723104871855,4.816681153388588,7.375908944833912,0.9195715650694176,0.9195715650694176,193
8.699999999999903,4.796262134173468,7.366192311886557,4.796755684506195,7.37683314171993,1.0652269780367831,1.0652269780367831,193
8.719999999999903,4.776272798608982,7.366249446976398,4.776806616372288,7.377758433202762,1.1521359527549324,1.1521359527549324,193
8.739999999999903,4.7562878945207405,7.367026369484614,4.756828656193517,7.378685064776412,1.167122954507102,1.167122954507102,193
8.759999999999902,4.736302990432499,7.3678032919928285,4.736956941813876,7.379750927505323,1.1965519075603062,1.1965519075603062,194
8.779999999999902,4.716318086344257,7.368580214501044,4.7169893339436815,7.380843850430185,1.2281992490726295,1.2281992490726295,194
8.799999999999901,4.696333182256016,7.36935713700926,4.697021726073488,7.381936773355047,1.2598465905848688,1.2598465905848688,194
8.8199999999999,4.676348278167774,7.370134059517475,4.6771652358333204,7.383107411927383,1.2999049679840515,1.2999049679840515,195
8.8399999999999,4.6563633740795325,7.37091098202569,4.657210537157607,7.384363998778006,1.3479664128565223,1.3479664128565223,195
8.8599999999999,4.636378469991291,7.371687904533906,4.637255838481894,7.3856205856286286,1.3960278577289928,1.3960278577289928,195
8.8799999999999,4.616399751251048,7.3725588117540095,4.617301405696568,7.3868771557356085,1.4346705374911655,1.4346705374911655,195
8.899999999999899,4.596485398974059,7.374407750202946,4.5974598055177625,7.388212649404623,1.3839245285812243,1.3839245285812243,196
8.919999999999899,4.57657104669707,7.376256688651882,4.577514318309909,7.389620483896477,1.3397043878224115,1.3397043878224115,196
8.939999999999898,4.556656694420081,7.378105627100818,4.557568831102056,7.391028318388332,1.2954842470636048,1.2954842470636048,196
8.959999999999898,4.536742342143091,7.379954565549754,4.537701162558125,7.392474911059347,1.2557005545426316,1.2557005545426316,197
8.979999999999897,4.516827989866102,7.3818035039986905,4.5177621520193565,7.394001860163548,1.2234073403951986,1.2234073403951986,197
8.999999999999897,4.496913637589113,7.383652442447627,4.497823141480587,7.3955288092677485,1.1911141262477587,1.1911141262477587,197
9.019999999999897,4.476999285312123,7.385501380896563,4.477960364485201,7.397153888333948,1.1692074356385207,1.1692074356385207,198
9.039999999999896,4.4570849330351345,7.387350319345498,4.458029100738368,7.398797785373545,1.1486336714336483,1.1486336714336483,198
9.059999999999896,4.437170580758145,7.389199257794434,4.438097836991534,7.400441682413142,1.1280599072286872,1.1280599072286872,198
9.079999999999895,4.417243228480295,7.390893867013144,4.418262021266602,7.402210885326943,1.1362783209068184,1.1362783209068184,199
9.099999999999895,4.397300196544242,7.392402335507193,4.398344606157752,7.4040039122773385,1.1648492391479903,1.1648492391479903,199
9.119999999999894,4.377357164608188,7.3939108040012425,4.378427191048903,7.405796939227735,1.1934201573892589,1.1934201573892589,199
9.139999999999894,4.357414132672135,7.395419272495292,4.358616165224723,7.407656187723692,1.2295811342263572,1.2295811342263572,200
9.159999999999894,4.3374711007360816,7.396927740989341,4.338716966513999,7.409610886614242,1.2744189439860187,1.2744189439860187,200
9.179999999999893,4.317551986542382,7.398674209513496,4.318818301644375,7.4115655330655645,1.295336932468343,1.295336932468343,200
9.199999999999893,4.29770758904375,7.401164166926034,4.299022764029193,7.413621766006832,1.2526829610888348,1.2526829610888348,201
9.219999999999892,4.2778631915451175,7.403654124338573,4.279137131200177,7.415721134167326,1.213406973986695,1.213406973986695,201
9.239999999999892,4.258018794046485,7.406144081751111,4.259317896869294,7.417885589621534,1.1813156869162031,1.1813156869162031,202
9.259999999999891,4.238174396547852,7.408634039163649,4.239441327375258,7.4200847711766125,1.152060664002241,1.152060664002241,202
9.279999999999891,4.21832999904922,7.411123996576188,4.219564757881223,7.422283952731692,1.1228056410883673,1.1228056410883673,202
9.29999999999989,4.198476426060963,7.413534253523375,4.199688472254345,7.424483943816816,1.1016568136092662,1.1016568136092662,203
9.31999999999989,4.1785853590185855,7.415618828279923,4.179810222716645,7.426684312597813,1.1133069400138305,1.1133069400138305,203
9.33999999999989,4.158694291976209,7.41770340303647,4.159853331184234,7.428813407761602,1.117029887148009,1.117029887148009,204
9.35999999999989,4.138805325100533,7.419807493318393,4.139961351326257,7.430888617012276,1.114126110248337,1.114126110248337,204
9.379999999999889,4.124165743428524,7.417809241922477,4.120496794204355,7.4258659863972225,0.8852814238470965,0.8852814238470965,226
9.399999999999888,4.133492658832381,7.400530629370196,4.121704727521537,7.426416065405042,2.8443120843242555,2.8443120843242555,226
9.419999999999888,4.15200647490575,7.394886367042646,4.1361054497288094,7.432516005595618,4.085134391063579,3.4558108178236213,227
9.439999999999888,4.171999395130619,7.394354257202484,4.15490214090317,7.439884378888535,4.863443309903629,3.299314025033373,228
9.459999999999887,4.191992315355488,7.393822147362322,4.174803285541901,7.446842257109206,5.573683506895661,3.132239263874523,229
9.479999999999887,4.211792902258997,7.396088596601661,4.196581624265344,7.45315223066736,5.905625547716501,2.6891235619910465,230
9.499999999999886,4.2315250520148595,7.3993508452145385,4.220083094146847,7.458566832061118,6.031128831377811,2.1478730312778596,231
9.519999999999886,4.251244920688503,7.40267229593101,4.243654137557936,7.462906168131801,6.071029030433402,1.6008814226528851,232
9.539999999999885,4.27064650226339,7.407528079327436,4.266991028491583,7.465590499236641,5.81773761371995,0.9048873774733615,233
9.559999999999885,4.290048083838276,7.412383862723862,4.286620514070165,7.466826325607618,5.455025205592023,0.21733015084536753,233
9.579999999999885,4.309449665413163,7.417239646120287,4.310139096992246,7.466929386453269,4.969452294027342,0.4692591954838374,234
9.599999999999884,4.328882457194145,7.421967720717907,4.332328729800941,7.46640376767522,4.456948579547296,1.1336228834095332,235
9.619999999999884,4.348336763255507,7.426607761199499,4.351309009383174,7.464931737148823,3.8439060597363754,1.7855887356164981,235
9.639999999999883,4.367791069316871,7.4312478016810894,4.371493512302496,7.462669483313948,3.163906067977557,2.437554587823366,236
9.659999999999883,4.3874775301828155,7.434674676203582,4.3905121252495976,7.460428504268807,2.593199620608716,2.593199620608716,236
9.679999999999882,4.407270475268689,7.4375450986163285,4.410078537524669,7.457769058585882,2.041797665008833,2.041797665008833,237
9.699999999999882,4.427063420354561,7.440415521029074,4.429109215298309,7.4551261745338975,1.485222553999378,1.485222553999378,238
9.719999999999882,4.446856365440435,7.443285943441819,4.448135011669751,7.452480277259197,0.9282818027147131,0.9282818027147131,238
9.739999999999881,4.466718421928301,7.4452141908929566,4.467340588773107,7.4498856688587365,0.47127272324570824,0.47127272324570824,239
9.75999999999988,4.486718363105113,7.445262697841576,4.48698560590378,7.447269263855037,0.20242840412884838,0.20242840412884838,239
9.77999999999988,4.506718304281924,7.445311204790196,4.506653289893497,7.444790556466237,0.05246918599937797,0.05246918599937797,240
9.79999999999988,4.526718245458736,7.445359711738815,4.526340195751631,7.442332213501316,0.3051010842180842,0.3051010842180842,240
9.81999999999988,4.546718186635547,7.445408218687435,4.546083205945109,7.439969615765426,0.5475545837678137,0.5475545837678137,241
9.839999999999879,4.566718127812359,7.445456725636054,4.56580859541374,7.437666590226778,0.7843051630520015,0.7843051630520015,241
9.859999999999879,4.58671806898917,7.445505232584674,4.58561537867701,7.435457335261349,1.0108222719381244,1.0108222719381244,242
9.879999999999878,4.606718010165982,7.445553739533294,4.60537205480319,7.433289170652995,1.2338202691567954,1.2338202691567954,242
9.899999999999878,4.626717951342793,7.445602246481913,4.625235151699563,7.431215893670681,1.4462566922617857,1.4462566922617857,243
9.919999999999877,4.646717892519605,7.445650753430533,4.6450199118509845,7.429176680836208,1.6561346750614623,1.6561346750614623,243
9.939999999999877,4.666717833696417,7.445699260379152,4.664931352364719,7.427228467346157,1.8556985499166085,1.8556985499166085,244
9.959999999999877,4.6867177748732285,7.445747767327772,4.684741287683664,7.4253124651709275,2.0530661846419895,2.0530661846419895,244
9.979999999999876,4.706693484610044,7.444937166289042,4.704747089694154,7.423474318413047,2.1550923231191286,2.1550923231191286,245
9.999999999999876,4.726658895373202,7.443761422669719,4.724655397292602,7.421668899629972,2.218318234205212,2.218318234205212,245
10.019999999999875,4.746624306136359,7.442585679050396,4.744699746868956,7.419936790148434,2.273051026411782,2.273051026411782,246
10.039999999999875,4.766589716899516,7.441409935431073,4.76462122138032,7.418243989298151,2.324943084986241,2.324943084986241,246
10.059999999999874,4.786555127662674,7.440234191811751,4.784675363916118,7.4166108300606775,2.3698032242465605,2.3698032242465605,247
10.079999999999874,4.806520538425832,7.439058448192428,4.804608122167952,7.415024735891461,2.410967985911566,2.410967985911566,247
10.099999999999874,4.826485949188989,7.437882704573106,4.824668373898535,7.413481752506831,2.446855209604977,2.446855209604977,248
10.119999999999873,4.846451359952146,7.436706960953783,4.844610714339398,7.4119962897625635,2.4779129262189734,2.4779129262189734,248
10.139999999999873,4.866416770715304,7.435531217334461,4.864674161120689,7.410535419914925,2.505646776458518,2.505646776458518,249
10.159999999999872,4.886382181478462,7.434355473715138,4.884624574454115,7.409144554838374,2.5272111369310424,2.5272111369310424,249
10.179999999999872,4.906347592241619,7.433179730095816,4.904677813488391,7.4077579906719775,2.5476518530173338,2.5476518530173338,250
10.199999999999871,4.926313003004776,7.432003986476492,4.924634352839999,7.406447183223215,2.5611873396970073,2.5611873396970073,250
10.219999999999871,4.946278413767934,7.43082824285717,4.9446985525589895,7.405158114441386,2.5718698534769424,2.5718698534769424,251
10.23999999999987,4.966243824531092,7.429652499237847,4.964660712394838,7.403929548636783,2.577162066422604,2.577162066422604,251
10.25999999999987,4.986209235294249,7.428476755618525,4.984622872230686,7.4027009828321795,2.5824542793682603,2.5824542793682603,251
10.27999999999987,5.006175624899949,7.42731789477866,5.004694576050522,7.4015163345028006,2.584403254840808,2.584403254840808,252
10.29999999999987,5.026143136008708,7.426178377283585,5.024661706804428,7.400370190792371,2.5850669671259516,2.5850669671259516,252
10.319999999999869,5.046110647117466,7.425038859788511,5.044722750959117,7.399239796760445,2.5836367950478336,2.5836367950478336,253
10.339999999999868,5.066078158226225,7.423899342293437,5.064693766857054,7.398165428431141,2.5771124580334024,2.5771124580334024,253
10.359999999999868,5.086045669334983,7.422759824798363,5.08466478275499,7.397091060101838,2.5705881210189756,2.5705881210189756,253
10.379999999999868,5.106013180443742,7.421620307303289,5.104724538661854,7.3960748629605755,2.557792650526465,2.557792650526465,254
10.399999999999867,5.125980691552501,7.420480789808215,5.124698704447284,7.395067264727241,2.544583950234738,2.367222969856545,254
10.419999999999867,5.145948202661259,7.419341272313141,5.144751921699302,7.394089614871006,2.5279978079794465,1.9688182171030744,255
10.439999999999866,5.165892187839783,7.41784560241825,5.164721943964417,7.393143547964295,2.4729758692191446,1.5355010100379904,255
10.459999999999866,5.18583609420995,7.416348739465944,5.184759698808741,7.392201668936036,2.4171049671788474,1.1020668514585557,256
10.479999999999865,5.205780000580118,7.414851876513637,5.204730646490837,7.391311431082291,2.356382216684926,0.6246602447972894,256
10.499999999999865,5.225723906950285,7.41335501356133,5.224701594172933,7.390421193228544,2.2956594661910046,0.1460307114980933,256
10.519999999999865,5.245667813320452,7.4118581506090235,5.244725022326426,7.389559734024014,2.2318338581915875,0.3325988218010154,257
10.539999999999864,5.265611719690619,7.410361287656717,5.264696514933987,7.388715326830531,2.1665299901809445,0.8358964958885347,257
10.559999999999864,5.285555626060786,7.40886442470441,5.284717541246205,7.387900718960487,2.0980451488807823,1.3448164222185086,258
10.579999999999863,5.305499532430953,7.407367561752103,5.304689369429696,7.387102287322279,2.028146226988285,1.8593101715741782,258
10.599999999999863,5.325443438801121,7.405870698799797,5.324661197613189,7.386303855684073,1.9582473050956988,1.9582473050956988,258
10.619999999999862,5.3453884376859655,7.404389993890443,5.344678331099784,7.385534970766956,1.8868390189704838,1.8868390189704838,259
10.639999999999862,5.365352316585177,7.4031885200881495,5.364659118813502,7.384782466309143,1.8419102553228361,1.8419102553228361,259
10.659999999999862,5.385316195484389,7.401987046285857,5.3846734281383215,7.3840336260972546,1.7964922664172236,1.5743031300127557,260
10.679999999999861,5.405280074383601,7.4007855724835645,5.404654710543237,7.383318257341468,1.7478506177764204,1.2638386350253326,260
10.69999999999986,5.424590747886395,7.405307476346754,5.423778978008395,7.382633571386651,2.2688431776449263,1.4951457503140677,260
10.71999999999986,5.443770514008383,7.410976389073706,5.442779985950141,7.3819686811008545,2.9024614858296074,1.8418983388871175,261
10.73999999999986,5.462981438762218,7.416534863925531,5.4617789518961475,7.381319922196334,3.523546644580984,2.1773259928668782,261
10.75999999999986,5.482295837877234,7.421726586840501,5.480893780606637,7.380667206918589,4.108331101751624,2.46702506313171,261
10.779999999999859,5.50161023699225,7.426918309755472,5.500071749615051,7.380031763232457,4.691178091124505,2.7282816791638957,262
10.799999999999859,5.520924636107267,7.432110032670442,5.519195202758669,7.379404265720873,5.273413324830079,2.989538295196181,262
10.819999999999858,5.540723568345654,7.434742837242469,5.5389598090466725,7.378770613693596,5.600000585597999,2.972522438559575,263
10.839999999999858,5.560598980689536,7.436971734763808,5.5587453395416295,7.378147145280459,5.885378758745882,2.9053746378601124,263
10.859999999999857,5.580474393033419,7.439200632285146,5.578530870036587,7.377523676867322,6.170756931893675,2.8382268371605615,263
10.879999999999857,5.600349805377301,7.441429529806484,5.59839277495198,7.376906301379436,6.455290059117933,2.760897669264066,264
10.899999999999856,5.620225217721184,7.443658427327822,5.6181823780278695,7.37630607017172,6.738333034583389,2.6734596279590015,264
10.919999999999856,5.640100630065066,7.44588732484916,5.638042756199372,7.37570770628319,7.020978355551373,2.586021586653938,265
10.939999999999856,5.660058542525821,7.4461985129104855,5.657974405761509,7.375123251400531,7.110581146967377,2.3078468104194076,265
10.959999999999855,5.680051943323742,7.4456847770506736,5.677965681599833,7.374537048099199,7.11783100595475,1.9477257141662752,265
10.979999999999855,5.700045344121664,7.445171041190861,5.697956957438158,7.373950844797867,7.125080864942124,1.587649746505829,265
10.999999999999854,5.720038744919585,7.444657305331049,5.718018566095913,7.373381245317487,7.130468325107694,1.227573778845396,266
11.019999999999854,5.740032145717507,7.444143569471237,5.738010467689342,7.3728146144426,7.135759950787909,0.8788245606313929,266
11.039999999999853,5.760025546515428,7.443629833611424,5.758056549090622,7.372249819529274,7.140716603553765,0.5419755724068711,267
11.059999999999853,5.779822356758214,7.440799425288751,5.77791632371203,7.371701993284216,6.912371569580548,0.021345892982864895,267
11.079999999999853,5.799616436034949,7.437936834576418,5.797774256510943,7.371154217845309,6.680801989920786,0.5741942357594643,267
11.099999999999852,5.8194105153116835,7.435074243864086,5.817674504769432,7.370611125149762,6.448649011211502,1.0888526693553076,268
11.119999999999852,5.839204594588418,7.432211653151755,5.837531273512618,7.370076376590264,6.215780398948829,1.6035111029511506,268
11.139999999999851,5.858998673865153,7.429349062439423,5.8573880422558045,7.369541628030766,5.982911786686156,2.112165667417445,268
11.159999999999851,5.878792753141887,7.42648647172709,5.8772741137216595,7.369012653151167,5.749387869492565,2.5374043500512897,269
11.17999999999985,5.898586832418621,7.423623881014758,5.897129968647544,7.368487998886669,5.515512623582664,2.962643032685046,269
11.19999999999985,5.9182519942017935,7.420007080027434,5.9168998685893754,7.3679690263668345,5.205561710762009,3.4622048742426754,270
11.21999999999985,5.937873079902668,7.416132419278552,5.9366083252432436,7.367456933635681,4.869191418416199,3.8812323343106794,270
11.23999999999985,5.957494165603543,7.412257758529669,5.9563167818971126,7.366944840904528,4.532821126070299,4.291837649549938,270
11.259999999999849,5.977115251304417,7.408383097780787,5.976044426301425,7.366437015970642,4.195974791881362,3.955364294940819,271
11.279999999999848,5.9967363370052915,7.404508437031904,5.995751583344552,7.365933919719717,3.8587084959096343,3.6189598466277806,271
11.299999999999848,6.016357422706165,7.400633776283022,6.015458740387677,7.365430823468792,3.521442199938084,3.2825876897774346,271
11.319999999999848,6.03597850840704,7.396759115534139,6.035178562411684,7.364927881497443,3.1841284111894934,2.9462998092411685,272
11.339999999999847,6.055576190837531,7.392769005300326,6.054864087123993,7.364433167511741,2.834478426236137,2.598410001062466,272
11.359999999999847,6.075157237542135,7.388696830211738,6.074535047668182,7.363938819535977,2.4765827522219914,2.2423687348477057,272
11.379999999999846,6.094738284246739,7.384624655123151,6.094211956868095,7.363445050641988,2.118614326601254,1.8863971193132298,273
11.399999999999846,6.114319330951342,7.380552480034564,6.113882052472867,7.3629562355715015,1.7601676956233219,1.5304255037787535,273
11.419999999999845,6.133900377655946,7.376480304945976,6.133552148077641,7.362467420501015,1.401721064645301,1.174505082865079,273
11.439999999999845,6.15348142436055,7.372408129857389,6.1532634383883185,7.362035779049356,1.037464115856474,0.8187034366660142,274
11.459999999999845,6.173062471065153,7.368335954768802,6.172921383758179,7.3616226464420205,0.6714790712942723,0.4625517634638954,274
11.479999999999844,6.192643517769756,7.364263779680214,6.192579329128038,7.361209513834686,0.3054940267318949,0.10310076006113197,274
11.499999999999844,6.2122245644743606,7.360191604591627,6.2122320361864904,7.360976223885889,0.07846548689780955,0.07846548689780955,275
11.519999999999843,6.231845809373462,7.356345079168045,6.231888128022704,7.360789044369822,0.4444166691594926,0.4444166691594926,275
11.539999999999843,6.251628502137103,7.353404829685534,6.251697023652198,7.360600409745572,0.7195906308343285,0.7195906308343285,275
11.559999999999842,6.271411194900743,7.350464580203023,6.2714697973084625,7.360470497601798,1.000608900786431,1.000608900786431,276
11.579999999999842,6.291193887664383,7.347524330720512,6.291269031302365,7.360354537941449,1.2830427268742886,1.2830427268742886,276
11.599999999999842,6.310976580428023,7.3445840812380006,6.311068265296267,7.360238578281099,1.5654765529622348,1.5654765529622348,276
11.619999999999841,6.3307592731916635,7.34164383175549,6.331112537373268,7.360063932386204,1.8423487803009668,1.8423487803009668,277
11.63999999999984,6.350541965955303,7.338703582272979,6.350944324608891,7.359683594611292,2.0983870238873803,2.0983870238873803,277
11.65999999999984,6.370335352086948,7.335850138623553,6.370785137114278,7.359303083748046,2.345725775923726,2.345725775923726,277
11.67999999999984,6.3902401853999935,7.333901392672987,6.391468762113013,7.3583828541759795,2.451226954123788,2.3459430240030126,278
11.69999999999984,6.410145018713039,7.331952646722419,6.411421142544547,7.357381564691505,2.5460918308495115,1.652479619966655,278
11.719999999999839,6.430049852026085,7.330003900771852,6.431373522976081,7.356380275207032,2.6409567075752407,0.8907765577346529,278
11.739999999999839,6.44995468533913,7.3280551548212856,6.452570660599788,7.354416362670803,2.6490689040677013,0.08444805420256261,279
11.759999999999838,6.469859518652176,7.326106408870718,6.472472887264933,7.352441349504288,2.646429280520878,0.7218804493295278,279
11.779999999999838,6.489764351965222,7.324157662920151,6.49237511393008,7.3504663363377745,2.6437896569740555,1.580645147919774,279
11.799999999999837,6.5096578237845435,7.322117595626918,6.5136375610841935,7.347151842833618,2.534860631633232,0.9819061330465964,280
11.819999999999837,6.529433363827304,7.319129617043137,6.533388948022723,7.344011930909362,2.5194765124215657,0.015928553493662404,280
11.839999999999836,6.549208903870066,7.316141638459356,6.554722630795182,7.340436623260793,2.4912797336044203,1.013763240034032,281
11.859999999999836,6.568984443912827,7.313153659875574,6.5741744082237545,7.336022058286751,2.3449933378178662,2.011597926574291,281
11.879999999999836,6.588759983955588,7.310165681291793,6.593626185652328,7.33160749331271,2.1987069420313317,2.1987069420313317,281
11.899999999999835,6.6085355239983485,7.307177702708012,6.614391430826126,7.326525027562841,2.021411941722664,2.021411941722664,282
11.919999999999835,6.62831106404111,7.304189724124231,6.633335838834121,7.320791072660309,1.7345118475721382,1.7345118475721382,282
11.939999999999834,6.647769230880251,7.299918740474701,6.652345249306126,7.31503744328724,1.5796047586906807,1.5796047586906807,282
11.959999999999834,6.666657188453595,7.293342642945958,6.6725406324084355,7.308299718317102,1.607261697508626,1.607261697508626,283
11.979999999999833,6.685545146026938,7.286766545417214,6.6911378203102325,7.300984417028391,1.527828127738664,1.527828127738664,283
11.999999999999833,6.704433103600283,7.2801904478884705,6.7097350082120295,7.2936691157396805,1.448394557968587,1.448394557968587,283
12.019999999999833,6.7233210611736265,7.273614350359727,6.7283321961138265,7.286353814450971,1.3689609881986249,1.3689609881986249,283
12.039999999999832,6.74220901874697,7.267038252830984,6.747249130871894,7.277453491793201,1.1570649630504333,1.1570649630504333,284
12.059999999999832,6.761096976320315,7.260462155302241,6.765131708421003,7.2687998069130835,0.9262585897475523,0.9262585897475523,284
12.079999999999831,6.779026868925755,7.2518839772650106,6.78321866223228,7.259113306309555,0.8356693697804056,0.8356693697804056,285
12.099999999999831,6.795997218906132,7.24130063084039,6.800511603275821,7.249086312923336,0.8999806205357478,0.8999806205357478,285
12.11999999999983,6.812967568886509,7.23071728441577,6.817804544319361,7.239059319537118,0.96429187129109,0.96429187129109,285
12.13999999999983,6.829937918866886,7.220133937991151,6.835732783433557,7.228578462746082,1.0241604058090998,1.0241604058090998,286
12.15999999999983,6.846908268847263,7.209550591566531,6.852207594312446,7.2172729955261605,0.9365808737191126,0.9365808737191126,286
12.17999999999983,6.8638786188276395,7.198967245141911,6.868682405191336,7.20596752830624,0.8490013416292486,0.8490013416292486,286
12.199999999999829,6.880848968808016,7.188383898717292,6.885415890894791,7.194391481394697,0.7546378401096095,0.7546378401096095,287
12.219999999999828,6.897839126931774,7.1778326519528175,6.901266861927428,7.182341684730552,0.5663986563465532,0.5663986563465532,287
12.239999999999828,6.914908902472237,7.167410427478254,6.917106131015533,7.170300783802316,0.36306986864125945,0.36306986864125945,287
12.259999999999827,6.931978678012699,7.1569882030036895,6.932961208841348,7.1582083223682895,0.15665433581990956,0.15665433581990956,288
12.279999999999827,6.9490484535531625,7.146565978529126,6.948407395505835,7.145769904437025,0.10221004745902347,0.10221004745902347,288
12.299999999999827,6.966118229093626,7.1361437540545625,6.963853582170321,7.133331486505762,0.3610744307378873,0.3610744307378873,288
12.319999999999826,6.983188004634089,7.125721529579998,6.979134715338543,7.120821919015775,0.6358878658571167,0.6358878658571167,289
12.339999999999826,7.000257780174551,7.1152993051054345,6.994387728535036,7.108203594701267,0.920905056943303,0.7580606416761013,289
12.359999999999825,7.017327555715014,7.104877080630871,7.00964074173153,7.095585270386759,1.2059222480296146,0.4661967118389667,289
12.379999999999825,7.0343973312554775,7.094454856156307,7.024846409349064,7.0829709500347775,1.4936539394067148,0.1783028066656765,290
12.399999999999824,7.05146710679594,7.084032631681743,7.040060617350922,7.070317614927722,1.783843283538031,0.09641181818986236,290
12.419999999999824,7.068421945109345,7.073424704646155,7.055298179320122,7.057644856819824,2.052405481167298,0.3475644064412768,290
12.439999999999824,7.085363910884443,7.062795979620292,7.070538356846065,7.044969923408685,2.318545519510553,0.5714583589999409,290
12.459999999999823,7.102305876659539,7.052167254594428,7.08602664452702,7.032260942102242,2.5715261535924494,0.7953523115586052,291
12.479999999999823,7.119247842434636,7.041538529568565,7.101387559575112,7.019698901697524,2.8212746221659675,1.0151413702974617,291
12.499999999999822,7.136189808209734,7.030909804542701,7.116748474623205,7.007136861292804,3.071023090739485,1.2143035516615657,291
12.519999999999822,7.153139699164189,7.020293735718425,7.132587097805961,6.994436418150715,3.3030444961999312,1.391635509571938,292
12.539999999999822,7.1700995184648,7.009693522074795,7.148143940927128,6.98207111404581,3.528519250808343,1.5690871249937708,292
12.559999999999821,7.187059337765411,6.999093308431165,7.164281681502506,6.969349404473752,3.7463601634905594,1.7319788870485437,293
12.57999999999982,7.204019157066022,6.988493094787535,7.180089032337619,6.95724425498615,3.935912674907263,1.8779792471154184,293
12.59999999999982,7.220978976366633,6.977892881143904,7.195896383172733,6.945139105498548,4.125465186323897,2.0134585537709517,293
12.61999999999982,7.237938795667244,6.967292667500274,7.212618752379007,6.932419201116691,4.30959771872632,2.1342448895978445,294
12.63999999999982,7.254898614967855,6.956692453856644,7.228763903109068,6.920696938956578,4.4482583747605275,2.2340900891947064,294
12.659999999999819,7.271858434268466,6.946092240213014,7.2449090538391285,6.908974676796465,4.586919030794734,2.3282790268425697,294
12.679999999999819,7.289322339679047,6.936416752597766,7.260944644306546,6.897331961377198,4.830025361641332,2.517972329602959,294
12.699999999999818,7.307421088522259,6.927905860146893,7.27801160012401,6.885177673530924,5.187114746500017,2.8217355987802,295
12.719999999999818,7.325336697972315,6.919016340864929,7.294319831195146,6.873952841155209,5.470616995148353,3.0777356714045414,295
12.739999999999817,7.343244661907593,6.910111015059955,7.310630256670627,6.862726498387543,5.752383722631091,3.316951045570766,295
12.759999999999817,7.3611526258428714,6.90120568925498,7.328481726158291,6.851001224479584,5.989888120477621,3.551636628041784,296
12.779999999999816,7.379118429629164,6.892418308047397,7.345119949184078,6.840173786763893,6.233286995412077,3.7854646439804682,296
12.799999999999816,7.397123871166756,6.883711754479172,7.36174906681438,6.829352274446747,6.485622446893205,4.021747524570812,296
12.819999999999816,7.415129312704347,6.875005200910948,7.380038429929802,6.817548865785667,6.732459060347515,4.240486603938797,297
12.839999999999815,7.433134754241938,6.866298647342723,7.39702519253767,6.807174370195372,6.927900543939044,4.4559309511262235,297
12.859999999999815,7.45114019577953,6.857592093774499,7.414011955145539,6.796799874605076,7.123342027530772,4.671375298313726,297
12.879999999999814,7.469145637317121,6.848885540206274,7.430998717753408,6.786425379014782,7.318783511122303,4.899376562054114,297
12.899999999999814,7.487151078854712,6.840178986638049,7.449375386865826,6.775638407498459,7.478294766130117,5.139532108450815,298
12.919999999999813,7.505156520392303,6.831472433069824,7.46658213692337,6.765567272423924,7.636408357186091,5.414952699048598,298
12.939999999999813,7.523161961929895,6.8227658795016,7.483788886980915,6.755496137349389,7.794521948242221,5.750345250855339,298
12.959999999999813,7.541167403467486,6.814059325933375,7.50083053813651,6.745483676168936,7.955930143826199,6.085737802661958,299
12.979999999999812,7.559172845005077,6.805352772365151,7.51801247048044,6.735377096158921,8.118356786645549,6.5126665108271125,299
12.999999999999812,7.576300308232468,6.7952147685022934,7.535167667647016,6.72528624204071,8.112886622294397,6.8095473516569,299
13.019999999999811,7.592222567512095,6.783111807730966,7.550754225320215,6.715909006574904,7.896733430579975,6.930733748628276,300
13.03999999999981,7.608144826791722,6.771008846959638,7.567694487849669,6.705455802373485,7.702877108614156,7.12307504812038,300
13.05999999999981,7.62406708607135,6.75890588618831,7.584634750379123,6.695002598172066,7.509020786648215,7.3946903131114485,300
13.07999999999981,7.639989345350977,6.746802925416982,7.5993972592767545,6.6858645902042495,7.3220203157027886,7.3220203157027886,301
13.09999999999981,7.655911604630605,6.734699964645654,7.616010160910364,6.674798447181143,7.197441910505888,7.197441910505888,301
13.11999999999981,7.671833863910233,6.722597003874326,7.632623062543974,6.663732304158036,7.0728635053089866,7.0728635053089866,301
13.139999999999809,7.68775612318986,6.710494043102998,7.649235964177585,6.65266616113493,6.94828510011196,6.94828510011196,301
13.159999999999808,7.703678382469487,6.69839108233167,7.66330822604253,6.6426940917957475,6.878883837291955,6.878883837291955,302
13.179999999999808,7.716966214825928,6.683475160729529,7.679107215450165,6.631242706942867,6.450994545269537,6.450994545269537,302
13.199999999999807,7.730085762237049,6.668379549588296,7.694881264646276,6.619809399193092,5.998679988156944,5.998679988156944,302
13.219999999999807,7.743205309648171,6.653283938447063,7.708240142834833,6.609241294381989,5.623448574075675,5.623448574075675,303
13.239999999999807,7.756324857059292,6.63818832730583,7.723638759816209,6.59701643316219,5.256905763240764,5.256905763240764,303
13.259999999999806,7.7694444044704145,6.623092716164598,7.739037376797587,6.58479157194239,4.890362952405922,4.890362952405922,303
13.279999999999806,7.782563951881536,6.607997105023364,7.752079407563313,6.573882677525309,4.57504273839029,4.57504273839029,304
13.299999999999805,7.792220848836177,6.590814750329834,7.765985875139682,6.561455902162717,3.937278007146062,3.937278007146062,304
13.319999999999805,7.799439078510239,6.57216274881867,7.779266606842237,6.549588282394277,3.027433149620966,3.027433149620966,304
13.339999999999804,7.806657308184302,6.553510747307506,7.792547338544791,6.537720662625836,2.117588292095995,2.117588292095995,304
13.359999999999804,7.8138755378583635,6.534858745796342,7.80523708098451,6.526308471008396,1.215442866245934,1.215442866245934,305
13.379999999999804,7.821093767532426,6.516206744285178,7.818134675505617,6.513277858915776,0.4163483533078928,0.4163483533078928,305
13.399999999999803,7.828311997206489,6.497554742774014,7.831032270026724,6.5002472468231565,0.38274615963008507,0.38274615963008507,305
13.419999999999803,7.835530226880551,6.47890274126285,7.843929864547831,6.487216634730537,1.181840672568126,1.181840672568126,305
13.439999999999802,7.842748456554614,6.460250739751686,7.857158655924968,6.472974343729152,1.922352579702082,1.922352579702082,306
13.459999999999802,7.849966686228677,6.441598738240522,7.8695750364572525,6.458912092244015,2.6157974415782848,2.6157974415782848,306
13.479999999999801,7.857184915902739,6.422946736729357,7.881991416989538,6.444849840758879,3.309242303454739,3.309242303454739,306
13.499999999999801,7.86283007587465,6.403878178961875,7.895311327826416,6.429332927009006,4.126712888603958,4.126712888603958,307
13.5199999999998,7.865788804407964,6.384098241513386,7.906040301865423,6.415642337406638,5.11391536231345,5.11391536231345,307
13.5399999999998,7.868747532941278,6.364318304064897,7.916769275904431,6.401951747804269,6.101117836022887,6.101117836022887,307
13.5599999999998,7.871706261474591,6.344538366616408,7.931327459,6.383374938,7.1154525303712735,7.088320309732323,308
13.5799999999998,7.874664990007904,6.324758429167919,7.940215768673348,6.370690105518321,8.00413860200091,8.00413860200091,308
13.599999999999799,7.8776237185412175,6.30497849171943,7.960053821,6.342378494,9.051785438217157,8.896900161275061,309
13.619999999999798,7.880582447074532,6.2851985542709405,7.963803581140348,6.3362680055685505,9.764141544979523,9.764141544979523,309
13.639999999999798,7.883541175607845,6.265418616822451,7.973430598541281,6.3205801278761085,10.546516323899993,10.546516323899993,309
13.659999999999798,7.886499904141158,6.245638679373962,7.983057615942214,6.304892250183666,11.328891102820462,11.328891102820462,309
13.679999999999797,7.886012167330132,6.225707814738959,7.998760938,6.279302622,12.483865047698457,12.412906862383096,310
13.699999999999797,7.884793850412325,6.205744956629767,8.026804966,6.225551422,14.338567927418127,13.133074171377585,311
13.719999999999796,7.8835755334945175,6.185782098520574,8.026804966,6.225551422,14.864813966496145,12.904299383075168,311
13.739999999999796,7.88235721657671,6.1658192404113805,8.046479708,6.182022045,16.492035370906986,12.704710243763543,312
13.759999999999796,7.881138899658903,6.1458563823021874,8.046479708,6.182022045,16.924992780281844,12.513795878128803,312
13.779999999999795,7.879920582741096,6.125893524192994,8.046479708,6.182022045,17.57622059914866,12.352050192131315,312
13.799999999999795,7.878702265823288,6.105930666083802,8.050794205131178,6.170527896135611,18.381631512223425,12.190472291963374,312
13.819999999999794,7.877483948905481,6.085967807974609,8.071177391,6.116225537,19.60425455767117,12.064105832738615,313
13.839999999999794,7.876265631987674,6.066004949865416,8.071177391,6.116225537,20.127767182035317,11.944979616866288,313
13.859999999999793,7.871824656696446,6.046579494204207,8.084357001,6.072225361,21.40740709634691,11.514686990218024,314
13.879999999999793,7.866499270699437,6.027301520659696,8.097164057,6.017384122,23.08778864145717,11.047763654100445,315
13.899999999999793,7.861173884702429,6.008023547115186,8.097164057,6.017384122,23.61757434268217,10.580840412661315,315
13.919999999999792,7.85584849870542,5.988745573570675,8.107213189,5.95218093,25.40101979967347,10.189411466983358,316
13.939999999999792,7.850523112708412,5.969467600026165,8.107213189,5.95218093,25.727149905726893,9.808062340624879,316
13.959999999999791,7.845197726711404,5.950189626481654,8.107213189,5.95218093,26.202302907952323,9.496864637334022,316
13.97999999999979,7.839872340714395,5.9309116529371435,8.111279572,5.898717629,27.330997122568295,9.229270160246339,317
13.99999999999979,7.8345469547173865,5.911633679392633,8.111279572,5.898717629,27.703387126095418,9.017632693313674,317
14.01999999999979,7.829221568720378,5.892355705848122,8.111454279,5.846442558,28.594286124522288,8.89091966061554,318
14.03999999999979,7.82180178003095,5.873847213604866,8.109015233,5.805776155,29.51698436256511,8.57954883165553,319
14.059999999999789,7.813379744331287,5.855706945837449,8.102973975,5.756802823,30.60177183609614,8.27866338158694,320
14.079999999999789,7.8049577086316235,5.837566678070032,8.102973975,5.756802823,30.87660850966632,8.071451868117538,320
14.099999999999788,7.79653567293196,5.819426410302615,8.102968275726102,5.756774947460387,31.277171523567056,7.9787862867571935,320
14.119999999999788,7.788113637232297,5.801286142535198,8.091627733,5.701307575,31.95567559856557,7.905651094677077,321
14.139999999999787,7.779691601532634,5.783145874767781,8.089508450031616,5.693946642059165,32.240189628729986,8.046146307027215,321
14.159999999999787,7.771269565832971,5.765005607000365,8.077954722883945,5.654672198482355,32.59282844286189,8.274865419242593,322
14.179999999999787,7.762847530133308,5.746865339232948,8.061557826745418,5.612426410448894,32.756933140130606,8.705639187620376,323
14.199999999999786,7.754425494433645,5.728725071465531,8.053350120331004,5.59418968065843,32.78043674930149,9.14706821719802,323
14.219999999999786,7.744245825183127,5.711580449336221,8.01629580761971,5.529801291464072,32.71923825220448,9.644622247513643,325
14.239999999999785,7.7330167814271045,5.6950302657624565,7.967430129400173,5.4713682298903255,32.399741356746844,10.099666854509527,327
14.259999999999785,7.721787737671082,5.678480082188691,7.96381743,5.46758187,32.10240300557211,10.741909332711572,327
14.279999999999784,7.71055869391506,5.661929898614926,7.939151434,5.447080905,31.371122210862573,11.527776477685068,328
14.299999999999784,7.699329650159038,5.6453797150411615,7.939151434,5.447080905,31.11862883682406,12.38515211367268,328
14.319999999999784,7.688100606403015,5.628829531467396,7.917995108,5.433079324,30.19430833585274,13.441776360686037,329
14.339999999999783,7.676871562646993,5.612279347893631,7.884078105,5.416232355,28.525247521542045,14.538965104498422,330
14.359999999999783,7.665642518890971,5.5957291643198666,7.884078105,5.416232355,28.27246183741481,13.43407724326987,330
14.379999999999782,7.6540541889461675,5.579462046981753,7.793016517,5.397066634,22.93002732116237,11.493654222039282,333
14.399999999999782,7.640591397578626,5.5646717377018895,7.793016517,5.397066634,22.654996759554255,9.507964259726934,333
14.419999999999781,7.627128606211084,5.549881428422026,7.762377591,5.397976176,20.339000368708334,7.5222742974146435,334
14.439999999999781,7.613665814843542,5.535091119142162,7.702513109,5.410522318,15.300728053566514,5.536584335102363,336
14.45999999999978,7.600203023476,5.520300809862298,7.673760215,5.422111822,12.268552384988565,3.550894372789947,337
14.47999999999978,7.586740232108458,5.505510500582434,7.593861471,5.476649444,2.9726631669344408,1.5545568795388263,340
14.49999999999978,7.572099936828287,5.492293063417278,7.575011185838644,5.495244302540753,0.41455015576208654,0.41455015576208654,341
14.51999999999978,7.554116307262325,5.483541545398426,7.571818736656154,5.498839177764935,2.339644337211007,2.339644337211007,342
14.539999999999779,7.5350552394976855,5.481877185872363,7.564493281153148,5.507316199287788,3.890683359075787,3.890683359075787,342
14.559999999999778,7.517515773537409,5.4882949889307655,7.553819940865138,5.519667395101493,4.798145927648342,4.798145927648342,342
14.579999999999778,7.506865093752054,5.505223161310258,7.543661547468029,5.5320834201979725,4.555713460685398,4.555713460685398,343
14.599999999999778,7.5178596553774435,5.521528947515305,7.5397184367859005,5.537485173409602,2.7063027721460036,2.7063027721460036,343
14.619999999999777,7.529465437372843,5.537817158720814,7.5359961693982855,5.542584388581704,0.8085600864172567,0.8085600864172567,343
14.639999999999777,7.541071219368243,5.554105369926321,7.5322739020106715,5.547683603753806,1.0891825993114905,1.0891825993114905,343
14.659999999999776,7.552677001363643,5.570393581131829,7.528551634623057,5.552782818925909,2.9869252850401136,2.9869252850401136,343
14.679999999999776,7.564282783359043,5.5866817923373375,7.523257136713579,5.560425353858658,4.870835907996813,4.870835907996813,344
14.699999999999775,7.575888565354443,5.602970003542845,7.5192342049348095,5.566711178867585,6.726380097339862,6.726380097339862,344
14.719999999999775,7.58751455291798,5.619243230815015,7.5152239476259775,5.572977200035806,8.582818428434127,8.582818428434127,344
14.739999999999775,7.59973086398356,5.6350786892532465,7.511583986140059,5.578664634523376,10.465379899756115,10.465379899756115,344
14.759999999999774,7.61194717504914,5.650914147691478,7.504368037417257,5.59106533449872,12.310626017470154,9.269237743704837,345
14.779999999999774,7.62416348611472,5.66674960612971,7.5005278266250235,5.597968170884506,14.148025350501186,7.949546269783592,345
14.799999999999773,7.636379797180301,5.682585064567942,7.4966876158327915,5.604871007270291,15.985424683532184,6.666594600938458,345
14.819999999999773,7.648596108245881,5.698420523006174,7.492847405040558,5.611773843656078,17.822824016563217,5.488186620585114,345
14.839999999999772,7.660812419311461,5.714255981444405,7.48340658246779,5.6297608180285055,19.6500034572218,4.515895821150127,346
14.859999999999772,7.673028730377041,5.730091439882638,7.479517792960591,5.6379257108926994,21.433852780132646,3.7644493621869217,346
14.879999999999772,7.685245041442621,5.745926898320869,7.475629003453393,5.646090603756893,23.21770210304338,3.121492565066444,346
14.899999999999771,7.697461352508201,5.7617623567591005,7.4667423363489105,5.665677087103016,24.992727634732752,2.783948225633077,347
14.91999999999977,7.709677663573781,5.777597815197333,7.46292786312436,5.674836363157339,26.72926861086869,2.6143738817440383,347
14.93999999999977,7.721893974639362,5.793433273635564,7.459113389899811,5.68399563921166,28.46580958700457,2.6249766249931237,347
14.95999999999977,7.734110285704942,5.809268732073797,7.450870627615954,5.7048582338873555,30.18712574027337,2.7927902191413794,348
14.97999999999977,7.73504787893842,5.82853508261771,7.444730286496284,5.721515448913562,30.941478064172657,1.9433710015992578,348
14.999999999999769,7.733718971229411,5.848490883887037,7.435409500430642,5.747982326408151,31.478645220963458,1.064331759494214,349
15.019999999999769,7.732390063520403,5.868446685156366,7.429235826690408,5.76630579450409,31.98988165830202,0.1857579933342553,349
15.039999999999768,7.731061155811394,5.888402486425694,7.421730917268521,5.789331418949298,32.4808055454146,0.5392706824735283,350
15.059999999999768,7.735594463185109,5.907315360081102,7.416658863490416,5.805167925459711,33.48940357073336,0.5797734914992515,350
15.079999999999767,7.743724530046115,5.925588345957404,7.4116301389943215,5.820966664196826,34.81844064033787,0.15796071492337616,351
15.099999999999767,7.751854596907121,5.943861331833707,7.407127279478444,5.8352598237384505,36.142939966490815,0.3332589174756281,351
15.119999999999767,7.759984663768127,5.962134317710009,7.402624419962567,5.8495529832800734,37.467439292643704,0.8923155791338847,351
15.139999999999766,7.768114730629133,5.980407303586312,7.398447578298889,5.862748878125523,38.793982599607375,1.507184761184021,352
15.159999999999766,7.761982069030611,5.99705902040364,7.393071037756004,5.879641254715577,38.71463298228092,0.7665615704327355,352
15.179999999999765,7.7499581728856715,6.013041070381528,7.387346128583805,5.897628159289116,38.053598347541815,0.5513451559473778,352
15.199999999999765,7.737934276740733,6.029023120359415,7.382453314154254,5.9126093018811625,37.40573377092037,1.8071882823058938,353
15.219999999999764,7.722618090397866,6.041322248842861,7.3773321956360585,5.928247137356058,36.332950603992366,3.3795945089177835,353
15.239999999999764,7.705393443591867,6.051486477412141,7.372816275,5.942036942,35.0123940727447,5.1355046566908165,353
15.259999999999764,7.688168796785868,6.06165070598142,7.368953676722361,5.953430361395092,33.706073022460295,6.864096544129791,354
15.279999999999763,7.670944149979868,6.0718149345507,7.3640873947181085,5.967784324138312,32.40114753408426,8.587937098004545,354
15.299999999999763,7.6537195031738685,6.081979163119979,7.360568123000085,5.978105516514352,31.101039557697273,10.311777651879389,355
15.319999999999762,7.635947850646889,6.091121578642818,7.355707617407307,5.991822796781549,29.731269129538845,12.090180251645451,355
15.339999999999762,7.617938143982955,6.099819306270137,7.3509605492742915,6.005219934751067,28.324208226926036,13.892327979198951,355
15.359999999999761,7.599928437319021,6.108517033897456,7.346213481141275,6.018617072720586,26.91714732431328,15.676225219061891,355
15.379999999999761,7.581918730655087,6.117214761524775,7.342368714,6.029467744,25.511516921568095,17.459510673618336,355
15.39999999999976,7.563909023991153,6.1259124891520935,7.337860093266499,6.04154833575368,24.127873810261576,19.242796128174692,356
15.41999999999976,7.545899317327218,6.1346102167794125,7.332809026019052,6.055082381960621,22.74470240754188,21.026081582731052,356
15.43999999999976,7.537401265729315,6.149292732470164,7.326960316960948,6.070753663843346,22.461918488699588,21.82756903312632,356
15.45999999999976,7.537354231944442,6.169292677165664,7.32154102296008,6.084729760449717,23.17891888238885,21.756431889774202,357
15.479999999999759,7.53730719815957,6.189292621861164,7.314741155827174,6.102083716576241,23.90419133970034,21.653810872476793,357
15.499999999999758,7.537260164374697,6.209292566556664,7.308301963,6.118517195,24.629662210023657,21.535639083483865,357
15.519999999999758,7.5245815968053735,6.222609035522211,7.302981805632482,6.1314500476982525,23.96172541971007,22.696050449572393,358
15.539999999999758,7.508072856735681,6.233898920433551,7.296620353923641,6.1469141988904274,22.86449271849482,22.86449271849482,358
15.559999999999757,7.491564116665987,6.24518880534489,7.290258902214801,6.162378350082603,21.76726001727945,21.76726001727945,358
15.579999999999757,7.475055376596295,6.2564786902562295,7.284923782205629,6.1748536570471,20.69122259121681,20.69122259121681,359
15.599999999999756,7.458546636526601,6.267768575167569,7.27826208042767,6.190370955241067,19.619610785659344,19.619610785659344,359
15.619999999999756,7.441980457765263,6.278973552784075,7.272793294426277,6.202959427528341,18.54789569657086,18.54789569657086,360
15.639999999999755,7.425358537987935,6.290096132651896,7.2658435814242885,6.218427634586842,17.48753698563715,17.48753698563715,360
15.659999999999755,7.4087366182106065,6.301218712519716,7.2588938684223,6.233895841645342,16.42717827470336,16.42717827470336,360
15.679999999999755,7.392114698433279,6.312341292387536,7.251944155420311,6.2493640487038435,15.366819563769651,15.366819563769651,360
15.699999999999754,7.37549277865595,6.323463872255357,7.245899401261866,6.2624271040696655,14.324779417135641,14.324779417135641,361
15.719999999999754,7.35908408566114,6.334895066475602,7.238513865864737,6.278108086278056,13.327392476290791,13.327392476290791,361
15.739999999999753,7.342800552277462,6.346507410792865,7.231081224573366,6.293889083806909,12.349047136300177,12.349047136300177,361
15.759999999999753,7.326517018893785,6.358119755110128,7.224222496204124,6.308151288976909,11.384646230784782,11.384646230784782,362
15.779999999999752,7.310233485510109,6.369732099427391,7.216505971793628,6.323948415494467,10.43119961554896,10.43119961554896,362
15.799999999999752,7.2939499521264315,6.381344443744654,7.209385107762832,6.3384624667253116,9.481601581656578,9.481601581656578,363
15.819999999999752,7.278046010388362,6.3934267184593505,7.201258455195337,6.354488526094201,8.609594332596215,8.609594332596215,363
15.839999999999751,7.263268883164923,6.406903977491597,7.1927995936995925,6.371169713753953,7.901176091329673,7.901176091329673,363
15.85999999999975,7.248491755941483,6.420381236523843,7.184340732203848,6.387850901413706,7.19275785006309,7.19275785006309,363
15.87999999999975,7.233714628718044,6.433858495556089,7.176156538906128,6.403550674855721,6.504996309301196,6.504996309301196,364
15.89999999999975,7.218937501494604,6.447335754588336,7.1673926726479475,6.420194280022023,5.825400434703922,5.825400434703922,364
15.91999999999975,7.204160374271164,6.460813013620582,7.158628806389767,6.436837885188325,5.145804560106726,5.145804560106726,364
15.939999999999749,7.190078265722346,6.4749910671334945,7.149802516861105,6.453176189265676,4.58042011470736,4.58042011470736,365
15.959999999999749,7.176479176260225,6.489656153761306,7.14057643192689,6.470209861516076,4.083093597692425,4.083093597692425,365
15.979999999999748,7.162880086798104,6.5043212403891175,7.13141903863012,6.486795457469219,3.601320061843505,3.601320061843505,366
15.999999999999748,7.149280997335983,6.518986327016929,7.121963759454532,6.503768907097375,3.1269815389282343,3.1269815389282343,366
16.019999999999747,7.135681907873861,6.533651413644741,7.112508480278945,6.520742356725531,2.6526430160129633,2.6526430160129633,366
16.039999999999747,7.122586396964409,6.548739315163922,7.103057394593117,6.537515135467697,2.252474513665103,2.252474513665103,367
16.059999999999746,7.110495823438821,6.564670982742125,7.093172243105574,6.554714356441121,1.9981012057959375,1.9981012057959375,367
16.079999999999746,7.098405249913235,6.580602650320327,7.083287091618031,6.571913577414545,1.7437278979268487,1.7437278979268487,367
16.099999999999746,7.086314676387648,6.596534317898529,7.073477585726571,6.588941470536466,1.49144972327028,1.49144972327028,368
16.119999999999745,7.074224102862061,6.612465985476732,7.063363056512585,6.60604192341305,1.2618672719565465,1.2618672719565465,368
16.139999999999745,7.0621335293364735,6.628397653054934,7.0532485272985985,6.623142376289635,1.0322848206427366,1.0322848206427366,368
16.159999999999744,7.050042955810887,6.644329320633137,7.043133998084612,6.640242829166219,0.8027023693290033,0.8027023693290033,368
16.179999999999744,7.038524953527753,6.660666277319944,7.032890826823482,6.657258011592864,0.6584805159317433,0.6584805159317433,369
16.199999999999743,7.027518288684622,6.6773651793506446,7.02254667719135,6.674357690532897,0.581049996376421,0.581049996376421,369
16.219999999999743,7.01651162384149,6.694064081381346,7.012221518595627,6.691420244949802,0.5039332703577053,0.5039332703577053,370
16.239999999999743,7.005504958998358,6.710762983412047,7.001733585717202,6.708438822696574,0.4430008968068646,0.4430008968068646,370
16.259999999999742,6.994498294155226,6.727461885442748,6.991245652838775,6.725457400443348,0.38206852325597723,0.38206852325597723,370
16.279999999999742,6.983491629312094,6.744160787473449,6.980740569874406,6.7424369566693025,0.3246524398647646,0.3246524398647646,371
16.29999999999974,6.972484964468962,6.760859689504151,6.970123834746619,6.759380191063586,0.27863684611638756,0.27863684611638756,371
16.31999999999974,6.961585592195897,6.777626706962263,6.959506701310809,6.776324061117146,0.2453298495883411,0.2453298495883411,371
16.33999999999974,6.951156602799639,6.79469235023091,6.948850374802959,6.793226551593241,0.27326275302100744,0.27326275302100744,372
16.35999999999974,6.94072761340338,6.811757993499556,6.938123914835864,6.810103127710631,0.3085097568933486,0.3085097568933486,372
16.37999999999974,6.930298624007122,6.8288236367682025,6.927397454868769,6.826979703828022,0.3437567607656897,0.3437567607656897,372
16.39999999999974,6.919863276812494,6.845885388813276,6.91662552566548,6.843801922787581,0.3850177031023195,0.3850177031023195,373
16.41999999999974,6.909411214476973,6.862936910532301,6.905805414867427,6.860616608371686,0.4287842457548547,0.4287842457548547,373
16.43999999999974,6.898959152141452,6.879988432251325,6.894985304069374,6.877431293955789,0.47255078840748604,0.47255078840748604,373
16.459999999999738,6.88850708980593,6.89703995397035,6.884122924249768,6.894191953562733,0.522800286396532,0.522800286396532,374
16.479999999999738,6.878055027470409,6.914091475689375,6.873231488110695,6.9109580534025925,0.5751944643511243,0.5751944643511243,374
16.499999999999737,6.867602965134888,6.9311429974084,6.862323316799804,6.9276830774270595,0.6312347647225577,0.6312347647225577,375
16.519999999999737,6.857129046250042,6.948181037520341,6.851365546552054,6.944404034488718,0.6890840345676109,0.6890840345676109,375
16.539999999999736,6.846581803915118,6.965173850092968,6.840406481819836,6.961126966862754,0.7383215211509396,0.7383215211509396,375
16.559999999999736,6.8360345615801945,6.982166662665593,6.829447417087619,6.977849899236788,0.7875590077342685,0.7875590077342685,375
16.579999999999735,6.825487319245272,6.999159475238219,6.81838756232726,6.9944190474448025,0.8536873195699731,0.8536873195699731,376
16.599999999999735,6.814940076910348,7.016152287810845,6.807287917987325,7.01104302741542,0.9201091129396974,0.9201091129396974,376
16.619999999999735,6.804392834575426,7.033145100383471,6.796295234255165,7.0274603375422116,0.9893819257902453,0.9893819257902453,377
16.639999999999734,6.793513697689511,7.049925005681282,6.784812640087888,7.043816597390297,1.0631136121607332,1.0631136121607332,377
16.659999999999734,6.782465588668781,7.066596516922499,6.773325235344884,7.060179709612109,1.1167876921973248,1.1167876921973248,377
16.679999999999733,6.77141747964805,7.083268028163717,6.762018789043992,7.076162483874478,1.1782365837009636,1.1782365837009636,378
16.699999999999733,6.76036937062732,7.099939539404934,6.7499807121584565,7.092085565275346,1.3023407173659631,1.3023407173659631,378
16.719999999999732,6.749321261606589,7.116611050646151,6.737942635272921,7.108008646676213,1.4264448510308916,1.4264448510308916,378
16.739999999999732,6.738273152585858,7.133282561887368,6.726242107838475,7.123329999346402,1.5614081428165167,1.5614081428165167,379
16.75999999999973,6.727225043565127,7.149954073128585,6.713565315790069,7.1386541986930405,1.772781219292949,1.772781219292949,379
16.77999999999973,6.714753536583314,7.1655148815980265,6.700855720944637,7.1540180513367275,1.8036806413103332,1.8036806413103332,379
16.79999999999973,6.701267770711797,7.180284245797565,6.688537175055891,7.168791297837621,1.71509742744883,1.71509742744883,380
16.81999999999973,6.68778200484028,7.195053609997103,6.675135295620193,7.183636393170838,1.7037960387187499,1.7037960387187499,380
16.83999999999973,6.674296238968763,7.2098229741966415,6.6617334161844965,7.198481488504055,1.6924946499886695,1.6924946499886695,380
16.85999999999973,6.660810473097246,7.22459233839618,6.648440180479933,7.212200664413774,1.75093610255826,1.75093610255826,381
16.87999999999973,6.647324707225729,7.239361702595718,6.634300981829146,7.2263154664117035,1.8434253491115433,1.8434253491115433,381
16.89999999999973,6.633838941354212,7.2541310667952565,6.620161783178359,7.240430268409633,1.935914595664827,1.935914595664827,381
16.919999999999728,6.619694034264968,7.268189753298975,6.606491482,7.254076982,1.932557114411812,1.932557114411812,381
16.939999999999728,6.60395311108038,7.2805276355036685,6.591938198848883,7.267072421927541,1.8038871591920524,1.8038871591920524,382
16.959999999999727,6.5882121878957935,7.292865517708363,6.5770508331681725,7.280366182818062,1.6757362920689276,1.6757362920689276,382
16.979999999999727,6.572471264711206,7.305203399913057,6.562464585862131,7.292632512120391,1.60673844008394,1.60673844008394,383
16.999999999999726,6.556730341526619,7.317541282117751,6.546817319176788,7.305088050278755,1.591700334058003,1.591700334058003,383
17.019999999999726,6.540989418342032,7.3298791643224455,6.531170052491445,7.317543588437119,1.5766622280320801,1.276422432022868,383
17.039999999999726,6.525248495157444,7.342217046527139,6.515522785806103,7.329999126595483,1.561624122006088,0.3050678300454576,383
17.059999999999725,6.509507571972858,7.354554928731833,6.500051843818073,7.341188369348188,1.637301758057092,0.6662867719318651,384
17.079999999999725,6.49376664878827,7.366892810936527,6.48374397896945,7.352724826290296,1.7354702510643065,0.4417882174610545,384
17.099999999999724,6.4764425604377225,7.376875453900339,6.468066895210866,7.363452923149398,1.5821381094971338,1.4243714150201205,385
17.119999999999724,6.459074673737097,7.386792939042965,6.451112239039809,7.374032636227373,1.5040800984462273,1.5040800984462273,385
17.139999999999723,6.4417067870364715,7.396710424185592,6.43415758286875,7.384612349305347,1.4260220873954432,1.4260220873954432,385
17.159999999999723,6.4243335670505095,7.40661843466021,6.417203343367858,7.39519180238095,1.346877926948359,1.346877926948359,385
17.179999999999723,6.406845042184136,7.416321604142302,6.400653201379335,7.404766872534196,1.3109184379181007,1.3109184379181007,386
17.199999999999722,6.389356517317763,7.426024773624396,6.38302663138453,7.414212432936998,1.340144949036818,1.340144949036818,386
17.21999999999972,6.371546201567494,7.435098374975382,6.365412162599107,7.4236515086576285,1.2986808020534444,1.2986808020534444,386
17.23999999999972,6.353438229957853,7.44358962719072,6.348295023959519,7.432359287359208,1.2352048440341359,1.2352048440341359,387
17.25999999999972,6.335330258348214,7.452080879406058,6.330111993482217,7.4406866463547345,1.2532311639899658,1.2532311639899658,387
17.27999999999972,6.316451924342927,7.458006805092469,6.31226332482311,7.448860876261136,1.005944233669132,1.005944233669132,387
17.29999999999972,6.296661752971218,7.460896288969973,6.295002941336924,7.456580226599385,0.46238566613677307,0.46238566613677307,388
17.31999999999972,6.276871581599509,7.463785772847478,6.2767922042716515,7.463579240959975,0.022126043643961573,0.022126043643961573,388
17.33999999999972,6.2570814102278,7.466675256724982,6.258581467206379,7.4705782553205635,0.41813357884885,0.41813357884885,388
17.35999999999972,6.2372912388560895,7.469564740602487,6.240370730141105,7.477577269681154,0.8583932013417443,0.8583932013417443,388
17.37999999999972,6.21750106748438,7.472454224479991,6.221039938170973,7.483727178513819,1.181537550758429,1.181537550758429,389
17.399999999999718,6.197710896112671,7.475343708357496,6.202199406193909,7.489641706873765,1.498597625517267,1.498597625517267,389
17.419999999999717,6.177770540326921,7.475338166959327,6.184049456372718,7.49533944370411,2.0963679498875667,2.0963679498875667,389
17.439999999999717,6.157787612193846,7.474511981006682,6.164162114845982,7.500521238971367,2.6779017605872637,2.6779017605872637,390
17.459999999999717,6.137804684060771,7.473685795054036,6.145502502131299,7.50509444713052,3.233821003563101,3.233821003563101,390
17.479999999999716,6.117821755927696,7.4728596091013895,6.126842889416615,7.509667655289672,3.7897402465388317,2.892070073219347,390
17.499999999999716,6.097844086031811,7.471949702578184,6.1053694921232005,7.514037139999304,4.275493100821269,2.5180046410975794,391
17.519999999999715,6.077914819750571,7.470269123662633,6.086348828052819,7.517438112594173,4.791707433541995,2.1529392970498034,391
17.539999999999715,6.05798555346933,7.468588544747083,6.067328163982438,7.520839085189043,5.307921766262739,1.7878739530021073,391
17.559999999999715,6.03805628718809,7.466907965831532,6.044625182193717,7.5240922904292225,5.7560380135028355,1.422808608954331,392
17.579999999999714,6.01812702090685,7.465227386915981,6.025146008161639,7.52632990799161,6.150434345540696,1.1214413624036879,392
17.599999999999714,5.998197754625609,7.46354680800043,6.005666834129561,7.528567525553997,6.544830677578391,0.8759765629413736,392
17.619999999999713,5.978268488344369,7.46186622908488,5.982331562921766,7.530545246215066,6.879909860594065,0.6347799079003232,393
17.639999999999713,5.95845140087016,7.459268226537502,5.9627367549689705,7.531704481879302,7.256290614146198,0.4029265648055387,393
17.659999999999712,5.938704362173333,7.456097349260473,5.938402684151839,7.532743373816446,7.664661825458147,0.11369274049164596,394
17.679999999999712,5.918957323476505,7.452926471983444,5.91864347102244,7.53266560174206,7.973974741635674,0.175541083822158,394
17.69999999999971,5.899210284779678,7.4497555947064145,5.898884257893043,7.5325878296676745,8.28328765781329,0.36038726686712375,394
17.71999999999971,5.87946324608285,7.446584717429386,5.879125044763644,7.532510057593289,8.592600573990817,0.53732297640869,394
17.73999999999971,5.859716207386024,7.443413840152356,5.8532996957658305,7.531320333200234,8.81403604561985,0.7142586859503449,395
17.75999999999971,5.839969964927455,7.440238059882529,5.833427522229386,7.529869814268195,8.98702116983699,0.8152302859889459,395
17.77999999999971,5.8202343217919665,7.436997012207994,5.813561153062167,7.5284197190113735,9.166592878574429,0.907468841217543,395
17.79999999999971,5.800498678656478,7.433755964533458,5.788257327493749,7.525513705923735,9.257069613724484,0.9997073964461402,396
17.81999999999971,5.780763035520989,7.430514916858922,5.7684419732868335,7.522870150125766,9.317348166914872,1.0526760553048424,396
17.83999999999971,5.7610273923855,7.427273869184386,5.748626619079918,7.520226594327799,9.377626720105258,1.0911310491782966,396
17.859999999999708,5.741291749250012,7.424032821509851,5.724292330731369,7.516049619715038,9.357388194312643,1.1295860430516624,397
17.879999999999708,5.721556106114523,7.420791773835315,5.7046290328261415,7.512416971795663,9.317565514329946,1.1537198532396769,397
17.899999999999707,5.701820462979034,7.417550726160779,5.6849657349209135,7.508784323876286,9.277742834347269,1.168589170669973,397
17.919999999999707,5.682065539402943,7.414429580270442,5.662690260003569,7.504159281582371,9.179771647122768,1.171314384539761,398
17.939999999999706,5.662308729594902,7.411320164536118,5.643172080828501,7.499944733117874,9.06671135655647,1.1727827859774287,398
17.959999999999706,5.64255191978686,7.408210748801793,5.623653901653431,7.495730184653376,8.953651065990185,1.1741711705094229,398
17.979999999999706,5.622795109978819,7.40510133306747,5.6031514254359935,7.491147359371986,8.825980390424379,1.175559555041431,399
17.999999999999705,5.603038300170778,7.401991917333146,5.583698593135264,7.486706418661631,8.689402167901603,1.1769479395733373,399
18.019999999999705,5.583281490362736,7.3988825015988215,5.564280497017428,7.482273754424081,8.552858467129404,1.1917579463449621,400
18.039999999999704,5.563482707235087,7.396077570097999,5.544851310081192,7.47784674512547,8.386493274652624,1.182716089928888,400
18.059999999999704,5.543621480693705,7.3937256176597295,5.5254608804483,7.473428566816179,8.174574915865048,1.1279495233941081,400
18.079999999999703,5.5237602541523225,7.391373665221461,5.506070450815407,7.469010388506886,7.962656557077212,1.0860859783010985,400
18.099999999999703,5.503899027610941,7.389021712783191,5.487131647065277,7.464705410831747,7.751881836475611,0.8044784059285739,401
18.119999999999703,5.484037801069558,7.386669760344922,5.467702962498616,7.4604010737548,7.551909379941206,0.5188983562109858,401
18.139999999999702,5.464176574528175,7.384317807906652,5.448274277931956,7.456096736677853,7.351936923406872,0.2333183064933978,401
18.1599999999997,5.444315347986794,7.3819658554683825,5.429373128621404,7.45197673955202,7.158766520662565,0.004957357960806159,402
18.1799999999997,5.424411738192053,7.3800632958989505,5.409948284541007,7.447830951576524,6.929391493883233,0.25459902668227596,402
18.1999999999997,5.404460995328121,7.378660491858027,5.390580375313818,7.443697315041155,6.6501578791295675,0.46617141773681775,402
18.2199999999997,5.384510252464189,7.377257687817104,5.3712124660866305,7.439563678505786,6.370924264375902,0.6741717016197869,402
18.2399999999997,5.364559509600256,7.375854883776181,5.3526294700934205,7.435718642917882,6.104093299754115,0.833683735924865,403
18.2599999999997,5.344608766736323,7.374452079735257,5.3331719258634935,7.431841016876731,5.851744556436485,0.8050758204140999,403
18.2799999999997,5.3246580238723915,7.373049275694334,5.313714381633567,7.427963390835581,5.599395813119049,0.7987339338812802,403
18.2999999999997,5.304707281008459,7.371646471653411,5.295000107611488,7.424281182320375,5.352235030670785,0.792392047348549,404
18.3199999999997,5.284756538144526,7.370243667612487,5.275455419746426,7.420676646992039,5.128348869327963,0.7860501608157291,404
18.339999999999698,5.264767617268076,7.369770482171751,5.256039615401004,7.417095881048151,4.81235014873388,0.7100049608693262,404
18.359999999999697,5.244769031677774,7.369532628461742,5.237314209335423,7.413824927013988,4.491527676857115,0.6306964858176933,405
18.379999999999697,5.224770446087473,7.369294774751732,5.2178276099071885,7.4105451438114365,4.183056205441284,0.551388010766065,405
18.399999999999697,5.204771860497171,7.3690569210417225,5.198341010478953,7.407265360608886,3.874584734025541,0.4804197042256187,405
18.419999999999696,5.18477327490687,7.368819067331713,5.179642517226243,7.404318394501879,3.586818790950856,0.4347839393044797,406
18.439999999999696,5.164774689316569,7.368581213621703,5.160019465134072,7.401482252713709,3.3242901954545196,0.389148174383344,406
18.459999999999695,5.144776103726267,7.368343359911694,5.140396413041901,7.398646110925538,3.061761599958083,0.36241505326725393,406
18.479999999999695,5.124777518135965,7.368105506201684,5.12077336094973,7.3958099691373675,2.7992330044616462,0.3480628590150252,406
18.499999999999694,5.104778932545664,7.367867652491674,5.101814283738252,7.393534161703315,2.5837160015421627,0.3337106647627982,407
18.519999999999694,5.084781217287122,7.367700049479292,5.082060755930059,7.3912525007195065,2.3709046151584334,0.3223673618238121,407
18.539999999999694,5.06479466236187,7.3684332767427305,5.062420923319821,7.388983972270794,2.0687332445893665,0.24636681346384262,407
18.559999999999693,5.044808107436618,7.369166504006169,5.043135607311743,7.387173594433872,1.8084594613625247,0.17036626510396194,408
18.579999999999693,5.024821552511365,7.369899731269608,5.023387515669081,7.385339389964749,1.5506112416962072,0.09436571674408134,408
18.599999999999692,5.004834997586113,7.370632958533046,5.003919511418411,7.383618742150713,1.3018014099243573,0.02633634217382573,409
18.619999999999692,4.98484844266086,7.371366185796485,4.984083237110364,7.382220302496825,1.0881056422935873,0.020401113887900037,409
18.63999999999969,4.9648618877356085,7.372099413059923,4.964246962802318,7.380821862842938,0.8744098746629061,0.0671385699494482,409
18.65999999999969,4.944882783394447,7.372956585213233,4.944570012565889,7.379732693292231,0.6783322658510779,0.11265487909396732,410
18.67999999999969,4.924952315460994,7.374622852884888,4.924758665102955,7.3788182433618905,0.4199857344683932,0.22963504165598977,410
18.69999999999969,4.905021847527541,7.376289120556543,4.9049875121221325,7.378004521520901,0.17157445580807343,0.17157445580807343,411
18.71999999999969,4.885091379594089,7.377955388228199,4.885098364509035,7.377606421041351,0.03490370847535064,0.03490370847535064,411
18.73999999999969,4.865160911660636,7.379621655899855,4.865209216895938,7.377208320561801,0.24138187275886527,0.24138187275886527,411
18.75999999999969,4.845230443727184,7.381287923571509,4.845192696577216,7.377359760664585,0.39283442658031625,0.39283442658031625,412
18.77999999999969,4.8252999757937305,7.382954191243165,4.8252480585557,7.3775514159651125,0.5403024718131552,0.5403024718131552,412
18.799999999999688,4.805369507860278,7.384620458914821,4.805110652485658,7.378277433754304,0.6348304836089352,0.6348304836089352,413
18.819999999999688,4.785434205249783,7.386227295802174,4.784894106302625,7.379345447515764,0.6903009684904429,0.6903009684904429,414
18.839999999999687,4.7654964753070805,7.3878042944489275,4.764955420665272,7.380910268864953,0.6915224427155126,0.6915224427155126,414
18.859999999999687,4.745558745364377,7.389381293095681,4.74477160189793,7.38267266671726,0.6754647490581204,0.6754647490581204,415
18.879999999999686,4.725620461953458,7.390950520831984,4.724922460171567,7.385001626677642,0.5989703510782843,0.5989703510782843,415
18.899999999999686,4.705660484803369,7.392215159977318,4.7050251609353735,7.387606261788782,0.4652480943489895,0.4652480943489895,416
18.919999999999686,4.68570050765328,7.393479799122652,4.685256477790965,7.390534748420588,0.29783361389124346,0.29783361389124346,417
18.939999999999685,4.665740530503191,7.394744438267986,4.6655482300345525,7.39354590402032,0.121386317724245,0.121386317724245,418
18.959999999999685,4.645780553353101,7.3960090774133205,4.645891373323522,7.396699775313406,0.06995317398281417,0.06995317398281417,418
18.979999999999684,4.6258205762030125,7.397273716558654,4.626210159676581,7.399779545323711,0.2535932389213791,0.2535932389213791,419
18.999999999999684,4.605871644035348,7.398701786074581,4.606385459284186,7.402490456578086,0.38233532787414126,0.38233532787414126,420
19.019999999999683,4.585923009414388,7.400134258328905,4.586397919719249,7.404696852794676,0.45872440589907254,0.33884584883424956,421
19.039999999999683,4.565974374793428,7.401566730583229,4.566194042185052,7.406087865555891,0.4526468292606255,0.2419700089370059,423
19.059999999999683,4.546009236941369,7.4027292388415855,4.546091230717494,7.406782853538814,0.40544438697442475,0.17192983137875928,424
19.079999999999682,4.5260346588734635,7.40373732167999,4.52597839923174,7.40667999995325,0.2943216024556674,0.11712499629115113,426
19.09999999999968,4.506065472222979,7.404843861064961,4.506025249873027,7.406142147427869,0.12989092799530552,0.052218461349033816,428
19.11999999999968,4.4860978003994445,7.405969797923569,4.486102733068847,7.405646709454852,0.03231261206481223,0.015004651588979952,431
19.13999999999968,4.466128909824525,7.407039954134888,4.466096204194484,7.405764170092065,0.1276203189996239,0.07728749400019379,435
19.15999999999968,4.447842650994594,7.407563601575488,4.4559659,7.40612793,0.824914100234028,0.08974283138886278,438
19.17999999999968,4.4284061021147245,7.408271219030023,4.4559659,7.40612793,2.7643012631466903,0.12228416211585097,438
19.18221948711391,4.426192190294476,7.408410943706583,4.4559659,7.40612793,2.9861110850289365,0.1333216224161572,438
