robot_distance_meters,robot_x_meters,robot_y_meters,matched_gui_x_meters,matched_gui_y_meters,deviation_cm,nearest_curve_lower_bound_cm,gui_segment_index
0,4.42627,7.40708,4.431068448860526,7.40695798142392,0.47999999999997456,0,0
0.02,4.442301445611534,7.399252508330774,4.4424900007705315,7.406667545589093,0.7417434232283036,0.6452497614926573,1
0.04,4.460384735631415,7.391287889467473,4.460764004760393,7.4062028604354255,1.4919792359381467,1.2869197758712216,2
0.06,4.480384499841185,7.3911907732815125,4.48075331299661,7.405694557231891,1.4508472422101475,1.1285165401725454,3
0.08,4.500384264050956,7.391093657095552,4.500742621232826,7.405186254028356,1.4097152484820574,0.9701133044738618,4
0.1,4.520384028260726,7.390996540909591,4.520731929469043,7.404677950824821,1.3685832547539694,0.8117100687751783,4
0.12000000000000001,4.5403837924704975,7.3908994247236315,4.5407212377052595,7.404169647621287,1.3274512610258788,0.6533068330763251,5
0.14,4.560383556680268,7.390802308537671,4.560710545941475,7.403661344417752,1.2863192672977883,0.49490359737764156,6
0.16,4.580383320890038,7.39070519235171,4.580699854177691,7.4031530412142175,1.245187273569787,0.33650036167896535,6
0.18,4.600383085099809,7.3906080761657496,4.600689162413908,7.402644738010683,1.2040552798417876,0.17809712598028174,7
0.19999999999999998,4.620382827951652,7.390552506060498,4.620677393523621,7.4021364621971335,1.1587700749142849,0.015554159556686575,7
0.21999999999999997,4.640382481739933,7.390670185068489,4.640661132965084,7.401628300601111,1.0961657836822547,0.15504750763118513,7
0.23999999999999996,4.660382135528214,7.390787864076479,4.660644872406547,7.401120139005088,1.0335614924502243,0.34405751747225194,8
0.25999999999999995,4.680381807967752,7.390745660236518,4.680632693481618,7.4006118736182085,0.9869402719218643,0.5079317900571625,8
0.27999999999999997,4.700381488667571,7.39063264738209,4.700622322233104,7.40010356226437,0.947397643619996,0.6647502808816372,9
0.3,4.720381169367391,7.390519634527663,4.7206119509845905,7.399595250910532,0.9078550153182164,0.8215687717061122,9
0.32,4.74038085006721,7.390406621673235,4.740601579736078,7.399086939556693,0.8683123870163505,0.8683123870163505,9
0.34,4.76038053076703,7.390293608818807,4.760591208487564,7.398578628202855,0.828769758714571,0.828769758714571,10
0.36000000000000004,4.78038021146685,7.390180595964379,4.780580837239051,7.398070316849015,0.789227130412614,0.789227130412614,10
0.38000000000000006,4.80037989216667,7.390067583109952,4.800570465990538,7.3975620054951765,0.749684502110748,0.749684502110748,11
0.4000000000000001,4.820379572866489,7.389954570255523,4.820560094742024,7.397053694141338,0.7101418738089684,0.7101418738089684,11
0.4200000000000001,4.840379198194379,7.38983223801781,4.84054990498453,7.396545378172409,0.6715310234344163,0.6715310234344163,11
0.4400000000000001,4.860378809772265,7.389707591583091,4.860539760295039,7.396037061057457,0.633151552929485,0.633151552929485,11
0.46000000000000013,4.880378421350151,7.389582945148372,4.880529615605545,7.395528743942505,0.5947720824246401,0.5947720824246401,12
0.48000000000000015,4.900377923882196,7.389444943781897,4.900519701320503,7.395020420968654,0.5577279507256361,0.5577279507256361,12
0.5000000000000001,4.920376904255871,7.389242993259766,4.920510890311042,7.39451206993988,0.5270779954039198,0.5270779954039198,12
0.5200000000000001,4.940375884629545,7.389041042737635,4.940502079301581,7.394003718911106,0.49642804008220565,0.49642804008220565,13
0.5400000000000001,4.960374865003219,7.3888390922155045,4.960493268292119,7.393495367882332,0.4657780847604894,0.4657780847604894,13
0.5600000000000002,4.980373845376894,7.388637141693374,4.980484457282658,7.392987016853558,0.4351281294387729,0.4351281294387729,13
0.5800000000000002,5.000372825750568,7.388435191171243,5.000475646273196,7.392478665824784,0.40447817411705655,0.40447817411705655,13
0.6000000000000002,5.020371806124243,7.388233240649113,5.0204668352637345,7.391970314796011,0.3738282187953403,0.3738282187953403,14
0.6200000000000002,5.040370786497917,7.388031290126982,5.0404580242542725,7.391461963767237,0.3431782634736239,0.3431782634736239,14
0.6400000000000002,5.060369841614465,7.3878384081799755,5.060449057485835,7.39095361669922,0.3116215536937699,0.3116215536937699,14
0.6600000000000003,5.08036943382403,7.387710691888472,5.080438971452726,7.390445298092709,0.2735490188989467,0.2735490188989467,15
0.6800000000000003,5.1003690260335945,7.387582975596969,5.100428885419617,7.3899369794861975,0.2354764841040346,0.2354764841040346,15
0.7000000000000003,5.12036861824316,7.387455259305465,5.120418799386508,7.389428660879687,0.19740394930921132,0.19740394930921132,15
0.7200000000000003,5.140368210452724,7.387327543013961,5.140408713353398,7.388920342273176,0.15933141451447683,0.15933141451447683,15
0.7400000000000003,5.1603678026622894,7.3871998267224575,5.160398627320291,7.388412023666665,0.12125887971965578,0.12125887971965578,16
0.7600000000000003,5.180367394871854,7.387072110430954,5.180388541287181,7.387903705060154,0.0831863449248325,0.0831863449248325,16
0.7800000000000004,5.20036467934031,7.3867826664437,5.200380258880504,7.38739534058967,0.0612872198106727,0.0612872198106727,16
0.8000000000000004,5.220359772958618,7.386339686540001,5.2203736887435515,7.3868869325782995,0.0547422940242226,0.0547422940242226,16
0.8200000000000004,5.240354866576927,7.385896706636302,5.2403671186066,7.38637852456693,0.048197368237863525,0.048197368237863525,17
0.8400000000000004,5.260349960195235,7.385453726732603,5.260360548469648,7.38587011655556,0.04165244245141341,0.04165244245141341,17
0.8600000000000004,5.2803450538135435,7.385010746828904,5.280353978332696,7.38536170854419,0.03510751666505209,0.03510751666505209,17
0.8800000000000004,5.300340147431852,7.384567766925205,5.300347408195744,7.3848533005328205,0.028562590878693016,0.028562590878693016,18
0.9000000000000005,5.32033524105016,7.384124787021506,5.320340838058792,7.38434489252145,0.022017665092242907,0.022017665092242907,18
0.9200000000000005,5.340330334668469,7.3836818071178065,5.34033426792184,7.383836484510081,0.015472739305881587,0.015472739305881587,18
0.9400000000000005,5.360325428286777,7.3832388272141065,5.3603276977848875,7.383328076498711,0.008927813519609052,0.008927813519609052,18
0.9600000000000005,5.380320521905086,7.382795847310407,5.380321127647936,7.3828196684873415,0.002382887733249987,0.002382887733249987,19
0.9800000000000005,5.400315615523394,7.382352867406708,5.400314557510984,7.382311260475971,0.004162038053200126,0.004162038053200126,19
1.0000000000000004,5.420310709141702,7.381909887503009,5.420307987374032,7.3818028524646015,0.010706963839561448,0.010706963839561448,19
1.0200000000000005,5.440305802760011,7.38146690759931,5.44030141723708,7.381294444453231,0.017251889626009306,0.017251889626009306,20
1.0400000000000005,5.460300896378319,7.381023927695611,5.460294847100128,7.380786036441862,0.02379681541237063,0.02379681541237063,20
1.0600000000000005,5.480295989996628,7.380580947791912,5.480288276963176,7.380277628430492,0.030341741198731946,0.030341741198731946,20
1.0800000000000005,5.5002951631199695,7.380400594745431,5.500279109736822,7.37976928645987,0.06315123613433418,0.06315123613433418,20
1.1000000000000005,5.520294368598187,7.38022232461327,5.520269921912747,7.379260945013022,0.09616903743943125,0.09616903743943125,21
1.1200000000000006,5.540293574076405,7.38004405448111,5.5402607340886725,7.378752603566174,0.12918683874461487,0.12918683874461487,21
1.1400000000000006,5.560292779554623,7.379865784348949,5.560251546264597,7.378244262119327,0.16220464004971194,0.16220464004971194,21
1.1600000000000006,5.580291985032841,7.379687514216788,5.580242358440523,7.37773592067248,0.19522244135471795,0.19522244135471795,21
1.1800000000000006,5.600291190511059,7.379509244084628,5.600233170616447,7.377227579225631,0.22824024265999263,0.22824024265999263,22
1.2000000000000006,5.620290395989277,7.379330973952467,5.620223982792372,7.376719237778784,0.26125804396508967,0.26125804396508967,22
1.2200000000000006,5.640289601467495,7.3791527038203055,5.640214794968298,7.376210896331936,0.29427584527018447,0.29427584527018447,22
1.2400000000000007,5.660286790953864,7.3788234987403865,5.660207428062599,7.375702508581402,0.3121999045641405,0.3121999045641405,23
1.2600000000000007,5.6802836232874645,7.3784675540510225,5.680200383750488,7.3751941126277165,0.32744995911332064,0.32744995911332064,23
1.2800000000000007,5.700280455621065,7.378111609361659,5.700193339438378,7.37468571667403,0.3427000136626761,0.3427000136626761,23
1.3000000000000007,5.720277287954665,7.377755664672296,5.720186295126267,7.374177320720344,0.3579500682119451,0.3579500682119451,23
1.3200000000000007,5.740274120288265,7.377399719982932,5.7401792508141565,7.373668924766657,0.373200122761214,0.373200122761214,24
1.3400000000000007,5.760270952621865,7.377043775293569,5.7601722065020455,7.373160528812972,0.388450177310483,0.388450177310483,24
1.3600000000000008,5.780267784955465,7.376687830604205,5.780165162189935,7.372652132859285,0.4037002318597518,0.4037002318597518,24
1.3800000000000008,5.800260758934037,7.3761980262531,5.800157663700897,7.372143748454752,0.40555883781854274,0.40555883781854274,24
1.4000000000000008,5.820244893849653,7.375401564280065,5.82014912474295,7.371635390508047,0.37673912197753345,0.37673912197753345,25
1.4200000000000008,5.840229028765267,7.374605102307032,5.840140585785003,7.3711270325613425,0.3479194061365219,0.3479194061365219,25
1.4400000000000008,5.860213163680883,7.373808640333999,5.860132046827055,7.370618674614637,0.31909969029560137,0.31909969029560137,25
1.4600000000000009,5.8801972985964985,7.373012178360964,5.880123507869108,7.370110316667932,0.2902799744545921,0.2902799744545921,26
1.4800000000000009,5.900181433512113,7.372215716387931,5.9001149689111605,7.369601958721227,0.26146025861366934,0.26146025861366934,26
1.5000000000000009,5.920165568427729,7.3714192544148975,5.920106429953213,7.369093600774523,0.23264054277266008,0.23264054277266008,26
1.520000000000001,5.940149323066865,7.37061384003884,5.94009773846587,7.36858524670645,0.2029249092466279,0.2029249092466279,26
1.540000000000001,5.960129013004334,7.369712735160038,5.960087416621348,7.3680769340963295,0.16363298503385365,0.16363298503385365,27
1.560000000000001,5.980108702941802,7.368811630281236,5.980077094776823,7.367568621486209,0.12434106082099285,0.12434106082099285,27
1.580000000000001,6.000088392879271,7.367910525402434,6.000066772932301,7.367060308876089,0.08504913660804105,0.08504913660804105,27
1.600000000000001,6.02006808281674,7.367009420523632,6.020056451087778,7.366551996265968,0.045757212395266825,0.045757212395266825,27
1.620000000000001,6.0400477727542095,7.36610831564483,6.0400461292432555,7.366043683655847,0.006465288182403803,0.006465288182403803,28
1.640000000000001,6.060027462691679,7.365207210766028,6.060035807398733,7.365535371045726,0.032826636030459225,0.032826636030459225,28
1.660000000000001,6.080007152629148,7.364306105887226,6.08002548555421,7.365027058435606,0.07211856024332224,0.07211856024332224,28
1.680000000000001,6.098697382792521,7.358061681119873,6.098862323354452,7.364548061119382,0.6488476777102627,0.6488476777102627,29
1.700000000000001,6.116889030527849,7.349751208649927,6.1172534039818,7.36408039885269,1.4333822235569287,1.4333822235569287,29
1.720000000000001,6.1350806782631775,7.341440736179981,6.1356444846091485,7.363612736585998,2.2179167694035966,2.2179167694035966,29
1.740000000000001,6.153272325998506,7.333130263710036,6.154035565236497,7.363145074319307,3.0024513152503545,3.0024513152503545,29
1.7600000000000011,6.171463973733834,7.32481979124009,6.173874089156895,7.362354921056321,3.7612426492766584,3.7612426492766584,30
1.7800000000000011,6.1896556214691625,7.316509318770144,6.192522464089674,7.361157516484642,4.47401424423711,4.47401424423711,30
1.8000000000000012,6.207847269204491,7.308198846300199,6.211170839022452,7.359960111912963,5.186785839197555,5.131195104674663,30
1.8200000000000012,6.226038916939819,7.299888373830253,6.22981921395523,7.358762707341285,5.899557434158006,4.515695389754304,30
1.8400000000000012,6.2442305646751475,7.291577901360308,6.2512985825206915,7.356670246948454,6.547495956800206,3.9110802742736657,31
1.8600000000000012,6.262422212410476,7.283267428890363,6.270170112090957,7.354621091912326,7.177308113847864,3.3064651587929386,31
1.8800000000000012,6.280613860145804,7.274956956420417,6.289041641661223,7.352571936876197,7.807120270895522,2.7018500433121337,31
1.9000000000000012,6.2988055078811325,7.266646483950471,6.312022042978715,7.349459014038304,8.386055055587127,2.151092071896153,32
1.9200000000000013,6.316997155616461,7.258336011480526,6.331055216768378,7.346421398726434,8.920013749772314,1.6202290278258646,32
1.9400000000000013,6.336578890260134,7.25636269859713,6.350457686889999,7.343324845257168,8.806268192381598,1.7371294511192876,32
1.9600000000000013,6.356578777943126,7.256295671231458,6.374577926230017,7.338651917332224,8.43001815588998,2.048884067349135,33
1.9800000000000013,6.376578665626116,7.256228643865785,6.393680047869016,7.334477104415741,8.009543590652193,2.4372858027915942,33
2.0000000000000013,6.396578553309107,7.256161616500113,6.4127821695080165,7.330302291499256,7.58906902541425,2.830949423217843,33
2.0200000000000014,6.416578440992098,7.256094589134441,6.43605620786724,7.323932879074753,7.057915403621785,3.2246130436441103,34
2.0400000000000014,6.436578328675089,7.256027561768769,6.454550688629041,7.318622733652867,6.512419877061217,3.648097381350261,34
2.0600000000000014,6.45657821635808,7.255960534403097,6.477029491133842,7.311616686110155,5.9294703496963415,4.130139235680703,35
2.0800000000000014,6.476578104041071,7.255893507037425,6.494671848013035,7.305133868359342,5.245947725660238,4.606681150708024,35
2.1000000000000014,6.4965779247251465,7.255810615501647,6.5123192817938484,7.298649185062551,4.563916480818615,3.9064782525053383,35
2.1200000000000014,6.516577665120606,7.255708713027619,6.532430391141277,7.289991840525958,3.7770911471048487,3.208056199443219,36
2.1400000000000015,6.5365774055160655,7.255606810553591,6.548945913349633,7.282354962919909,2.9469367842571677,2.448732691573452,36
2.1600000000000015,6.556577145911525,7.255504908079562,6.566396271144709,7.27414121310455,2.1064830531702294,1.6425867036373296,37
2.1800000000000015,6.576576886306985,7.255403005605533,6.5820923932103845,7.265871216019208,1.1832338976990369,0.8364407157012878,37
2.2000000000000015,6.596576626702445,7.2553011031315044,6.597788515276061,7.257601218933866,0.259984742227964,0.03029472776516496,37
2.2200000000000015,6.616576367097905,7.255199200657476,6.613484637341738,7.249331221848523,0.663264413243187,0.663264413243187,38
2.2400000000000015,6.636576107493365,7.255097298183448,6.629180759407414,7.241061224763181,1.5865135687144583,1.5865135687144583,38
2.2600000000000016,6.656550708887781,7.254199466732888,6.645185444407237,7.232628651561563,2.438174119844938,2.438174119844938,38
2.2800000000000016,6.6765170170559625,7.253039062435587,6.6612919227207925,7.224142445341268,3.266217961206011,3.266217961206011,39
2.3000000000000016,6.696483325224144,7.251878658138285,6.677398401034349,7.215656239120975,4.094261802566885,4.094261802566885,39
2.3200000000000016,6.716449633392326,7.250718253840984,6.693504879347905,7.20717003290068,4.922305643927958,4.922305643927958,40
2.3400000000000016,6.736415941560508,7.249557849543682,6.709611357661461,7.198683826680386,5.750349485288832,5.750349485288832,40
2.3600000000000017,6.755581053825956,7.245134403874459,6.7264363999952375,7.1898190223370655,6.252361379143003,6.252361379143003,40
2.3800000000000017,6.773814227519038,7.236915439397233,6.744097264785011,7.180513838564608,6.375137998991311,6.375137998991311,41
2.4000000000000017,6.792047401212121,7.228696474920007,6.761758129574784,7.17120865479215,6.497914618839738,6.497914618839738,41
2.4200000000000017,6.810280574905202,7.22047751044278,6.7794189943645575,7.161903471019692,6.620691238688126,6.620691238688126,42
2.4400000000000017,6.828513748598284,7.212258545965554,6.79707985915433,7.152598287247234,6.743467858536553,6.743467858536553,42
2.4600000000000017,6.8467469222913655,7.204039581488328,6.814740723944103,7.143293103474777,6.8662444783848615,6.8662444783848615,42
2.4800000000000018,6.864980095984447,7.195820617011101,6.832401588733877,7.133987919702319,6.9890210982332475,6.9890210982332475,43
2.5000000000000018,6.88321326967753,7.187601652533875,6.85006245352365,7.124682735929861,7.111797718081675,7.111797718081675,43
2.520000000000002,6.901421941218612,7.179331049075844,6.86772543592872,7.115376436424978,7.228863636889309,7.228863636889309,44
2.540000000000002,6.919320117829921,7.17040606874027,6.885415253071118,7.106055998192163,7.273562699158558,7.273562699158558,44
2.560000000000002,6.93721829444123,7.161481088404695,6.903105070213517,7.096735559959347,7.318261761427807,7.318261761427807,44
2.580000000000002,6.955116471052539,7.1525561080691205,6.920794887355915,7.087415121726531,7.362960823697056,7.362960823697056,45
2.600000000000002,6.973014647663848,7.1436311277335465,6.938484704498313,7.078094683493715,7.407659885966425,7.407659885966425,45
2.620000000000002,6.990912824275157,7.134706147397972,6.956174521640712,7.068774245260899,7.452358948235674,7.452358948235674,46
2.640000000000002,7.008811000886466,7.125781167062398,6.97386433878311,7.059453807028084,7.497058010504923,7.497058010504923,46
2.660000000000002,7.026709177497775,7.116856186726823,6.991554155925509,7.050133368795268,7.541757072774173,7.541757072774173,46
2.680000000000002,7.043705302807688,7.106324836940779,7.009200387675165,7.040835894901633,7.402290657431135,7.402290657431135,47
2.700000000000002,7.060642322146226,7.095688231470705,7.026843763537388,7.031539925722388,7.250756991111029,7.250756991111029,47
2.720000000000002,7.077579341484763,7.085051626000631,7.044487139399613,7.022243956543144,7.0992233247908025,7.0992233247908025,48
2.740000000000002,7.094516360823301,7.074415020530556,7.0621305152618365,7.0129479873639,6.947689658470539,6.947689658470539,48
2.760000000000002,7.111453380161838,7.063778415060482,7.07977389112406,7.003652018184654,6.796155992150432,6.796155992150432,49
2.780000000000002,7.128390399500375,7.053141809590407,7.097417266986284,6.99435604900541,6.644622325830129,6.644622325830129,49
2.800000000000002,7.145327418838912,7.042505204120333,7.115060642848507,6.985060079826166,6.4930886595099855,6.4930886595099855,49
2.820000000000002,7.162264438177449,7.031868598650259,7.13270401871073,6.975764110646922,6.341554993189802,6.341554993189802,50
2.840000000000002,7.179201457515987,7.0212319931801845,7.150347394572954,6.9664681414676775,6.190021326869538,6.190021326869538,50
2.860000000000002,7.195403228874401,7.009527862718764,7.167855526072891,6.957243430047338,5.909769732750323,5.909769732750323,51
2.880000000000002,7.211379229288118,6.997495929757643,7.185322128390481,6.948040599586866,5.589993013850937,5.589993013850937,51
2.900000000000002,7.227355229701835,6.985463996796521,7.202788730708069,6.938837769126395,5.270216294951393,5.270216294951393,51
2.920000000000002,7.243331230115551,6.9734320638354,7.220255333025658,6.929634938665923,4.9504395760520055,4.9504395760520055,52
2.940000000000002,7.259307230529268,6.961400130874278,7.237721935343247,6.920432108205451,4.630662857152541,4.630662857152541,52
2.960000000000002,7.275283230942985,6.949368197913157,7.255188537660836,6.911229277744979,4.310886138253112,4.310886138253112,53
2.980000000000002,7.291259231356701,6.937336264952035,7.272655139978425,6.9020264472845065,3.991109419353647,3.991109419353647,53
3.000000000000002,7.307235231770418,6.9253043319909136,7.290121742296014,6.892823616824034,3.67133270045426,3.67133270045426,53
3.0200000000000022,7.323329189404409,6.913430913592928,7.307615300397615,6.8836065838583655,3.3710783910104354,3.3710783910104354,54
3.0400000000000023,7.339442674922138,6.901583737369459,7.325113321044324,6.874387199660024,3.074056027362439,3.074056027362439,54
3.0600000000000023,7.355556160439867,6.88973656114599,7.3426113416910335,6.865167815461682,2.777033663714521,2.777033663714521,55
3.0800000000000023,7.3716696459575966,6.877889384922521,7.360109362337743,6.855948431263339,2.480011300066603,2.480011300066603,55
3.1000000000000023,7.3877831314753255,6.866042208699052,7.377607382984452,6.846729047064998,2.182988936418606,2.182988936418606,55
3.1200000000000023,7.404201524844144,6.854626933991163,7.3951659442228825,6.837477765145997,1.9383903354157757,1.9383903354157757,56
3.1400000000000023,7.420759400191342,6.843409235297285,7.412752200128654,6.828211891417807,1.7177733081958728,1.7177733081958728,56
3.1600000000000024,7.437317275538541,6.832191536603407,7.428582255648655,6.818846456037444,1.594966293652453,1.5222348999447006,57
3.1800000000000024,7.453875150885739,6.820973837909528,7.4453141407891845,6.807894603871742,1.5631930683331396,1.3004382453102739,57
3.2000000000000024,7.4704330262329375,6.80975613921565,7.4606726321287375,6.797684529063016,1.5523822491463726,1.078641590676046,58
3.2200000000000024,7.4869909015801355,6.798538440521772,7.4761695448550025,6.785154636721045,1.7211274373181178,0.9442852231936718,58
3.2400000000000024,7.503548776927334,6.787320741827894,7.491666457581268,6.7726247443790735,1.8898726254899325,0.8328878939328364,58
3.2600000000000025,7.520051428778129,6.776022208734629,7.50449175393519,6.760444999585668,2.201710530674885,0.7117182483271322,59
3.2800000000000025,7.536521629166973,6.76467617422246,7.518409142750465,6.746543276718777,2.562936082049816,0.584806011746839,59
3.3000000000000025,7.552991829555818,6.753330139710292,7.529661285775163,6.73453703242115,2.995822349009222,0.5500397047193111,60
3.3200000000000025,7.569462029944662,6.741984105198124,7.541685492686738,6.719609682650723,3.5667223137925226,0.5376818163461355,60
3.3400000000000025,7.5859322303335075,6.7306380706859565,7.553709699598315,6.704682332880296,4.137622278575754,0.5253239279730335,60
3.3600000000000025,7.602402430722352,6.719292036173789,7.561285164484628,6.692986116433306,4.8812201305170975,0.5129660395999315,61
3.3800000000000026,7.618872631111196,6.707946001661621,7.571219386356563,6.6774585070737915,5.657136255993728,0.6088981061119332,61
3.4000000000000026,7.635342831500041,6.696599967149453,7.577911734958099,6.666998082883355,6.461116313852664,0.7148215317556723,61
3.4200000000000026,7.651813031888885,6.685253932637285,7.585268616989107,6.652191128968071,7.430550545432546,0.8207449573993031,62
3.4400000000000026,7.66828323227773,6.673907898125117,7.59305070449776,6.6365283780065,8.400691495622258,0.9380758910949315,62
3.4600000000000026,7.682638757365916,6.660014184236949,7.59770979773323,6.627151174656789,9.10653917959839,0.8344003060598886,62
3.4800000000000026,7.696823832955012,6.645915119355488,7.603612690419823,6.611269798519765,9.944151722759214,0.7040451653563251,63
3.5000000000000027,7.711008908544107,6.631816054474027,7.609938839391263,6.594249676920324,10.782574646654709,0.5736900246527032,63
3.5200000000000027,7.7251939841332025,6.617716989592566,7.613504875540512,6.584655472110692,11.647970173568483,0.485981711281639,63
3.5400000000000027,7.738012188246059,6.602503258073611,7.617065822672885,6.570989113220974,12.498465774307235,0.3053142337460583,64
3.5600000000000027,7.748969117367516,6.585771680018109,7.621844886626217,6.552647812236918,13.136879636486315,0.11415114339767753,64
3.5800000000000027,7.759926046488973,6.569040101962607,7.6252483032868685,6.539586030692098,13.786093293032712,0.5336165205414758,64
3.6000000000000028,7.77088297561043,6.5523085239071035,7.626921210965078,6.529175270864911,14.580856310970875,0.8742045522643307,65
3.6200000000000028,7.7818399047318865,6.535576945851601,7.629817937925154,6.511148496847969,15.397216473281928,1.1675248038917476,65
3.640000000000003,7.792796833853344,6.518845367796099,7.63271466488523,6.493121722831027,16.21357663559298,1.4608450555191639,65
3.660000000000003,7.8037537629748,6.502113789740596,7.635113536179468,6.477062802282139,17.04906978876699,1.750428760856142,66
3.680000000000003,7.811788823944552,6.484024165104033,7.637916154403043,6.458195914354945,17.578055566600206,2.227566057712362,66
3.700000000000003,7.817515100063773,6.46486144708684,7.640824889667873,6.438614659302146,17.862901309351198,2.952805849802085,67
3.720000000000003,7.823241376182994,6.445698729069648,7.643733624932703,6.419033404249346,18.14774705210229,3.678045641891629,67
3.740000000000003,7.828967652302215,6.426536011052455,7.646642360197533,6.399452149196546,18.43259279485328,4.357424791682414,67
3.760000000000003,7.834693928421436,6.4073732930352625,7.649551095462364,6.379870894143746,18.717438537604185,4.956615246287685,68
3.780000000000003,7.840420204540657,6.38821057501807,7.652459830727194,6.360289639090946,19.00228428035519,5.555805700892954,68
3.800000000000003,7.846146480659879,6.3690478570008775,7.655368565992024,6.340708384038146,19.287130023106265,6.154996155498101,69
3.820000000000003,7.8518727567791,6.349885138983685,7.658277301256854,6.321127128985347,19.571975765857257,6.638453547772135,69
3.840000000000003,7.857599032898321,6.3307224209664925,7.661186036521684,6.301545873932547,19.856821508608267,7.106671022898185,69
3.860000000000003,7.86152442781585,6.311190052243418,7.664109616119178,6.281864688622264,19.95810232180037,7.749152338322553,70
3.880000000000003,7.863809840405358,6.291321059080811,7.6670467137894995,6.262092501275781,19.89221872668059,8.482489263617534,70
3.900000000000003,7.866095252994866,6.271452065918204,7.669983811459821,6.242320313929294,19.826335131560857,9.155412573387995,71
3.920000000000003,7.8683806655843735,6.251583072755598,7.672920909130142,6.222548126582813,19.760451536441145,9.828335883158495,71
3.940000000000003,7.867136382917994,6.231764287743848,7.675774504193822,6.203338068715075,19.34616720622363,10.79337534766436,72
3.960000000000003,7.864286756339596,6.211968337946891,7.678590121360973,6.184383673467205,18.773426420566114,11.805687452945499,72
3.980000000000003,7.861437129761198,6.192172388149933,7.681405738528123,6.165429278219335,18.20068563490851,12.817999558226637,72
4.000000000000003,7.8585875031828,6.172376438352975,7.684221355695273,6.146474882971463,17.627944849251037,13.830311663507771,73
4.020000000000002,7.855737876604403,6.152580488556017,7.687036972862424,6.127520487723593,17.055204063593436,14.745948600022512,73
4.040000000000002,7.852888250026004,6.13278453875906,7.689852590029574,6.108566092475726,16.482463277935867,15.633796346639862,74
4.060000000000001,7.850038623447607,6.112988588962102,7.692668207196724,6.0896116972278564,15.909722492278355,15.909722492278355,74
4.080000000000001,7.8471889968692095,6.093192639165144,7.695483824363874,6.0706573019799865,15.33698170662084,15.33698170662084,74
4.1000000000000005,7.841447416157985,6.0740452771898665,7.6974324412364865,6.05669774873897,14.505602278083632,14.505602278083632,75
4.12,7.835569936887002,6.054928393620123,7.699618197091436,6.0385521336142585,13.693450056585846,13.693450056585846,75
4.14,7.829692457616019,6.035811510050379,7.701803952946384,6.020406518489547,12.881297835088148,12.881297835088148,75
4.159999999999999,7.823814978345036,6.016694626480635,7.703126609115503,6.00621994959117,12.114207082274385,12.114207082274385,76
4.179999999999999,7.817937499074053,5.99757774291089,7.704729437675092,5.987752290201511,11.363364240688192,11.363364240688192,76
4.199999999999998,7.81206001980307,5.978460859341146,7.705745937656401,5.973640504309738,10.642330517944632,10.642330517944632,77
4.219999999999998,7.806182540532087,5.959343975771402,7.706598874313142,5.954828782517489,9.968597467912126,9.968597467912126,77
4.2399999999999975,7.79998628861564,5.940354668570312,7.707063687978809,5.941043735262193,9.292515548557317,9.292515548557317,78
4.259999999999997,7.791051822246705,5.922461225338157,7.706930515336026,5.923085026117219,8.412361977335836,8.412361977335836,78
4.279999999999997,7.782117355877769,5.904567782106003,7.706589267426993,5.910417999521258,7.575432125518715,7.575432125518715,79
4.299999999999996,7.773182889508834,5.886674338873848,7.705158267640034,5.891943356476251,6.822837918995066,6.822837918995066,79
4.319999999999996,7.764161076794157,5.868838206385972,7.703336424203476,5.879533464748554,6.175780852831042,6.175780852831042,80
4.339999999999995,7.751303536900647,5.853518817759569,7.7011479708957085,5.86708758381298,5.195856246556399,5.195856246556399,80
4.359999999999995,7.738445997007135,5.838199429133167,7.6962188271499645,5.851945237184561,4.440811990089312,3.5325965330122986,81
4.379999999999995,7.7255884571136235,5.822880040506764,7.691327128243684,5.842867403961605,3.966526633983484,1.5899198525421925,82
4.399999999999994,7.712228981065046,5.808186679476062,7.687079574746001,5.8368434484246245,3.812745788499028,0.3562281948879074,83
4.419999999999994,7.6944807990516555,5.798967024644152,7.679793808498116,5.830449402534715,3.4739715156632602,2.3327283273981365,83
4.439999999999993,7.676732617038266,5.7897473698122415,7.66936879934953,5.8272490246403015,3.82177959306381,3.82177959306381,84
4.459999999999993,7.658984435024877,5.78052771498033,7.664174968890219,5.827819081186613,4.757536084428567,4.757536084428567,85
4.479999999999992,7.640849169374121,5.7729314837407895,7.657332422520046,5.828570094986989,5.802889535118133,5.802889535118133,85
4.499999999999992,7.620850372739839,5.773150876494965,7.646630542993668,5.833167121604103,6.531896244825528,6.531896244825528,86
4.519999999999992,7.600851576105556,5.773370269249141,7.6429778957806045,5.834922730219079,7.458774873141093,7.458774873141093,87
4.539999999999991,7.5808527794712735,5.7735896620033165,7.629256186024836,5.84431382722074,8.570179293160072,8.570179293160072,87
4.559999999999991,7.560853982836991,5.773809054757493,7.626181448697352,5.846909159731376,9.803725385244805,9.803725385244805,88
4.57999999999999,7.543510871318415,5.783448930973286,7.61181104010289,5.8597515814651,10.240609126445435,10.240609126445435,88
4.59999999999999,7.526342108837683,5.793707273669851,7.604903354487144,5.867141542515425,10.753818465493506,10.753818465493506,89
4.6199999999999894,7.509173346356951,5.803965616366416,7.593587093443303,5.879247873492426,11.31065821919544,11.31065821919544,89
4.639999999999989,7.513353205147757,5.816433236809367,7.593587093443303,5.879247873492426,10.189776941938895,10.187329745018184,89
4.659999999999989,7.5280574459134275,5.829989980647959,7.593587093443303,5.879247873492426,8.197850152855194,8.190771750283087,89
4.679999999999988,7.542761686679097,5.843546724486551,7.593587093443303,5.879247873492426,6.2111142422972145,6.194213755547992,89
4.699999999999988,7.560375119672081,5.8528336442305005,7.593587093443303,5.879247873492426,4.243520601201254,4.243089300029663,89
4.719999999999987,7.578372172255877,5.861557525149911,7.595317334890066,5.877396831390844,2.3195304673429273,2.3195304673429273,89
4.739999999999987,7.596369224839674,5.870281406069322,7.599357464797545,5.873074630828262,0.40904379471854885,0.40904379471854885,89
4.7599999999999865,7.614873015033795,5.877753381703006,7.6042584199755465,5.867831504564343,1.4529737582121722,1.4529737582121722,89
4.779999999999986,7.633871118863769,5.884004145725549,7.609999095080858,5.8616900314587745,3.2677105364498207,2.193618539797781,89
4.799999999999986,7.6528692226937425,5.890254909748092,7.6194824858378185,5.852895830580376,5.010364252373614,0.29183103502517443,88
4.819999999999985,7.671867326523716,5.896505673770634,7.6339491857224715,5.841101952303278,6.713685838833546,1.6099564697475564,87
4.839999999999985,7.69086543035369,5.902756437793177,7.643710118067336,5.834421599482176,8.3025740609851,1.508520618327217,87
4.859999999999984,7.709863534183664,5.909007201815719,7.643710118067336,5.834421599482176,9.969597052698493,0.3373439010228877,87
4.879999999999984,7.726424348596214,5.92006521396547,7.643710118067336,5.834421599482176,11.906499331771515,1.9515690077790278,87
4.8999999999999835,7.742694887159183,5.931695758874067,7.643710118067336,5.834421599482176,13.87812905170049,3.5699537477016907,87
4.919999999999983,7.7589654257221525,5.943326303782665,7.643710118067336,5.834421599482176,15.85686619776536,5.1883384876245335,87
4.939999999999983,7.775235964285122,5.954956848691262,7.643710118067336,5.834421599482176,17.84034599586045,6.857244786477443,87
4.959999999999982,7.791506502848092,5.966587393599859,7.643710118067336,5.834421599482176,19.82714515229542,8.535308370399235,87
4.979999999999982,7.798115298314209,5.9833246149129025,7.643710118067336,5.834421599482176,21.45065679447429,9.271433853271798,87
4.999999999999981,7.798560342675965,6.00331966268769,7.643710118067336,5.834421599482176,22.9140017927722,9.482553853240299,87
5.019999999999981,7.785490175776364,6.015341828956399,7.62852761115879,5.844812461673866,23.177038593639825,8.28438313382247,88
5.0399999999999805,7.767774294545447,6.0246233995245735,7.602289300019855,5.869938103009241,22.652334177998444,6.600829409168956,89
5.05999999999998,7.750058413314529,6.033904970092748,7.5805836537388585,5.895127666193773,21.90452789052986,4.952245025945605,90
5.07999999999998,7.732342532083612,6.043186540660923,7.562978691341341,5.918071275110257,21.0565762233054,3.3043714417553547,91
5.099999999999979,7.714626650852694,6.052468111229097,7.547986438315004,5.938904856482008,20.165706846862328,1.656497857565104,92
5.119999999999979,7.695799149796876,6.059195404052417,7.538884890499256,5.952260266784538,18.98873570131011,0.13228701258021752,92
5.139999999999978,7.67693315258663,6.065834240491354,7.529812298300014,5.96557318825475,17.803601984321794,1.9058001338725288,93
5.159999999999978,7.658067155376383,6.07247307693029,7.5207397061007715,5.97888610972496,16.618468267333537,3.6743755912105076,93
5.1799999999999775,7.639201158166137,6.079111913369227,7.51166711390153,5.99219903119517,15.433334550345274,5.442951048548385,93
5.199999999999977,7.62033516095589,6.085750749808163,7.502594521702288,6.005511952665381,14.248200833357014,7.211526505886363,94
5.219999999999977,7.601627126021291,6.092807559250418,7.493377516723911,6.0190367822590565,13.099658564613243,7.550347744928016,94
5.239999999999976,7.583085927156977,6.100305822027485,7.484007986337358,6.032785424268928,11.989763329828339,6.4982571029700305,95
5.259999999999976,7.564544728292663,6.1078040848045525,7.474638455950805,6.0465340662788,10.879868095043488,5.446166461012294,95
5.279999999999975,7.54600352942835,6.11530234758162,7.465268925564251,6.060282708288672,9.769972860258658,4.394075819054433,95
5.299999999999975,7.527554807286765,6.122993774139538,7.455838832045711,6.074120219301185,8.678597506114066,3.360863534792484,96
5.3199999999999745,7.510087242578157,6.132734625393438,7.445766177184611,6.08890061064001,7.783713961062887,2.527946421350422,96
5.339999999999974,7.49261967786955,6.142475476647337,7.43569352232351,6.103681001978835,6.888830416011829,1.6950293079084127,97
5.359999999999974,7.475152113160942,6.152216327901236,7.42562086746241,6.118461393317659,5.993946870960699,0.8621121944663511,97
5.379999999999973,7.457684548452335,6.161957179155135,7.415548212601309,6.133241784656484,5.09906332590957,0.02919508102423677,98
5.399999999999973,7.440216983743728,6.171698030409035,7.405475557740209,6.148022175995309,4.204179780858513,0.8037220324177009,98
5.419999999999972,7.42274941903512,6.181438881662935,7.395402902879108,6.162802567334134,3.309296235807383,1.6366391458598342,98
5.439999999999972,7.405989437545001,6.192247855597235,7.3850575862855505,6.17798305647879,2.5330355130502022,2.34934033303009,99
5.4599999999999715,7.390207537325372,6.2045332788889915,7.374335373622774,6.193716594593549,1.920745271370847,1.920745271370847,99
5.479999999999971,7.374425637105743,6.216818702180749,7.363613160959997,6.209450132708309,1.308455029691492,1.308455029691492,100
5.499999999999971,7.358643736886113,6.229104125472507,7.35289094829722,6.2251836708230694,0.6961647880120867,0.6961647880120867,100
5.51999999999997,7.342861836666484,6.241389548764263,7.342168735634443,6.240917208937828,0.08387454633273152,0.08387454633273152,101
5.53999999999997,7.327871528674111,6.254554298509514,7.331288362272155,6.25688282857086,0.4134828180628383,0.4134828180628383,101
5.559999999999969,7.314000908821043,6.26896283434393,7.32018427440984,6.273176721921613,0.7482703957932647,0.7482703957932647,102
5.579999999999969,7.300130288967976,6.283371370178347,7.309080186547525,6.289470615272365,1.0830579735236414,1.0830579735236414,102
5.599999999999969,7.286259669114909,6.297779906012765,7.297976098685209,6.305764508623119,1.4178455512539945,1.4178455512539945,103
5.619999999999968,7.272389049261842,6.312188441847182,7.2868720108228935,6.32205840197387,1.7526331289842476,1.7526331289842476,103
5.639999999999968,7.2684601814190675,6.330988354111355,7.276877254896987,6.336724486135201,1.0185790913212587,1.0185790913212587,104
5.659999999999967,7.267151132379371,6.35094546789596,7.267174826587265,6.35096161520714,0.002867317816541551,0.002867317816541551,104
5.679999999999967,7.265842083339673,6.370902581680563,7.257472398277542,6.36519874427908,1.0128444556881258,1.0128444556881258,105
5.699999999999966,7.261596808461111,6.389781317722171,7.247340615970217,6.3800658979269596,1.7251910216976405,1.7251910216976405,105
5.719999999999966,7.249677814054469,6.405841752720465,7.236086732592785,6.396579597909108,1.6447036421425247,1.6447036421425247,106
5.739999999999966,7.237758819647826,6.421902187718759,7.224832849215353,6.413093297891256,1.5642162625873126,1.5642162625873126,106
5.759999999999965,7.225839825241184,6.437962622717052,7.213578965837923,6.429606997873403,1.48372888303205,1.48372888303205,107
5.779999999999965,7.213920830834542,6.454023057715346,7.202325082460491,6.446120697855551,1.403241503476911,1.403241503476911,107
5.799999999999964,7.2020018364278995,6.4700834927136395,7.1910711990830585,6.462634397837698,1.3227541239217722,1.3227541239217722,108
5.819999999999964,7.189950056030073,6.486039411009105,7.179823842257742,6.47913852090138,1.225408053024976,1.225408053024976,108
5.839999999999963,7.177139106798981,6.501397782661019,7.168613799270355,6.495587890463171,1.0316768670870433,1.0316768670870433,109
5.859999999999963,7.164328157567888,6.516756154312935,7.157403756282968,6.5120372600249645,0.8379456811490604,0.8379456811490604,109
5.879999999999963,7.151517208336795,6.53211452596485,7.146193713295581,6.528486629586757,0.6442144952111276,0.6442144952111276,110
5.899999999999962,7.138706259105702,6.547472897616765,7.134983670308195,6.544935999148549,0.45048330927307145,0.45048330927307145,110
5.919999999999962,7.12589530987461,6.56283126926868,7.123773627320808,6.561385368710342,0.25675212333521197,0.25675212333521197,111
5.939999999999961,7.113667092962218,6.578630505651147,7.11254322948941,6.577864606520801,0.13600259495233588,0.13600259495233588,111
5.959999999999961,7.1023718360256956,6.5951355706536825,7.1012802433594615,6.5943916636810025,0.13209739334967519,0.13209739334967519,112
5.9799999999999605,7.091076579089173,6.611640635656219,7.090017257229512,6.610918720841206,0.12819219174703783,0.12819219174703783,112
5.99999999999996,7.07978132215265,6.628145700658754,7.078754271099563,6.627445778001409,0.12428699014425373,0.12428699014425373,113
6.01999999999996,7.068486065216128,6.64465076566129,7.0674912849696145,6.643972835161612,0.12038178854159301,0.12038178854159301,113
6.039999999999959,7.056950766963156,6.66097793888919,7.056234956571297,6.660490122913422,0.08662268428698025,0.08662268428698025,114
6.059999999999959,7.0444465711163575,6.676587073593744,7.045005501297377,6.676967977635849,0.06763806890694296,0.06763806890694296,114
6.079999999999958,7.031942375269559,6.692196208298298,7.033776046023457,6.693445832358277,0.2218988221009162,0.2218988221009162,115
6.099999999999958,7.019438179422761,6.7078053430028515,7.022546590749537,6.709923687080704,0.3761595752948394,0.3761595752948394,115
6.1199999999999575,7.006933983575963,6.723414477707405,7.0113171354756165,6.726401541803131,0.5304203284887626,0.5304203284887626,116
6.139999999999957,6.994429787729166,6.739023612411959,7.000087680201697,6.7428793965255585,0.6846810816826859,0.6846810816826859,116
6.159999999999957,6.982252637315952,6.754886970767728,6.988843637597857,6.759378656373824,0.797599675903146,0.797599675903146,117
6.179999999999956,6.970210563317291,6.770855328661099,6.977593570130125,6.775886756974333,0.8934431177728,0.8934431177728,117
6.199999999999956,6.9581684893186315,6.786823686554469,6.966343502662394,6.792394857574841,0.9892865596424537,0.9892865596424537,118
6.219999999999955,6.946126415319971,6.80279204444784,6.955093435194662,6.80890295817535,1.085130001512181,1.085130001512181,118
6.239999999999955,6.934084341321311,6.818760402341211,6.943843367726931,6.82541105877586,1.180973443381835,1.180973443381835,119
6.2599999999999545,6.9220422673226505,6.834728760234582,6.9325933002591995,6.841919159376369,1.276816885251562,1.276816885251562,119
6.279999999999954,6.910000193323991,6.850697118127952,6.921343232791468,6.858427259976877,1.372660327121216,1.372660327121216,120
6.299999999999954,6.89795811932533,6.866665476021323,6.910093165323737,6.874935360577387,1.468503768990993,1.468503768990993,120
6.319999999999953,6.885940497430202,6.882652186173315,6.8988423121154385,6.891444614156254,1.5612930923031554,1.5612930923031554,121
6.339999999999953,6.87397159872392,6.898675464981311,6.887589893242822,6.907956165156373,1.6479967880518982,1.6479967880518982,121
6.359999999999952,6.862002700017638,6.914698743789306,6.876337474370205,6.924467716156491,1.7347004838006916,1.7347004838006916,122
6.379999999999952,6.850033801311357,6.930722022597301,6.865085055497588,6.940979267156609,1.8214041795494345,1.8214041795494345,122
6.3999999999999515,6.838064902605074,6.946745301405297,6.853832636624972,6.957490818156729,1.9081078752983007,1.9081078752983007,123
6.419999999999951,6.826096003898792,6.962768580213292,6.842580217752356,6.974002369156848,1.9948115710471674,1.9948115710471674,123
6.439999999999951,6.81550665715988,6.979710917660497,6.8298665876433695,6.992043485272766,1.8928809455478885,1.8928809455478885,124
6.45999999999995,6.805330466986778,6.996928500346833,6.817036930358578,7.006982222487011,1.5431092428833264,1.5431092428833264,124
6.47999999999995,6.795154276813675,7.01414608303317,6.803251199701924,7.022693972321549,1.177397857755095,1.177397857755095,125
6.499999999999949,6.784978086640574,7.031363665719506,6.789291436229959,7.03591725172508,0.6272171090652408,0.6272171090652408,125
6.519999999999949,6.774801896467471,7.048581248405843,6.775331672757993,7.049140531128612,0.07703636037526114,0.07703636037526114,125
6.5399999999999485,6.764101572631181,7.065460755697029,6.7606177402657845,7.061012820845018,0.5649886051764477,0.5649886051764477,126
6.559999999999948,6.752612640855941,7.081831597051824,6.745550057188609,7.072814540906645,1.1453706368829912,0.3057753101187672,126
6.579999999999948,6.741123709080701,7.098202438406619,6.7313172071116965,7.083217466728883,1.7908569374761003,0.32977419172978717,127
6.599999999999947,6.729634777305461,7.114573279761414,6.715772248946768,7.093390436430185,2.5315658081332937,1.1112604405605404,127
6.619999999999947,6.718145845530222,7.130944121116209,6.700227290781841,7.103563406131485,3.272274678790562,1.901431234901495,127
6.639999999999946,6.706656913754982,7.147314962471004,6.686851755473576,7.111309066080461,4.109341637583827,2.7209198579615412,128
6.659999999999946,6.695167981979742,7.163685803825799,6.671118285463305,7.119963311498749,4.99003430631658,3.645577016249652,128
6.6799999999999455,6.683551083787294,7.179961113864056,6.655326914705685,7.128649405408,5.856189157657565,2.7969145865559724,128
6.699999999999945,6.671121477641942,7.195629709559633,6.642907705870073,7.134739435609284,6.710918252626542,1.9890010725158884,129
6.719999999999945,6.6586918714965915,7.211298305255209,6.626698137565231,7.142250209186132,7.610018778974928,1.1662901437756028,129
6.739999999999944,6.64626226535124,7.226966900950785,6.61048856926039,7.149760982762981,8.509119305323194,0.3435609136934383,129
6.759999999999944,6.633832659205889,7.242635496646361,6.599536681775029,7.1546558886708,9.442788511595237,0.35612058491407783,130
6.779999999999943,6.621403053060538,7.2583040923419375,6.583444512122519,7.16092889556314,10.451210349932099,1.1629481978865779,130
6.799999999999943,6.606906291247794,7.272077296266611,6.566199262603769,7.167651392990599,11.207957644475803,1.7057302042480766,130
6.8199999999999426,6.592372013402687,7.28581610143741,6.548933086271301,7.1743820480530776,11.960137392182475,2.2437201459965044,130
6.839999999999942,6.577837735557579,7.29955490660821,6.538155356611041,7.1779515925017385,12.791425722152287,2.7817100877450107,131
6.859999999999942,6.563303457712471,7.31329371177901,6.520968006160189,7.183560279721237,13.646631031732456,3.410781574272555,131
6.879999999999941,6.548769179867363,7.327032516949809,6.5037806557093365,7.189168966940736,14.501836341312627,4.047783106372103,131
6.899999999999941,6.534234902022256,7.340771322120609,6.489867175604157,7.19370930364172,15.360902456104657,4.709625408016694,131
6.91999999999994,6.519700624177148,7.354510127291408,6.477113145049832,7.197161263814936,16.301030094983904,5.497899043630889,132
6.93999999999994,6.503104824049908,7.365618603294091,6.458848722955295,7.202104646801873,16.939721500613725,5.968176725562431,132
6.95999999999994,6.486290997718029,7.376448896184009,6.440451309004248,7.207084024887778,17.545864666799723,6.433993695324279,132
6.979999999999939,6.469477171386151,7.3872791890739276,6.427297244998944,7.210644256680294,18.160133681152686,7.010952664575165,132
6.999999999999939,6.4526633450542725,7.3981094819638455,6.411951829596807,7.21403824216675,18.851962447258167,7.587911633825939,133
7.019999999999938,6.435849518722394,7.408939774853764,6.393638479218582,7.218088653560855,19.546335297122365,8.17563273924021,133
7.039999999999938,6.4190356923905165,7.419770067743682,6.375325128840358,7.222139064954959,20.240708146986563,8.873988342391657,133
7.059999999999937,6.402221866058638,7.430600360633601,6.360434077306563,7.225432557601416,20.93801487482554,9.573046994781812,133
7.079999999999937,6.38540803972676,7.441430653523519,6.347652056057373,7.227690428271181,21.704929899394575,10.272105647171797,134
7.099999999999937,6.368060597183924,7.4511377956231595,6.329166704603871,7.230955759477683,22.359084042329762,10.923983466645119,134
7.119999999999936,6.349043633098167,7.457330943204236,6.309664294057045,7.234400748333901,22.638154546747284,11.111893958457005,134
7.139999999999936,6.330026669012409,7.463524090785314,6.290161883510219,7.237845737190117,22.91722505116498,11.335798843836239,134
7.159999999999935,6.3110097049266525,7.469717238366391,6.279645972849781,7.239311384523989,23.253073167784912,11.61029951007017,135
7.179999999999935,6.291992740840895,7.475910385947468,6.260147278673916,7.241965621861201,23.61022789047309,11.884800176304186,135
7.1999999999999345,6.272975776755137,7.482103533528545,6.240648584498051,7.244619859198413,23.967382613161366,12.159300842538206,135
7.219999999999934,6.253958812669381,7.488296681109622,6.221149890322187,7.247274096535625,24.324537335849545,12.494692632702122,135
7.239999999999934,6.234941848583623,7.494489828690699,6.210629612027026,7.24858079807881,24.710794439447504,12.896027644342947,136
7.259999999999933,6.215924884497866,7.500682976271777,6.191190363022258,7.250502694233297,25.140002003476592,13.297362655983767,136
7.279999999999933,6.196907920412109,7.506876123852853,6.17175111401749,7.2524245903877835,25.569209567505585,13.698697667624582,136
7.299999999999932,6.177890956326351,7.51306927143393,6.152311865012722,7.2543464865422695,25.998417131534662,14.138473072943745,136
7.319999999999932,6.1586499285972565,7.518329650395621,6.134510562181768,7.256106444215906,26.333195565694425,14.57260509419626,136
7.3399999999999315,6.138894853946863,7.5214500711296495,6.1155916743736505,7.257778487268334,26.469934324466315,14.7905428713311,137
7.359999999999931,6.11913977929647,7.5245704918636775,6.095716065632303,7.259535084899538,26.606848236209434,15.008480648466033,137
7.379999999999931,6.099384704646075,7.527690912597706,6.075840456890954,7.261291682530741,26.743762147952555,15.22641842560087,137
7.39999999999993,6.079629629995682,7.530811333331735,6.055964848149606,7.263048280161946,26.880676059695674,15.444356202735893,137
7.41999999999993,6.059874555345288,7.533931754065763,6.036089239408258,7.264804877793149,27.01758997143878,15.66229397987073,138
7.439999999999929,6.040061950979286,7.536259963815332,6.016226019444472,7.2665603805095955,27.075083908904162,15.800826898585168,138
7.459999999999929,6.020063314533355,7.536026425160188,5.996402860691376,7.268312342633716,26.87575990720987,15.682590757824865,138
7.4799999999999285,6.000064678087424,7.535792886505043,5.976579701938278,7.2700643047578355,26.676435905515657,15.564354617064568,138
7.499999999999928,5.980066041641492,7.5355593478499,5.956756543185181,7.271816266881955,26.477111903821537,15.44611847630436,139
7.519999999999928,5.960067405195561,7.535325809194756,5.936933384432084,7.2735682290060755,26.277787902127237,15.327882335544063,139
7.539999999999927,5.940068768749629,7.535092270539612,5.917110225678988,7.275320191130195,26.078463900433018,15.209646194783671,139
7.559999999999927,5.920070132303698,7.5348587318844675,5.89728706692589,7.2770721532543154,25.879139898738725,15.091410054023372,139
7.579999999999926,5.900071495857767,7.534625193229323,5.8774639081727935,7.278824115378435,25.679815897044513,14.973173913263077,140
7.599999999999926,5.880072859411835,7.53439165457418,5.857640749419696,7.2805760775025545,25.480491895350386,14.854937772502868,140
7.6199999999999255,5.860371210480781,7.530954941568431,5.8383931774553455,7.282277169517345,24.96470874013134,14.418154541615605,140
7.639999999999925,5.840670538250018,7.527507694310687,5.819147498418327,7.283978094236043,24.447884848410204,13.980323707647157,140
7.659999999999925,5.820969866019254,7.524060447052944,5.799901819381309,7.285679018954742,23.931060956689155,13.542492873678706,141
7.679999999999924,5.8012691937884915,7.520613199795202,5.78065614034429,7.28737994367344,23.414237064968106,13.104662039710343,141
7.699999999999924,5.781568521557728,7.517165952537458,5.761410461307271,7.289080868392139,22.897413173246974,12.666831205741808,141
7.719999999999923,5.761867849326965,7.513718705279715,5.742164782270253,7.2907817931108365,22.380589281526014,12.229000371773443,141
7.739999999999923,5.742167177096202,7.510271458021972,5.722919103233235,7.292482717829535,21.863765389804872,11.791169537804905,142
7.7599999999999225,5.722466504865438,7.506824210764229,5.703673424196216,7.294183642548234,21.346941498083826,11.353338703836545,142
7.779999999999922,5.702765832634675,7.5033769635064855,5.684427745159198,7.295884567266932,20.830117606362688,10.915507869868094,142
7.799999999999922,5.683135738329227,7.499589526649988,5.665281929825722,7.297576666075069,20.2800281843348,10.444031352062531,142
7.819999999999921,5.663689657109828,7.49491513629311,5.646396482421612,7.299245753679178,19.643207778597294,9.884832701771739,143
7.839999999999921,5.644243575890427,7.490240745936231,5.627511035017502,7.300914841283285,19.006387372859784,9.325634051480943,143
7.85999999999992,5.624797494671027,7.485566355579352,5.608625587613391,7.302583928887394,18.36956696712219,8.76643540119015,143
7.87999999999992,5.605351413451627,7.480891965222474,5.589740140209281,7.304253016491502,17.732746561384772,8.207236750899357,143
7.8999999999999195,5.585905332232227,7.476217574865595,5.570854692805169,7.305922104095609,17.09592615564727,7.648038100608565,143
7.919999999999919,5.566459251012827,7.471543184508717,5.551969245401059,7.307591191699718,16.459105749909757,7.088839450317859,144
7.939999999999919,5.547013169793427,7.466868794151838,5.533083797996949,7.3092602793038255,15.822285344172254,6.529640800026977,144
7.959999999999918,5.527567088574027,7.4621944037949595,5.514198350592838,7.310929366907934,15.185464938434661,5.970442149736184,144
7.979999999999918,5.508108568027407,7.457572774103538,5.495295933446669,7.312599954290443,14.553790602265652,5.416454587243578,144
7.999999999999917,5.488622458296821,7.453068162292568,5.476355879109416,7.314273868031484,13.933529733844614,4.874024696431442,145
8.019999999999918,5.469136348566234,7.448563550481597,5.457415824772163,7.3159477817725245,13.31326886542358,4.331594805619307,145
8.039999999999917,5.449650238835647,7.444058938670627,5.438475770434909,7.317621695513565,12.693007997002542,3.7891649148070834,145
8.059999999999917,5.430164129105061,7.439554326859656,5.4195357160976565,7.319295609254605,12.072747128581508,3.2467350239948547,145
8.079999999999917,5.410678019374475,7.435049715048686,5.400595661760403,7.320969522995647,11.452486260160477,2.7043051331828076,146
8.099999999999916,5.391191909643889,7.430545103237716,5.38165560742315,7.322643436736687,10.832225391739442,2.161875242370584,146
8.119999999999916,5.371705799913303,7.426040491426745,5.362715553085898,7.3243173504777275,10.211964523318404,1.619445351558356,146
8.139999999999915,5.352219690182717,7.421535879615775,5.343775498748645,7.325991264218768,9.591703654897456,1.0770154607463092,146
8.159999999999915,5.33261884879083,7.417576706769777,5.324673769923184,7.327679466680557,9.024764846727038,0.5885235213316883,147
8.179999999999914,5.3129692709565335,7.413849228945038,5.305503363983714,7.329373738795727,8.480476521335987,0.12294368684230267,147
8.199999999999914,5.293319693122237,7.4101217511202995,5.286332958044245,7.331068010910896,7.936188195945114,0.34263614764708294,147
8.219999999999914,5.273670115287941,7.40639427329556,5.267162552104775,7.332762283026066,7.391899870554062,0.8082159821364685,147
8.239999999999913,5.254020537453645,7.402666795470822,5.247992146165305,7.334456555141236,6.847611545163108,1.2737958166258583,147
8.259999999999913,5.234370959619349,7.398939317646082,5.228821740225835,7.3361508272564055,6.303323219772146,1.2404308428416788,148
8.279999999999912,5.214721381785053,7.395211839821344,5.209651334286367,7.337845099371576,5.759034894381183,0.8178532339111597,148
8.299999999999912,5.195071803950757,7.391484361996604,5.190480928346897,7.339539371486745,5.214746568990222,0.3952756249805519,148
8.319999999999911,5.175422226116461,7.387756884171866,5.171310522407428,7.341233643601915,4.670458243599258,0.027301983949964893,148
8.339999999999911,5.155595245957809,7.385317805772033,5.151851103430012,7.342953458563316,4.2529478220278945,0.32153225176948275,149
8.35999999999991,5.135669492594239,7.3835960761491854,5.132230769176405,7.344687495146639,3.9060241862744496,0.5443019100950498,149
8.37999999999991,5.11574373923067,7.381874346526337,5.112610434922799,7.346421531729962,3.559100550520908,0.7670715684207079,149
8.39999999999991,5.095817985867101,7.38015261690349,5.092990100669193,7.348155568313285,3.2121769147674626,0.9898412267462748,149
8.41999999999991,5.075892232503532,7.378430887280643,5.073369766415587,7.349889604896608,2.8652532790140173,1.212610885071842,150
8.439999999999909,5.055966479139962,7.376709157657794,5.05374943216198,7.351623641479931,2.518329643260395,1.4353805433974975,150
8.459999999999908,5.0360407257763935,7.374987428034947,5.034129097908374,7.353357678063254,2.1714060075069495,1.6581502017230645,150
8.479999999999908,5.016114972412824,7.3732656984121,5.014508763654768,7.355091714646577,1.8244823717534966,1.587662659697759,150
8.499999999999908,4.9961892190492545,7.3715439687892514,4.994888429401161,7.3568257512299,1.4775587359999625,1.2486402966543682,151
8.519999999999907,4.976198731238507,7.370969448754229,4.975103258348943,7.358574356017586,1.2443407282643666,1.0233890051353547,151
8.539999999999907,4.9562057760090585,7.3704386557689325,4.955311804376003,7.360323516087064,1.0154567251459845,0.8024742126787323,151
8.559999999999906,4.936212820779609,7.369907862783635,4.935520350403063,7.362072676156543,0.7865727220274175,0.5815594202219327,151
8.579999999999906,4.91621986555016,7.369377069798339,4.9157288964301245,7.3638218362260215,0.5576887189089393,0.3606446277653103,152
8.599999999999905,4.896226910320712,7.368846276813041,4.8959374424571855,7.3655709962955,0.3288047157903724,0.13972983530851077,152
8.619999999999905,4.876233955091263,7.368315483827745,4.876145988484247,7.367320156364978,0.09992071267198252,0.08118495714811175,152
8.639999999999905,4.856240999861814,7.367784690842448,4.856354534511307,7.369069316434457,0.1289632904465765,0.1289632904465765,152
8.659999999999904,4.836248044632366,7.367253897857151,4.8365728141997,7.370833910675296,0.3594713764675837,0.3594713764675837,153
8.679999999999904,4.816255089402917,7.366723104871855,4.816790810162795,7.372628483269985,0.5929628214118008,0.5929628214118008,153
8.699999999999903,4.796262134173468,7.366192311886557,4.797008806125889,7.374423055864673,0.8264542663560982,0.8264542663560982,153
8.719999999999903,4.776272798608982,7.366249446976398,4.777177492232086,7.376222101722923,1.0013606405539923,1.0013606405539923,153
8.739999999999903,4.7562878945207405,7.367026369484614,4.757315967309508,7.378050159695678,1.107162518678099,1.107162518678099,154
8.759999999999902,4.736302990432499,7.3678032919928285,4.7374315491499255,7.379904569915661,1.2153788386520343,1.2153788386520343,154
8.779999999999902,4.716318086344257,7.368580214501044,4.717547130990343,7.381758980135644,1.3235951586258812,1.3235951586258812,154
8.799999999999901,4.696333182256016,7.36935713700926,4.69766271283076,7.383613390355627,1.4318114785997285,1.4318114785997285,154
8.8199999999999,4.676348278167774,7.370134059517475,4.6778258350153985,7.385515795427728,1.545253939812925,1.545253939812925,155
8.8399999999999,4.6563633740795325,7.37091098202569,4.657949704700439,7.387425080089908,1.659011391502281,1.659011391502281,155
8.8599999999999,4.636378469991291,7.371687904533906,4.638073574385479,7.389334364752088,1.7727688431915487,1.7609111810280704,155
8.8799999999999,4.616399751251048,7.3725588117540095,4.618256166083385,7.391275489267417,1.8808516506375914,1.842032190389104,156
8.899999999999899,4.596485398974059,7.374407750202946,4.598354215683363,7.393249465465306,1.8934167790553853,1.8251551334602496,156
8.919999999999899,4.57657104669707,7.376256688651882,4.5784522652833415,7.3952234416631955,1.9059819074731705,1.808278076531307,156
8.939999999999898,4.556656694420081,7.378105627100818,4.5586209036196825,7.39722623764662,1.9221234752846015,1.7914010196024603,157
8.959999999999898,4.536742342143091,7.379954565549754,4.538726557950865,7.399269930586714,1.9417014159824293,1.7745239626736058,157
8.979999999999897,4.516827989866102,7.3818035039986905,4.518832212282048,7.401313623526808,1.961279356680257,1.7576469057447517,157
8.999999999999897,4.496913637589113,7.383652442447627,4.499023005985571,7.403401577594015,1.9861464549783,1.7407698488158971,158
9.019999999999897,4.476999285312123,7.385501380896563,4.479138019535734,7.405525456015544,2.01379683297461,1.7238927918870433,158
9.039999999999896,4.4570849330351345,7.387350319345498,4.459349507890366,7.40764254448671,2.0418195328103237,1.707015734958277,159
9.059999999999896,4.437170580758145,7.389199257794434,4.439476321103208,7.409860355435402,2.0789357716592822,1.6901386780294232,159
9.079999999999895,4.417243228480295,7.390893867013144,4.419607305227165,7.412077700918116,2.131533902565266,1.8533038205785983,159
9.099999999999895,4.397300196544242,7.392402335507193,4.399876183541581,7.4143547532062986,2.2103039425528137,2.2103039425528137,160
9.119999999999894,4.377357164608188,7.3939108040012425,4.380029424454921,7.416683653560114,2.2929100499572046,2.2929100499572046,160
9.139999999999894,4.357414132672135,7.395419272495292,4.3603560348029875,7.419064662422707,2.382769927976704,2.382769927976704,161
9.159999999999894,4.3374711007360816,7.396927740989341,4.340532190696262,7.421531097080722,2.479305150044306,2.479305150044306,161
9.179999999999893,4.317551986542382,7.398674209513496,4.320940929088455,7.4240773776668725,2.5628224359274347,2.5628224359274347,162
9.199999999999893,4.29770758904375,7.401164166926034,4.3011171638947205,7.426721992735466,2.578425218558061,2.578425218558061,162
9.219999999999892,4.2778631915451175,7.403654124338573,4.281625006128609,7.429544210582064,2.6161953571091905,2.6161953571091905,163
9.239999999999892,4.258018794046485,7.406144081751111,4.262289108044972,7.432519962375964,2.6719331211356323,2.6719331211356323,164
9.259999999999891,4.238174396547852,7.408634039163649,4.243242428795897,7.435750524816039,2.7586024450860656,2.7586024450860656,165
9.279999999999891,4.21832999904922,7.411123996576188,4.224819531923209,7.439443178453679,2.9053228721314652,2.9053228721314652,166
9.29999999999989,4.198476426060963,7.413534253523375,4.208298962215942,7.444001819504402,3.201179147320736,3.201179147320736,167
9.31999999999989,4.1785853590185855,7.415618828279923,4.204270509199597,7.4464661694718455,4.014081960339126,4.014081960339126,168
9.33999999999989,4.158694291976209,7.41770340303647,4.204270509199597,7.4464661694718455,5.38933048662764,5.38933048662764,168
9.35999999999989,4.138805325100533,7.419807493318393,4.204270509199597,7.4464661694718455,7.068504327917665,7.068504327917665,168
9.379999999999889,4.124165743428524,7.417809241922477,4.204270509199597,7.4464661694718455,8.50763950564922,8.50763950564922,168
9.399999999999888,4.133492658832381,7.400530629370196,4.204270509199597,7.4464661694718455,8.437759149818348,8.437759149818348,168
9.419999999999888,4.15200647490575,7.394886367042646,4.204270509199597,7.4464661694718455,7.343027508666773,7.343027508666773,168
9.439999999999888,4.171999395130619,7.394354257202484,4.204270509199597,7.4464661694718455,6.129499329980067,6.129499329980067,168
9.459999999999887,4.191992315355488,7.393822147362322,4.208298962215942,7.444001819504402,5.276273522210762,5.276273522210762,167
9.479999999999887,4.211792902258997,7.396088596601661,4.221882149441769,7.440116299600301,4.516892228127083,4.516892228127083,166
9.499999999999886,4.2315250520148595,7.3993508452145385,4.227655665500976,7.452333692875974,5.312395220904307,3.7932810322794928,172
9.519999999999886,4.251244920688503,7.40267229593101,4.249323490996287,7.453448588767514,5.081263431746557,3.1229098825577197,173
9.539999999999885,4.27064650226339,7.407528079327436,4.269899077149194,7.453924018395207,4.640195907805634,2.3365939826102005,174
9.559999999999885,4.290048083838276,7.412383862723862,4.2899947585980005,7.454109087508363,4.1725258859572945,1.577087232151194,175
9.579999999999885,4.309449665413163,7.417239646120287,4.309402514212111,7.454133890807487,3.6894274817032473,0.82972301811444,175
9.599999999999884,4.328882457194145,7.421967720717907,4.32918787302819,7.45395283390267,3.198657131162639,0.10409846335153483,176
9.619999999999884,4.348336763255507,7.426607761199499,4.348820776617401,7.453728674579312,2.7125232008037163,0.6001418331767294,177
9.639999999999883,4.367791069316871,7.4312478016810894,4.368186106389669,7.453383071234911,2.213879428761246,1.300789549778296,177
9.659999999999883,4.3874775301828155,7.434674676203582,4.387925569617594,7.453001278171129,1.833207786946187,1.833207786946187,178
9.679999999999882,4.407270475268689,7.4375450986163285,4.407636559217119,7.452519393932319,1.4978769564547103,1.4978769564547103,178
9.699999999999882,4.427063420354561,7.440415521029074,4.427410350690002,7.452035353343769,1.1625010265770916,1.1625010265770916,179
9.719999999999882,4.446856365440435,7.443285943441819,4.447100042430185,7.451447483297528,0.8165176745892193,0.8165176745892193,179
9.739999999999881,4.466718421928301,7.4452141908929566,4.466886889240642,7.450856712517421,0.5645036006782945,0.5645036006782945,179
9.75999999999988,4.486718363105113,7.445262697841576,4.486888535258953,7.45020971357656,0.4949941741487238,0.4949941741487238,180
9.77999999999988,4.506718304281924,7.445311204790196,4.506863172102364,7.4495226070145595,0.4213893138271931,0.4213893138271931,180
9.79999999999988,4.526718245458736,7.445359711738815,4.526837808945775,7.448835500452559,0.3477844535056594,0.3477844535056594,180
9.81999999999988,4.546718186635547,7.445408218687435,4.54682049716339,7.448080019997202,0.2673759466178974,0.2673759466178974,181
9.839999999999879,4.566718127812359,7.445456725636054,4.5667892999813935,7.447315360308912,0.1859996861501144,0.1859996861501144,181
9.859999999999879,4.58671806898917,7.445505232584674,4.586758102799398,7.446550700620623,0.10462342568242358,0.10462342568242358,181
9.879999999999878,4.606718010165982,7.445553739533294,4.606724978098841,7.445720872457869,0.016727811143578165,0.016727811143578165,182
9.899999999999878,4.626717951342793,7.445602246481913,4.626688198171946,7.444888586554428,0.07142798774106426,0.07142798774106426,182
9.919999999999877,4.646717892519605,7.445650753430533,4.6466514182450505,7.444056300650986,0.15958378662579914,0.15958378662579914,182
9.939999999999877,4.666717833696417,7.445699260379152,4.666605028566481,7.443175898065812,0.2525882491670145,0.2525882491670145,183
9.959999999999877,4.6867177748732285,7.445747767327772,4.686562915957881,7.442283694806482,0.346753222283742,0.346753222283742,183
9.979999999999876,4.706693484610044,7.444937166289042,4.70653494945444,7.441390859155513,0.35498489659247634,0.35498489659247634,183
9.999999999999876,4.726658895373202,7.443761422669719,4.7265031103255275,7.440475864894989,0.32892489830005534,0.32892489830005534,184
10.019999999999875,4.746624306136359,7.442585679050396,4.7464793586547245,7.43952868909968,0.30604243710980344,0.30604243710980344,184
10.039999999999875,4.766589716899516,7.441409935431073,4.7664556069839215,7.438581513304371,0.2831599759196445,0.2831599759196445,184
10.059999999999874,4.786555127662674,7.440234191811751,4.786431855313119,7.437634337509062,0.26027751472948135,0.26027751472948135,184
10.079999999999874,4.806520538425832,7.439058448192428,4.806407805633433,7.43668567887012,0.2375445840125521,0.2375445840125521,185
10.099999999999874,4.826485949188989,7.437882704573106,4.826383984974122,7.435736589357979,0.2148536063861378,0.2148536063861378,185
10.119999999999873,4.846451359952146,7.436706960953783,4.84636016431481,7.434787499845838,0.19216262875972764,0.19216262875972764,185
10.139999999999873,4.866416770715304,7.435531217334461,4.866336343655499,7.4338384103336965,0.16947165113331755,0.16947165113331755,186
10.159999999999872,4.886382181478462,7.434355473715138,4.886312522996188,7.432889320821555,0.14678067350690743,0.14678067350690743,186
10.179999999999872,4.906347592241619,7.433179730095816,4.906288702336877,7.431940231309414,0.12408969588049308,0.12408969588049308,186
10.199999999999871,4.926313003004776,7.432003986476492,4.926264881677565,7.430991141797273,0.10139871825399427,0.10139871825399427,186
10.219999999999871,4.946278413767934,7.43082824285717,4.946241061018255,7.430042052285131,0.07870774062766865,0.07870774062766865,187
10.23999999999987,4.966243824531092,7.429652499237847,4.966217240358944,7.42909296277299,0.056016763001258546,0.056016763001258546,187
10.25999999999987,4.986209235294249,7.428476755618525,4.986193419699632,7.428143873260849,0.03332578537484843,0.03332578537484843,187
10.27999999999987,5.006175624899949,7.42731789477866,5.006169775366048,7.4271947753712855,0.012325828783093153,0.012325828783093153,187
10.29999999999987,5.026143136008708,7.426178377283585,5.026146333056622,7.426245667883339,0.006736650451500858,0.006736650451500858,188
10.319999999999869,5.046110647117466,7.425038859788511,5.0461228907471956,7.425296560395393,0.025799129686090657,0.025799129686090657,188
10.339999999999868,5.066078158226225,7.423899342293437,5.066099448437771,7.424347452907446,0.04486160892068467,0.04486160892068467,188
10.359999999999868,5.086045669334983,7.422759824798363,5.086076006128344,7.423398345419499,0.06392408815518574,0.06392408815518574,189
10.379999999999868,5.106013180443742,7.421620307303289,5.106052563818919,7.422449237931553,0.08298656738977975,0.08298656738977975,189
10.399999999999867,5.125980691552501,7.420480789808215,5.126029121509494,7.421500130443606,0.10204904662437378,0.10204904662437378,189
10.419999999999867,5.145948202661259,7.419341272313141,5.1460056792000675,7.42055102295566,0.12111152585896358,0.12111152585896358,189
10.439999999999866,5.165892187839783,7.41784560241825,5.165975647014793,7.419602228559719,0.17586076409434828,0.17586076409434828,190
10.459999999999866,5.18583609420995,7.416348739465944,5.185945592754417,7.4186534352125895,0.23072954764934792,0.23072954764934792,190
10.479999999999865,5.205780000580118,7.414851876513637,5.205915538494042,7.417704641865461,0.28559833120443634,0.28559833120443634,190
10.499999999999865,5.225723906950285,7.41335501356133,5.225885484233666,7.416755848518331,0.3404671147595247,0.3404671147595247,190
10.519999999999865,5.245667813320452,7.4118581506090235,5.2458554299732905,7.415807055171202,0.3953358983145243,0.3953358983145243,191
10.539999999999864,5.265611719690619,7.410361287656717,5.265825375712915,7.414858261824072,0.45020468186952817,0.45020468186952817,191
10.559999999999864,5.285555626060786,7.40886442470441,5.2857953214525395,7.413909468476943,0.5050734654246165,0.5050734654246165,191
10.579999999999863,5.305499532430953,7.407367561752103,5.305765267192164,7.412960675129814,0.559942248979705,0.559942248979705,192
10.599999999999863,5.325443438801121,7.405870698799797,5.3257352129317885,7.412011881782685,0.6148110325347046,0.6148110325347046,192
10.619999999999862,5.3453884376859655,7.404389993890443,5.345705482768712,7.411063073037348,0.668060647586388,0.668060647586388,192
10.639999999999862,5.365352316585177,7.4031885200881495,5.365681353410621,7.4101139981918145,0.6933290142265851,0.6933290142265851,192
10.659999999999862,5.385316195484389,7.401987046285857,5.3856572240525304,7.40916492334628,0.718597380866605,0.718597380866605,193
10.679999999999861,5.405280074383601,7.4007855724835645,5.40563309469444,7.408215848500745,0.7438657475066247,0.7438657475066247,193
10.69999999999986,5.424590747886395,7.405307476346754,5.42468591977571,7.407310628530856,0.20054117684875317,0.20054117684875317,193
10.71999999999986,5.443770514008383,7.410976389073706,5.443553759433758,7.406414197415034,0.4567337876277299,0.4567337876277299,193
10.73999999999986,5.462981438762218,7.416534863925531,5.462457922751043,7.4055160405235565,1.1031252792763333,1.1031252792763333,194
10.75999999999986,5.482295837877234,7.421726586840501,5.481482712912723,7.4046121525224935,1.7133739645311175,1.7133739645311175,194
10.779999999999859,5.50161023699225,7.426918309755472,5.500507503074404,7.40370826452143,2.323622649785986,2.323622649785986,194
10.799999999999859,5.520924636107267,7.432110032670442,5.519532293236086,7.402804376520367,2.933871335040766,2.933871335040766,195
10.819999999999858,5.540723568345654,7.434742837242469,5.53916182835989,7.4018717564434,3.2908159849527405,3.2908159849527405,195
10.839999999999858,5.560598980689536,7.436971734763808,5.558886818172487,7.400934601212715,3.6077783954451985,3.6077783954451985,195
10.859999999999857,5.580474393033419,7.439200632285146,5.578611807985085,7.39999744598203,3.924740805937478,3.924740805937478,195
10.879999999999857,5.600349805377301,7.441429529806484,5.598336797797682,7.399060290751344,4.2417032164299355,4.2417032164299355,196
10.899999999999856,5.620225217721184,7.443658427327822,5.618061787610279,7.39812313552066,4.558665626922216,4.558665626922216,196
10.919999999999856,5.640100630065066,7.44588732484916,5.6377867774228765,7.397185980289975,4.875628037414496,4.875628037414496,196
10.939999999999856,5.660058542525821,7.4461985129104855,5.657684988753905,7.39624059512084,5.001427103722621,5.001427103722621,196
10.959999999999855,5.680051943323742,7.4456847770506736,5.677657713235745,7.395291669752715,5.044995144554497,5.044995144554497,197
10.979999999999855,5.700045344121664,7.445171041190861,5.697630437717586,7.3943427443845895,5.08856318538628,5.08856318538628,197
10.999999999999854,5.720038744919585,7.444657305331049,5.717603162199427,7.393393819016464,5.132131226218153,5.132131226218153,197
11.019999999999854,5.740032145717507,7.444143569471237,5.737575886681268,7.392444893648339,5.175699267050025,5.175699267050025,198
11.039999999999853,5.760025546515428,7.443629833611424,5.7575486111631085,7.391495968280213,5.2192673078818075,5.2192673078818075,198
11.059999999999853,5.779822356758214,7.440799425288751,5.7774350075293475,7.390551144452615,5.03049616173972,5.03049616173972,198
11.079999999999853,5.799616436034949,7.437936834576418,5.797320204656117,7.389606377602156,4.838497442270813,4.838497442270813,198
11.099999999999852,5.8194105153116835,7.435074243864086,5.8172054017828865,7.388661610751699,4.646498722801907,4.646498722801907,199
11.119999999999852,5.839204594588418,7.432211653151755,5.837090598909656,7.3877168439012415,4.454500003333,4.454500003333,199
11.139999999999851,5.858998673865153,7.429349062439423,5.856975796036426,7.386772077050784,4.262501283864088,4.262501283864088,199
11.159999999999851,5.878792753141887,7.42648647172709,5.876860993163196,7.385827310200327,4.070502564395094,4.070502564395094,199
11.17999999999985,5.898586832418621,7.423623881014758,5.8967461902899645,7.384882543349868,3.8785038449262745,3.8785038449262745,200
11.19999999999985,5.9182519942017935,7.420007080027434,5.916538512900695,7.38394218906638,3.6105572675169157,3.6105572675169157,200
11.21999999999985,5.937873079902668,7.416132419278552,5.936299082297031,7.383003343411856,3.316644593928983,3.316644593928983,200
11.23999999999985,5.957494165603543,7.412257758529669,5.9560596516933675,7.382064497757331,3.022731920341051,3.022731920341051,201
11.259999999999849,5.977115251304417,7.408383097780787,5.975820221089704,7.381125652102807,2.728819246753114,2.728819246753114,201
11.279999999999848,5.9967363370052915,7.404508437031904,5.99558079048604,7.3801868064482825,2.4349065731651813,2.4349065731651813,201
11.299999999999848,6.016357422706165,7.400633776283022,6.015341359882375,7.379247960793759,2.1409938995772495,2.1409938995772495,201
11.319999999999848,6.03597850840704,7.396759115534139,6.035101929278711,7.378309115139235,1.8470812259892282,1.8470812259892282,202
11.339999999999847,6.055576190837531,7.392769005300326,6.0548446208879465,7.3773711188773765,1.5415255459614787,1.5415255459614787,202
11.359999999999847,6.075157237542135,7.388696830211738,6.074574604445666,7.376433726388553,1.2276936780129915,1.2276936780129915,202
11.379999999999846,6.094738284246739,7.384624655123151,6.094304588003386,7.37549633389973,0.9138618100645886,0.9138618100645886,202
11.399999999999846,6.114319330951342,7.380552480034564,6.114034571561104,7.374558941410907,0.6000299421161895,0.6000299421161895,203
11.419999999999845,6.133900377655946,7.376480304945976,6.133764555118825,7.373621548922083,0.2861980741677867,0.2861980741677867,203
11.439999999999845,6.15348142436055,7.372408129857389,6.153494538676544,7.37268415643326,0.02763379378061204,0.02763379378061204,203
11.459999999999845,6.173062471065153,7.368335954768802,6.173440289064123,7.371671382696477,0.33567582428680703,0.33567582428680703,204
11.479999999999844,6.192643517769756,7.364263779680214,6.19322870212931,7.369429865629042,0.5199123461251915,0.3107636399184348,204
11.499999999999844,6.2122245644743606,7.360191604591627,6.213017115194498,7.367188348561606,0.704148867963498,0.029853717921208004,204
11.519999999999843,6.231845809373462,7.356345079168045,6.232819980723966,7.364945194402542,0.8655113625295151,0.22828002993282812,204
11.539999999999843,6.251628502137103,7.353404829685534,6.253188685462282,7.362119752485607,0.8853476798377157,0.3210720443634255,205
11.559999999999842,6.271411194900743,7.350464580203023,6.272867067902896,7.35859684300555,0.8261553394354151,0.39982476186770965,205
11.579999999999842,6.291193887664383,7.347524330720512,6.2925454503435105,7.355073933525493,0.7669629990331297,0.47857747937199385,205
11.599999999999842,6.310976580428023,7.3445840812380006,6.312223832784125,7.3515510240454365,0.7077706586309163,0.497877618174692,205
11.619999999999841,6.3307592731916635,7.34164383175549,6.332090862028666,7.34707921048637,0.5596112112791449,0.4764501956499512,206
11.63999999999984,6.350541965955303,7.338703582272979,6.351432999093649,7.342340667861332,0.374464038735807,0.374464038735807,206
11.65999999999984,6.370335352086948,7.335850138623553,6.3707651619870935,7.33760456876344,0.18063116192963605,0.18063116192963605,206
11.67999999999984,6.3902401853999935,7.333901392672987,6.389993373225235,7.332893936311138,0.10372485577900402,0.10372485577900402,206
11.69999999999984,6.410145018713039,7.331952646722419,6.408651589997747,7.327156656339154,0.5023131800383756,0.10492337153151264,207
11.719999999999839,6.430049852026085,7.330003900771852,6.42735015045146,7.321334091053444,0.908041789486784,0.4177682990182822,207
11.739999999999839,6.44995468533913,7.3280551548212856,6.446048710905171,7.315511525767734,1.3137703989352187,0.779776194457742,207
11.759999999999838,6.469859518652176,7.326106408870718,6.463828698710577,7.309974995828311,1.7221883634281394,1.1417840898971168,207
11.779999999999838,6.489764351965222,7.324157662920151,6.481819215751016,7.303165821473087,2.244510184429975,1.616378174543989,208
11.799999999999837,6.5096578237845435,7.322117595626918,6.499895374786716,7.296324232747749,2.7579031510400474,2.1110337615662225,208
11.819999999999837,6.529433363827304,7.319129617043137,6.518182196152081,7.289402911098143,3.178467901986974,2.519048550057738,208
11.839999999999836,6.549208903870066,7.316141638459356,6.53634185638197,7.282529718267775,3.59905833521226,3.077717684470887,208
11.859999999999836,6.568984443912827,7.313153659875574,6.552156513571506,7.275467945543672,4.127217348623785,3.6365047490096454,209
11.879999999999836,6.588759983955588,7.310165681291793,6.569756906815904,7.26760878201852,4.660693742923117,4.22958576822409,209
11.899999999999835,6.6085355239983485,7.307177702708012,6.587357300060301,7.259749618493369,5.194170137222487,4.8870495143947235,209
11.919999999999835,6.62831106404111,7.304189724124231,6.6049576933047,7.251890454968216,5.727646531521901,5.544513260565357,209
11.939999999999834,6.647769230880251,7.299918740474701,6.619305951480827,7.244736937628118,6.20901734541694,6.073674047235589,210
11.959999999999834,6.666657188453595,7.293342642945958,6.636903841732851,7.235659784631208,6.490434334036746,6.372319038930672,210
11.979999999999833,6.685545146026938,7.286766545417214,6.654501731984875,7.226582631634298,6.771851322656432,6.670964030625677,210
11.999999999999833,6.704433103600283,7.2801904478884705,6.6720996222369,7.217505478637388,7.053268311276318,6.9696090223207605,210
12.019999999999833,6.7233210611736265,7.273614350359727,6.689130941422078,7.208629390974135,7.343030188534105,7.268254014015767,211
12.039999999999832,6.74220901874697,7.267038252830984,6.706633833108556,7.199420706866043,7.640501525115032,7.566899005710851,211
12.059999999999832,6.761096976320315,7.260462155302241,6.724136724795036,7.190212022757951,7.9379728616959575,7.865543997405933,211
12.079999999999831,6.779026868925755,7.2518839772650106,6.741714237687216,7.180964078673657,8.013653639976637,7.942403473799519,211
12.099999999999831,6.795997218906132,7.24130063084039,6.7593664868759955,7.171676814061127,7.867201784609425,7.797135367322163,212
12.11999999999983,6.812967568886509,7.23071728441577,6.777018736064775,7.162389549448596,7.720749929242213,7.651867260844764,212
12.13999999999983,6.829937918866886,7.220133937991151,6.794670985253554,7.153102284836065,7.574298073875199,7.506599154367407,212
12.15999999999983,6.846908268847263,7.209550591566531,6.812323234442334,7.143815020223534,7.427846218507987,7.361331047890049,212
12.17999999999983,6.8638786188276395,7.198967245141911,6.829975483631114,7.134527755611003,7.281394363140777,7.216062941412652,213
12.199999999999829,6.880848968808016,7.188383898717292,6.847627732819894,7.125240490998473,7.134942507773642,7.0707948349353735,213
12.219999999999828,6.897839126931774,7.1778326519528175,6.865282268773518,7.1159520232650255,6.9922537281860615,6.9292899569205275,213
12.239999999999828,6.914908902472237,7.167410427478254,6.882945996215009,7.106658719673038,6.864690362761247,6.802911106767128,213
12.259999999999827,6.931978678012699,7.1569882030036895,6.900609723656499,7.09736541608105,6.737126997336311,6.676532256613611,214
12.279999999999827,6.9490484535531625,7.146565978529126,6.91827345109799,7.088072112489062,6.609563631911576,6.550153406460171,214
12.299999999999827,6.966118229093626,7.1361437540545625,6.935937178539482,7.0787788088970744,6.482000266486719,6.423774556306731,214
12.319999999999826,6.983188004634089,7.125721529579998,6.953600905980973,7.069485505305087,6.354436901061826,6.297395706153293,214
12.339999999999826,7.000257780174551,7.1152993051054345,6.9712646334224635,7.060192201713099,6.226873535636971,6.171016855999774,215
12.359999999999825,7.017327555715014,7.104877080630871,6.988928360863954,7.050898898121112,6.099310170212156,6.044638005846377,215
12.379999999999825,7.0343973312554775,7.094454856156307,7.006592088305445,7.041605594529123,5.97174680478742,5.918259155692937,215
12.399999999999824,7.05146710679594,7.084032631681743,7.024255815746936,7.032312290937136,5.844183439362485,5.791880305539419,215
12.419999999999824,7.068421945109345,7.073424704646155,7.04190604487333,7.023026089127068,5.694833984908648,5.643714465024511,216
12.439999999999824,7.085363910884443,7.062795979620292,7.059554762239064,7.013740682689937,5.543044570201957,5.493108563310809,216
12.459999999999823,7.102305876659539,7.052167254594428,7.077203479604798,7.004455276252806,5.391255155495187,5.342502661596987,216
12.479999999999823,7.119247842434636,7.041538529568565,7.094852196970532,6.995169869815674,5.2394657407884955,5.191896759883285,216
12.499999999999822,7.136189808209734,7.030909804542701,7.112500914336266,6.985884463378543,5.087676326081725,5.041290858169542,217
12.519999999999822,7.153139699164189,7.020293735718425,7.130150623593635,6.97659853508383,4.937375977263852,4.892174088596658,217
12.539999999999822,7.1700995184648,7.009693522074795,7.147801575452976,6.967311953026913,4.78894107034006,4.744922843915593,217
12.559999999999821,7.187059337765411,6.999093308431165,7.165452527312317,6.958025370969996,4.640506163416268,4.597671599234528,217
12.57999999999982,7.204019157066022,6.988493094787535,7.183103479171658,6.948738788913079,4.492071256492477,4.450420354553582,218
12.59999999999982,7.220978976366633,6.977892881143904,7.200754431031,6.939452206856163,4.3436363495685635,4.303169109872518,218
12.61999999999982,7.237938795667244,6.967292667500274,7.2184053828903405,6.930165624799246,4.1952014426447715,4.155917865191452,218
12.63999999999982,7.254898614967855,6.956692453856644,7.236056334749682,6.920879042742328,4.0467665357210585,4.008666620510466,218
12.659999999999819,7.271858434268466,6.946092240213014,7.253707286609022,6.911592460685411,3.8983316287972656,3.861415375829401,218
12.679999999999819,7.289322339679047,6.936416752597766,7.27137199618657,6.902298640368482,3.8552048111454837,3.819473124440224,219
12.699999999999818,7.307421088522259,6.927905860146893,7.289054032163077,6.89299570422443,3.9447024549794185,3.9101564730546206,219
12.719999999999818,7.325336697972315,6.919016340864929,7.3067486504049945,6.883686148253802,3.9921648541916435,3.958805428189886,219
12.739999999999817,7.343244661907593,6.910111015059955,7.32444379391837,6.874376315925472,4.037872409301937,4.005699574755905,219
12.759999999999817,7.3611526258428714,6.90120568925498,7.342138937431745,6.865066483597143,4.083579964412153,4.052593721321886,220
12.779999999999816,7.379118429629164,6.892418308047397,7.359830780848459,6.855758387527497,4.142418578576034,4.112618703331616,220
12.799999999999816,7.397123871166756,6.883711754479172,7.377520362703147,6.8464514813189705,4.210255930529224,4.181642269890325,220
12.819999999999816,7.415129312704347,6.875005200910948,7.395209944557833,6.837144575110444,4.278093282482455,4.250665836449075,220
12.839999999999815,7.433134754241938,6.866298647342723,7.412899526412521,6.8278376689019185,4.3459306344354465,4.319689403007785,221
12.859999999999815,7.45114019577953,6.857592093774499,7.430589108267209,6.818530762693392,4.4137679863886365,4.4137679863886365,221
12.879999999999814,7.469145637317121,6.848885540206274,7.448278690121896,6.8092238564848655,4.481605338341748,4.481605338341748,221
12.899999999999814,7.487151078854712,6.840178986638049,7.465968271976583,6.79991695027634,4.549442690294859,4.549442690294859,221
12.919999999999813,7.505156520392303,6.831472433069824,7.480987422497358,6.791127283533577,4.703058987677655,4.703058987677655,222
12.939999999999813,7.523161961929895,6.8227658795016,7.498076003374324,6.78089022681552,4.881470684677973,4.881470684677973,222
12.959999999999813,7.541167403467486,6.814059325933375,7.51516458425129,6.770653170097462,5.059882381678171,5.059882381678171,222
12.979999999999812,7.559172845005077,6.805352772365151,7.532253165128256,6.760416113379405,5.238294078678414,5.238294078678414,222
12.999999999999812,7.576300308232468,6.7952147685022934,7.546366931752175,6.751182783093542,5.324305369292272,5.324305369292272,223
13.019999999999811,7.592222567512095,6.783111807730966,7.562883782249882,6.739954465777686,5.218544323022037,5.218544323022037,223
13.03999999999981,7.608144826791722,6.771008846959638,7.579400632747589,6.72872614846183,5.112783276751778,5.112783276751778,223
13.05999999999981,7.62406708607135,6.75890588618831,7.595917483245297,6.717497831145974,5.007022230481542,5.007022230481542,223
13.07999999999981,7.639989345350977,6.746802925416982,7.609630137073658,6.707378104284161,4.975940160995235,4.975940160995235,224
13.09999999999981,7.655911604630605,6.734699964645654,7.625476006319214,6.695175942525702,4.988460653458923,4.988460653458923,224
13.11999999999981,7.671833863910233,6.722597003874326,7.64132187556477,6.682973780767243,5.000981145922595,5.000981145922595,224
13.139999999999809,7.68775612318986,6.710494043102998,7.657167744810326,6.670771619008785,5.013501638386212,5.013501638386212,224
13.159999999999808,7.703678382469487,6.69839108233167,7.670096586440205,6.659880241658042,5.10962021479277,5.10962021479277,225
13.179999999999808,7.716966214825928,6.683475160729529,7.685033337080681,6.6468552620789225,4.858729935151307,4.858729935151307,225
13.199999999999807,7.730085762237049,6.668379549588296,7.69996350167817,6.633836025587941,4.5832364455045385,4.5832364455045385,225
13.219999999999807,7.743205309648171,6.653283938447063,7.714893666275658,6.62081678909696,4.3077429558578375,4.3077429558578375,225
13.239999999999807,7.756324857059292,6.63818832730583,7.727284787276738,6.608815814433251,4.130460223056758,4.130460223056758,226
13.259999999999806,7.7694444044704145,6.623092716164598,7.741466542372221,6.594794570850908,3.9793790919944096,3.9793790919944096,226
13.279999999999806,7.782563951881536,6.607997105023364,7.755648297467705,6.580773327268565,3.8282979609318724,3.8282979609318724,226
13.299999999999805,7.792220848836177,6.590814750329834,7.769046007493192,6.567527254800934,3.2853930043162656,3.2853930043162656,226
13.319999999999805,7.799439078510239,6.57216274881867,7.780169093389159,6.555022260804411,2.579008832737039,2.579008832737039,227
13.339999999999804,7.806657308184302,6.553510747307506,7.792619900463585,6.541024592425891,1.87870401938496,1.87870401938496,227
13.359999999999804,7.8138755378583635,6.534858745796342,7.805070707538009,6.527026924047371,1.178399206032822,1.178399206032822,227
13.379999999999804,7.821093767532426,6.516206744285178,7.817278065239746,6.5132364532540175,0.48355157735404153,0.48355157735404153,228
13.399999999999803,7.828311997206489,6.497554742774014,7.829042598243735,6.498123471029478,0.09258670013494702,0.09258670013494702,228
13.419999999999803,7.835530226880551,6.47890274126285,7.840807131247723,6.483010488804938,0.6687249776238811,0.6687249776238811,228
13.439999999999802,7.842748456554614,6.460250739751686,7.852571664251712,6.467897506580399,1.2448632551128695,1.2448632551128695,228
13.459999999999802,7.849966686228677,6.441598738240522,7.864662713868034,6.451537736864296,1.7741390081392516,1.7741390081392516,229
13.479999999999801,7.857184915902739,6.422946736729357,7.8755836034126725,6.435389863152905,2.221132812959637,2.221132812959637,229
13.499999999999801,7.86283007587465,6.403878178961875,7.886204102910762,6.419686152942669,2.8217674979741307,2.8217674979741307,229
13.5199999999998,7.865788804407964,6.384098241513386,7.896311607171711,6.404740969065842,3.6847845111479143,3.6847845111479143,229
13.5399999999998,7.868747532941278,6.364318304064897,7.907252870868215,6.386707798097122,4.4541559154195065,4.4541559154195065,230
13.5599999999998,7.871706261474591,6.344538366616408,7.916595725387404,6.370640004428101,5.192648136387232,5.192648136387232,230
13.5799999999998,7.874664990007904,6.324758429167919,7.925938579906593,6.354572210759079,5.9311403573548365,5.9311403573548365,230
13.599999999999799,7.8776237185412175,6.30497849171943,7.937188077594685,6.334317499479207,6.6397968687142,6.6397968687142,231
13.619999999999798,7.880582447074532,6.2851985542709405,7.945606318847722,6.317226698430301,7.248383211909469,7.248383211909469,231
13.639999999999798,7.883541175607845,6.265418616822451,7.95402456010076,6.300135897381396,7.856969555104936,7.856969555104936,231
13.659999999999798,7.886499904141158,6.245638679373962,7.962442801353797,6.283045096332491,8.465555898300323,8.465555898300323,231
13.679999999999797,7.886012167330132,6.225707814738959,7.97187582589445,6.260777267247335,9.274930922269519,9.274930922269519,232
13.699999999999797,7.884793850412325,6.205744956629767,7.989960123823338,6.21649987277217,10.57147732551613,10.142533774505681,233
13.719999999999796,7.8835755334945175,6.185782098520574,7.989960123823338,6.21649987277217,11.073058617384381,11.010136626741959,233
13.739999999999796,7.88235721657671,6.1658192404113805,7.994515370887947,6.202614840129262,11.803968712726123,11.803968712726123,233
13.759999999999796,7.881138899658903,6.1458563823021874,8.010806878761276,6.152956036684577,12.9862195795554,12.542016681405393,234
13.779999999999795,7.879920582741096,6.125893524192994,8.010806878761276,6.152956036684577,13.365478692601807,13.280064650084746,234
13.799999999999795,7.878702265823288,6.105930666083802,8.014089804888313,6.139853878785015,13.95728128757718,13.95728128757718,234
13.819999999999794,7.877483948905481,6.085967807974609,8.01872432023677,6.121357528415339,14.56065754238907,14.56065754238907,234
13.839999999999794,7.876265631987674,6.066004949865416,8.026906245587087,6.0887034650237055,15.234112069956291,15.16403379720096,235
13.859999999999793,7.871824656696446,6.046579494204207,8.029449626072509,6.074176535717317,16.002258487813897,16.002258487813897,235
13.879999999999793,7.866499270699437,6.027301520659696,8.03821950607595,6.0240859466113275,17.175033960439713,16.458363814575925,236
13.899999999999793,7.861173884702429,6.008023547115186,8.03821950607595,6.0240859466113275,17.777275585733097,15.761130648820448,236
13.919999999999792,7.85584849870542,5.988745573570675,8.044732799890287,5.95948631460247,19.113708031008546,15.066797296539827,237
13.939999999999792,7.850523112708412,5.969467600026165,8.044732799890287,5.95948631460247,19.446600899383654,14.443958092979988,237
13.959999999999791,7.845197726711404,5.950189626481654,8.044732799890287,5.95948631460247,19.97515302532576,13.824656512078809,237
13.97999999999979,7.839872340714395,5.9309116529371435,8.049523408883035,5.899366901004078,21.20109472616219,13.288013364294207,238
13.99999999999979,7.8345469547173865,5.911633679392633,8.049523408883035,5.899366901004078,21.532614726890227,12.77051774254103,238
14.01999999999979,7.829221568720378,5.892355705848122,8.049523408883035,5.899366901004078,22.04133789872287,12.366095410529049,238
14.03999999999979,7.82180178003095,5.873847213604866,8.052624997795638,5.843740505452486,23.27783747151294,11.781470250472077,239
14.059999999999789,7.813379744331287,5.855706945837449,8.054069985801716,5.7926191818688535,24.88209362205093,10.611224104951985,240
14.079999999999789,7.8049577086316235,5.837566678070032,8.054069985801716,5.7926191818688535,25.3134754728828,8.85950979500863,240
14.099999999999788,7.79653567293196,5.819426410302615,8.053889707280517,5.746014329110469,26.76199407003149,7.107795485065205,241
14.119999999999788,7.788113637232297,5.801286142535198,8.053889707280517,5.746014329110469,27.146250711568637,5.35608117512183,241
14.139999999999787,7.779691601532634,5.783145874767781,8.052114558666176,5.7039367701779815,28.370468770061137,3.6043668651784024,242
14.159999999999787,7.771269565832971,5.765005607000365,8.052114558666176,5.7039367701779815,28.740792061166637,1.8526525552350994,242
14.179999999999787,7.762847530133308,5.746865339232948,8.048774133188624,5.666396821667456,29.703401262135053,0.10093824529167257,243
14.199999999999786,7.754425494433645,5.728725071465531,8.048774133188624,5.666396821667456,30.087527625213895,1.6507760646517544,243
14.219999999999786,7.744245825183127,5.711580449336221,8.043897345275626,5.63340435492896,30.968134466014945,3.4853846835880926,244
14.239999999999785,7.7330167814271045,5.6950302657624565,8.009587394882738,5.547094019757342,31.365018270249923,5.369484377877739,247
14.259999999999785,7.721787737671082,5.678480082188691,7.997446499462725,5.536974927022985,30.985716369154957,7.2535840721674365,248
14.279999999999784,7.71055869391506,5.661929898614926,7.983934540055744,5.531455854238981,30.29155484767177,9.13768376645701,249
14.299999999999784,7.699329650159038,5.6453797150411615,7.969078623351118,5.530544793909616,29.317497787067293,11.021783460746585,250
14.319999999999784,7.688100606403015,5.628829531467396,7.935444078470917,5.54257802264371,26.195059829854834,12.905883155036355,252
14.339999999999783,7.676871562646993,5.612279347893631,7.916720693771469,5.555537714191399,24.646950865444694,14.78998284932593,253
14.359999999999783,7.665642518890971,5.5957291643198666,7.916720693771469,5.555537714191399,25.42746596984276,16.674082543615505,253
14.379999999999782,7.6540541889461675,5.579462046981753,7.896764046861875,5.573136270289926,24.27922786668018,18.570424533353627,254
14.399999999999782,7.640591397578626,5.5646717377018895,7.875602902278786,5.595381242787631,23.70094534908776,20.53063680605928,255
14.419999999999781,7.627128606211084,5.549881428422026,7.8532666945201495,5.622280162699464,23.74447550674762,22.49084907876501,256
14.439999999999781,7.613665814843542,5.535091119142162,7.8532666945201495,5.622280162699464,25.497158833533014,24.451061351470663,256
14.45999999999978,7.600203023476,5.520300809862298,7.829785662657935,5.653840560678591,26.559565746039627,26.41127362417644,257
14.47999999999978,7.586740232108458,5.505510500582434,7.829785662657935,5.653840560678591,28.47330118534034,28.37148589688222,257
14.49999999999978,7.572099936828287,5.492293063417278,7.816747987895832,5.671626642551287,30.333677900340767,30.333677900340767,258
14.51999999999978,7.554116307262325,5.483541545398426,7.814635221380755,5.67450889256141,32.30149103306428,32.30149103306428,258
14.539999999999779,7.5350552394976855,5.481877185872363,7.808766578395158,5.682514934016505,33.93720716579362,33.93720716579362,258
14.559999999999778,7.517515773537409,5.4882949889307655,7.799576041107042,5.695052725581581,34.97238284795894,34.97238284795894,259
14.579999999999778,7.506865093752054,5.505223161310258,7.787781738110889,5.7111425914931555,34.83058609967361,34.83058609967361,259
14.599999999999778,7.5178596553774435,5.521528947515305,7.783849663675932,5.716506753362951,32.979846768563434,32.979846768563434,259
14.619999999999777,7.529465437372843,5.537817158720814,7.780139603593187,5.721568041789637,31.080850155495604,31.080850155495604,260
14.639999999999777,7.541071219368243,5.554105369926321,7.776429543510443,5.726629330216321,29.181853542427728,29.181853542427728,260
14.659999999999776,7.552677001363643,5.570393581131829,7.772719483427698,5.731690618643006,27.2828569293599,27.2828569293599,260
14.679999999999776,7.564282783359043,5.5866817923373375,7.769009423344954,5.736751907069691,25.38386031629208,25.38386031629208,260
14.699999999999775,7.575888565354443,5.602970003542845,7.765299363262209,5.741813195496375,23.484863703224132,23.484863703224132,260
14.719999999999775,7.58751455291798,5.619243230815015,7.761603510065744,5.746855102795128,21.585123319329153,21.585123319329153,260
14.739999999999775,7.59973086398356,5.6350786892532465,7.758322723587732,5.751330773339876,19.663653014430952,19.663653014430952,261
14.759999999999774,7.61194717504914,5.650914147691478,7.75504193710972,5.755806443884625,17.74218270953288,17.74218270953288,261
14.779999999999774,7.62416348611472,5.66674960612971,7.751761150631707,5.7602821144293745,15.82071240463473,15.82071240463473,261
14.799999999999773,7.636379797180301,5.682585064567942,7.748480364153695,5.7647577849741225,13.899242099736457,13.899242099736457,261
14.819999999999773,7.648596108245881,5.698420523006174,7.745199577675683,5.769233455518871,11.97777179483833,11.97777179483833,261
14.839999999999772,7.660812419311461,5.714255981444405,7.74191879119767,5.77370912606362,10.056301489940182,10.056301489940182,261
14.859999999999772,7.673028730377041,5.730091439882638,7.7386380047196575,5.77818479660837,8.134831185042035,8.134831185042035,261
14.879999999999772,7.685245041442621,5.745926898320869,7.735357218241646,5.782660467153119,6.213360880143959,6.213360880143959,261
14.899999999999771,7.697461352508201,5.7617623567591005,7.732076431763633,5.787136137697867,4.291890575245759,4.291890575245759,262
14.91999999999977,7.709677663573781,5.777597815197333,7.72879564528562,5.7916118082426165,2.370420270347611,2.370420270347611,262
14.93999999999977,7.721893974639362,5.793433273635564,7.725514858807609,5.796087478787364,0.4489499654494112,0.4489499654494112,262
14.95999999999977,7.734110285704942,5.809268732073797,7.722234072329596,5.800563149332114,1.4725203394487365,1.4725203394487365,262
14.97999999999977,7.73504787893842,5.82853508261771,7.713375225436543,5.812648446673286,2.68717158261812,2.68717158261812,262
14.999999999999769,7.733718971229411,5.848490883887037,7.703395446237519,5.8262629272569875,3.759784866027929,3.6727693825375956,263
15.019999999999769,7.732390063520403,5.868446685156366,7.6934156670384946,5.83987740784069,4.83239814943781,3.05346568317754,263
15.039999999999768,7.731061155811394,5.888402486425694,7.683435887839471,5.853491888424391,5.905011432847619,2.60989796464799,264
15.059999999999768,7.735594463185109,5.907315360081102,7.676002362390346,5.863632752854082,7.388767590933769,2.9158179618510616,264
15.079999999999767,7.743724530046115,5.925588345957404,7.670131089810276,5.871642381619295,9.124780279061268,3.677444027457974,264
15.099999999999767,7.751854596907121,5.943861331833707,7.6642598172302066,5.8796520103845085,10.860792967188768,4.4768926213290765,264
15.119999999999767,7.759984663768127,5.962134317710009,7.658388544650137,5.887661639149721,12.596805655316267,5.366189735674011,265
15.139999999999766,7.768114730629133,5.980407303586312,7.652517272070067,5.895671267914935,14.332818343443765,6.261127995598027,265
15.159999999999766,7.761982069030611,5.99705902040364,7.642433929809305,5.909427029910289,14.822659460806465,5.784292489448113,265
15.179999999999765,7.7499581728856715,6.013041070381528,7.630610787868191,5.925556238100725,14.797768139050849,4.724596547939267,266
15.199999999999765,7.737934276740733,6.029023120359415,7.618787645927078,5.94168544629116,14.772876817295282,3.6901497218931323,266
15.219999999999764,7.722618090397866,6.041322248842861,7.607569865569436,5.956988816218049,14.264719378402305,2.316610952128716,267
15.239999999999764,7.705393443591867,6.051486477412141,7.596702998581669,5.971813467812054,13.476424338544076,0.7280641346056016,267
15.259999999999764,7.688168796785868,6.06165070598142,7.585836131593901,5.986638119406059,12.688129298685919,0.8559012610377325,268
15.279999999999763,7.670944149979868,6.0718149345507,7.574969264606133,6.001462771000064,11.89983425882774,2.410322947530859,268
15.299999999999763,7.6537195031738685,6.081979163119979,7.564102397618365,6.016287422594069,11.11153921896951,3.96474463402391,269
15.319999999999762,7.635947850646889,6.091121578642818,7.553531560243355,6.030708228638518,10.218717034257141,5.588287155914921,269
15.339999999999762,7.617938143982955,6.099819306270137,7.543089553466043,6.044953283132157,9.280405162139067,7.241910717519254,270
15.359999999999761,7.599928437319021,6.108517033897456,7.5326475466887315,6.059198337625797,8.34209329002092,8.34209329002092,270
15.379999999999761,7.581918730655087,6.117214761524775,7.52220553991142,6.0734433921194375,7.403781417902647,7.403781417902647,271
15.39999999999976,7.563909023991153,6.1259124891520935,7.511763533134109,6.087688446613076,6.4654695457845,6.4654695457845,271
15.41999999999976,7.545899317327218,6.1346102167794125,7.501321526356796,6.101933501106716,5.527157673666353,5.527157673666353,271
15.43999999999976,7.537401265729315,6.149292732470164,7.491350382792583,6.115536200900471,5.7098049378838125,5.7098049378838125,272
15.45999999999976,7.537354231944442,6.169292677165664,7.481797596851072,6.128568174466947,6.888414057644699,6.888414057644699,272
15.479999999999759,7.53730719815957,6.189292621861164,7.4722448109095625,6.141600148033423,8.06702317740546,8.06702317740546,273
15.499999999999758,7.537260164374697,6.209292566556664,7.462692024968052,6.154632121599899,9.245632297166223,9.245632297166223,273
15.519999999999758,7.5245815968053735,6.222609035522211,7.451911060455601,6.1693395844706895,9.010350308780467,9.010350308780467,273
15.539999999999758,7.508072856735681,6.233898920433551,7.44075768386175,6.1845550943583785,8.346343912626685,8.346343912626685,274
15.559999999999757,7.491564116665987,6.24518880534489,7.429604307267898,6.199770604246068,7.6823375164728525,7.6823375164728525,274
15.579999999999757,7.475055376596295,6.2564786902562295,7.418450930674045,6.214986114133758,7.018331120319091,7.018331120319091,275
15.599999999999756,7.458546636526601,6.267768575167569,7.407297554080193,6.230201624021448,6.3543247241652585,6.3543247241652585,275
15.619999999999756,7.441980457765263,6.278973552784075,7.396164586847681,6.24538929132383,5.680666022366218,5.680666022366218,276
15.639999999999755,7.425358537987935,6.290096132651896,7.385051425751143,6.26054993896493,4.99764030143937,4.99764030143937,276
15.659999999999755,7.4087366182106065,6.301218712519716,7.373938264654603,6.27571058660603,4.314614580512469,4.314614580512469,277
15.679999999999755,7.392114698433279,6.312341292387536,7.362825103558063,6.290871234247129,3.631588859585693,3.631588859585693,277
15.699999999999754,7.37549277865595,6.323463872255357,7.351711942461525,6.30603188188823,2.948563138658721,2.948563138658721,278
15.719999999999754,7.35908408566114,6.334895066475602,7.340526155492482,6.321291606223448,2.300980015073432,2.300980015073432,278
15.739999999999753,7.342800552277462,6.346507410792865,7.329297738672472,6.33660948648243,1.6742009464405085,1.6742009464405085,279
15.759999999999753,7.326517018893785,6.358119755110128,7.318069321852463,6.3519273667414105,1.0474218778075135,1.0474218778075135,279
15.779999999999752,7.310233485510109,6.369732099427391,7.3068409050324545,6.367245247000391,0.4206428091746427,0.4206428091746427,280
15.799999999999752,7.2939499521264315,6.381344443744654,7.295612488212445,6.382563127259373,0.2061362594582806,0.2061362594582806,280
15.819999999999752,7.278046010388362,6.3934267184593505,7.284292675009672,6.398005691066331,0.7745179728489268,0.7745179728489268,281
15.839999999999751,7.263268883164923,6.406903977491597,7.272701552435699,6.413818376906324,1.1695476426303522,1.1695476426303522,281
15.85999999999975,7.248491755941483,6.420381236523843,7.261110429861724,6.429631062746318,1.5645773124117583,1.5645773124117583,282
15.87999999999975,7.233714628718044,6.433858495556089,7.249519307287751,6.445443748586311,1.9596069821931839,1.9033426824428614,282
15.89999999999975,7.218937501494604,6.447335754588336,7.237928184713777,6.461256434426305,2.354636651974662,1.4412005777716377,283
15.91999999999975,7.204160374271164,6.460813013620582,7.226337062139803,6.477069120266298,2.7496663217560156,0.9790584731005371,283
15.939999999999749,7.190078265722346,6.4749910671334945,7.214654711206301,6.4930062604358625,3.047209973643936,0.6138148125423247,284
15.959999999999749,7.176479176260225,6.489656153761306,7.202908959042718,6.509029892981531,3.2770034929842184,0.31591293672580867,284
15.979999999999748,7.162880086798104,6.5043212403891175,7.191163206879136,6.525053525527199,3.5067970123244496,0.01801106090924265,285
15.999999999999748,7.149280997335983,6.518986327016929,7.179417454715553,6.541077158072868,3.736590531664804,0.2798908149073234,285
16.019999999999747,7.135681907873861,6.533651413644741,7.16767170255197,6.557100790618536,3.966384051005035,0.5777926907238894,285
16.039999999999747,7.122586396964409,6.548739315163922,7.1559003555670975,6.573159339788164,4.13056586974502,0.8102702929121753,286
16.059999999999746,7.110495823438821,6.564670982742125,7.144077931758934,6.5892875682968945,4.163813496782852,0.9121877311838994,286
16.079999999999746,7.098405249913235,6.580602650320327,7.132255507950772,6.605415796805624,4.197061123820633,1.0141051694556236,287
16.099999999999746,7.086314676387648,6.596534317898529,7.12043308414261,6.6215440253143525,4.230308750858414,1.1160226077274211,287
16.119999999999745,7.074224102862061,6.612465985476732,7.108610660334446,6.637672253823082,4.263556377896123,1.2179400459991452,288
16.139999999999745,7.0621335293364735,6.628397653054934,7.096788236526283,6.653800482331811,4.296804004933903,1.319857484270943,288
16.159999999999744,7.050042955810887,6.644329320633137,7.08496581271812,6.669928710840541,4.330051631971612,1.4217749225426672,289
16.179999999999744,7.038524953527753,6.660666277319944,7.073150265092498,6.6860475588157104,4.2931592694925635,1.4535538108016226,289
16.199999999999743,7.027518288684622,6.6773651793506446,7.061340858274025,6.70215802946128,4.193628059614327,1.4226951372172723,290
16.219999999999743,7.01651162384149,6.694064081381346,7.04953145145555,6.71826850010685,4.0940968497359655,1.3918364636328722,290
16.239999999999743,7.005504958998358,6.710762983412047,7.037722044637076,6.73437897075242,3.9945656398576572,1.360977790048522,291
16.259999999999742,6.994498294155226,6.727461885442748,7.0259126378186005,6.750489441397991,3.8950344299793485,1.3301191164642452,291
16.279999999999742,6.983491629312094,6.744160787473449,7.014103231000127,6.766599912043561,3.7955032201011116,1.2992604428798953,292
16.29999999999974,6.972484964468962,6.760859689504151,7.002293824181653,6.782710382689131,3.6959720102227505,1.2684017692954952,292
16.31999999999974,6.961585592195897,6.777626706962263,6.9904894396474875,6.7988140019013334,3.5837604054121437,1.2248410037341633,293
16.33999999999974,6.951156602799639,6.79469235023091,6.978707073381126,6.814887583647423,3.415956501492481,1.1255928167430393,293
16.35999999999974,6.94072761340338,6.811757993499556,6.966924707114765,6.8309611653935125,3.2481525975728176,1.026344629752039,294
16.37999999999974,6.930298624007122,6.8288236367682025,6.955142340848403,6.847034747139602,3.0803486936531033,0.9270964427610386,294
16.39999999999974,6.919863276812494,6.845885388813276,6.943359607806913,6.863108829242741,2.913287610976006,0.8285927696602972,295
16.41999999999974,6.909411214476973,6.862936910532301,6.9315759104854,6.879184226823044,2.748179462475921,0.7320464808378447,295
16.43999999999974,6.898959152141452,6.879988432251325,6.919792213163886,6.895259624403348,2.5830713139757653,0.6355001920153187,296
16.459999999999738,6.88850708980593,6.89703995397035,6.908008515842373,6.9113350219836525,2.417963165475805,0.538953903192916,296
16.479999999999738,6.878055027470409,6.914091475689375,6.896224818520859,6.927410419563956,2.25285501697572,0.4424076143704635,297
16.499999999999737,6.867602965134888,6.9311429974084,6.884441121199346,6.94348581714426,2.087746868475636,0.3458613255479875,297
16.519999999999737,6.857129046250042,6.948181037520341,6.87265621283979,6.959562866830646,1.9251985371766887,0.25188037958391635,298
16.539999999999736,6.846581803915118,6.965173850092968,6.860867241739765,6.975645458934368,1.7712377750294974,0.166505540019061,298
16.559999999999736,6.8360345615801945,6.982166662665593,6.84907827063974,6.9917280510380895,1.6172770128824292,0.08113070045415566,299
16.579999999999735,6.825487319245272,6.999159475238219,6.837289299539716,7.00781064314181,1.463316250735185,0.1313999048405957,299
16.599999999999735,6.814940076910348,7.016152287810845,6.8230150383015715,7.023563094431658,1.0960157674086197,0.4383782353541205,300
16.619999999999735,6.804392834575426,7.033145100383471,6.809727730211185,7.038041207991094,0.7241062156194973,0.7241062156194973,300
16.639999999999734,6.793513697689511,7.049925005681282,6.794912704973514,7.051496996015837,0.21043704504263325,0.21043704504263325,301
16.659999999999734,6.782465588668781,7.066596516922499,6.780468130066055,7.064352078560338,0.3004553948782251,0.3004553948782251,301
16.679999999999733,6.77141747964805,7.083268028163717,6.765920886655806,7.075815547685167,0.9260237567446767,0.9260237567446767,302
16.699999999999733,6.76036937062732,7.099939539404934,6.750801409721275,7.086966950389802,1.6119365423463028,1.6119365423463028,302
16.719999999999732,6.749321261606589,7.116611050646151,6.737150732043899,7.096880501265247,2.3182242529760027,2.3182242529760027,303
16.739999999999732,6.738273152585858,7.133282561887368,6.721698430982948,7.106412049690142,3.1571281601405294,3.1571281601405294,303
16.75999999999973,6.727225043565127,7.149954073128585,6.706246129921998,7.115943598115039,3.9960320673049323,3.4189853079336703,303
16.77999999999973,6.714753536583314,7.1655148815980265,6.693079964775304,7.123705261843775,4.709339676549173,2.6225617958578153,304
16.79999999999973,6.701267770711797,7.180284245797565,6.676415982902706,7.132343656783648,5.399917992256365,1.9434054125050109,304
16.81999999999973,6.68778200484028,7.195053609997103,6.659752001030108,7.140982051723521,6.0904963079634795,1.2642490291523265,304
16.83999999999973,6.674296238968763,7.2098229741966415,6.647021314765376,7.147288350661804,6.8223900730934055,0.5820752456288608,305
16.85999999999973,6.660810473097246,7.22459233839618,6.630278770511701,7.154590731321958,7.637021576338442,0.017360358287089078,305
16.87999999999973,6.647324707225729,7.239361702595718,6.613536226258026,7.161893111982113,8.451653079583359,0.6954002412805593,305
16.89999999999973,6.633838941354212,7.2541310667952565,6.6000157834744035,7.167790149995208,9.272949866593322,1.3734401242741083,305
16.919999999999728,6.619694034264968,7.268189753298975,6.584957168977053,7.173302917479771,10.104534339498919,1.9578804103122769,306
16.939999999999728,6.60395311108038,7.2805276355036685,6.567093580366248,7.179842550356923,10.721992060934085,2.3156826721450514,306
16.959999999999727,6.5882121878957935,7.292865517708363,6.549229991755444,7.186382183234076,11.339449782369332,2.6734849339779823,306
16.979999999999727,6.572471264711206,7.305203399913057,6.537372489173065,7.190256552750281,12.018611282897627,3.0612362350195017,307
16.999999999999726,6.556730341526619,7.317541282117751,6.519527992963438,7.195705331751292,12.738922065981399,3.5204378782159504,307
17.019999999999726,6.540989418342032,7.3298791643224455,6.501683496753809,7.201154110752303,13.459232849065195,3.9796395214123614,307
17.039999999999726,6.525248495157444,7.342217046527139,6.485730008834903,7.206025474389821,14.180922072439165,4.535377097376492,307
17.059999999999725,6.509507571972858,7.354554928731833,6.472906272223055,7.209255813591751,14.983820608865322,5.150536760793607,308
17.079999999999725,6.49376664878827,7.366892810936527,6.4551820892848015,7.213720590489518,15.795726431140722,5.765696424210722,308
17.099999999999724,6.4764425604377225,7.376875453900339,6.436527097899636,7.218419840934781,16.340570807018935,6.203205126634414,308
17.119999999999724,6.459074673737097,7.386792939042965,6.422081499776022,7.222058732104062,16.88367668948431,6.6771376763840244,308
17.139999999999723,6.4417067870364715,7.396710424185592,6.4066771521160595,7.225205039585746,17.50462003854938,7.151070226133719,309
17.159999999999723,6.4243335670505095,7.40661843466021,6.388057021331952,7.229008164397596,18.127712451390344,7.702268565550222,309
17.179999999999723,6.406845042184136,7.416321604142302,6.36936636611962,7.232825693684148,18.728427674104346,8.276808326294951,309
17.199999999999722,6.389356517317763,7.426024773624396,6.354145139884766,7.235934598977659,19.332386194662014,8.851348087039677,309
17.21999999999972,6.371546201567494,7.435098374975382,6.339805277200374,7.238246800431751,19.939415407675806,9.395019747930348,310
17.23999999999972,6.353438229957853,7.44358962719072,6.320821710325194,7.241307766348839,20.4894579183056,9.881799577121551,310
17.25999999999972,6.335330258348214,7.452080879406058,6.301838143450014,7.2443687322659285,21.039500428935323,10.302847222767022,310
17.27999999999972,6.316451924342927,7.458006805092469,6.282506894427567,7.247485759470643,21.324018314018996,10.553486869305804,310
17.29999999999972,6.296661752971218,7.460896288969973,6.270801268902871,7.248935301483508,21.353272548367563,10.489165624875357,311
17.31999999999972,6.276871581599509,7.463785772847478,6.250953998727973,7.251356784890642,21.40041962819156,10.424844380444995,311
17.33999999999972,6.2570814102278,7.466675256724982,6.231106728553076,7.253778268297776,21.44756670801546,10.381439495650495,311
17.35999999999972,6.2372912388560895,7.469564740602487,6.211259458378178,7.256199751704909,21.49471378783954,10.445800757959429,311
17.37999999999972,6.21750106748438,7.472454224479991,6.199045358614564,7.257453753433821,21.57911391599812,10.510165901896954,312
17.399999999999718,6.197710896112671,7.475343708357496,6.179153725722442,7.25916125753284,21.697746569044142,10.574531045834467,312
17.419999999999717,6.177770540326921,7.475338166959327,6.159359699089833,7.260860383079473,21.52665298021747,10.3691197106515,312
17.439999999999717,6.157787612193846,7.474511981006682,6.139593340625107,7.262557133581769,21.273431520287247,10.191682941421961,312
17.459999999999717,6.137804684060771,7.473685795054036,6.120138403823401,7.26421980011197,21.020965842342886,10.014323394824936,313
17.479999999999716,6.117821755927696,7.4728596091013895,6.100365801765805,7.265887413650235,20.77070052395269,9.836963848227821,313
17.499999999999716,6.097844086031811,7.471949702578184,6.080605431896006,7.267553995530557,20.5121369573999,9.651266632029444,313
17.519999999999715,6.077914819750571,7.470269123662633,6.060957662900418,7.269211080697107,20.177185584111573,9.388818723196078,313
17.539999999999715,6.05798555346933,7.468588544747083,6.041309893904829,7.270868165863657,19.842234210823246,9.126370814362714,314
17.559999999999715,6.03805628718809,7.466907965831532,6.021662124909241,7.272525251030207,19.50728283753492,8.863922905529439,314
17.579999999999714,6.01812702090685,7.465227386915981,6.002014355913653,7.274182336196757,19.172331464246504,8.601474996695988,314
17.599999999999714,5.998197754625609,7.46354680800043,5.982366586918064,7.275839421363307,18.837380090958174,8.339027087862624,314
17.619999999999713,5.978268488344369,7.46186622908488,5.962718817922476,7.277496506529857,18.502428717669847,8.076579179029258,315
17.639999999999713,5.95845140087016,7.459268226537502,5.943259264078541,7.279137717703996,18.077002304838352,7.723024650022256,315
17.659999999999712,5.938704362173333,7.456097349260473,5.923917239040685,7.2807690165445145,17.59507978484265,7.312579630525409,315
17.679999999999712,5.918957323476505,7.452926471983444,5.90457521400283,7.282400315385033,17.113157264847032,6.902134611028654,315
17.69999999999971,5.899210284779678,7.4497555947064145,5.885233188964976,7.284031614225551,16.631234744851323,6.491689591531899,315
17.71999999999971,5.87946324608285,7.446584717429386,5.86589116392712,7.285662913066069,16.149312224855706,6.081244572035141,316
17.73999999999971,5.859716207386024,7.443413840152356,5.846549138889266,7.287294211906587,15.667389704860089,5.670799552538385,316
17.75999999999971,5.839969964927455,7.440238059882529,5.827208315061755,7.288925409437494,15.184985311812529,5.259868564953341,316
17.77999999999971,5.8202343217919665,7.436997012207994,5.8078834814436835,7.290555258360379,14.696166346117002,4.842468492628366,316
17.79999999999971,5.800498678656478,7.433755964533458,5.788558647825611,7.292185107283264,14.207347380421476,4.425068420303385,317
17.81999999999971,5.780763035520989,7.430514916858922,5.769233814207539,7.293814956206149,13.718528414725863,4.007668347978317,317
17.83999999999971,5.7610273923855,7.427273869184386,5.749908980589466,7.295444805129034,13.229709449030342,3.590268275653342,317
17.859999999999708,5.741291749250012,7.424032821509851,5.730584146971394,7.29707465405192,12.740890483334816,3.1728682033283615,317
17.879999999999708,5.721556106114523,7.420791773835315,5.711259313353321,7.298704502974805,12.252071517639292,2.7554681310033815,318
17.899999999999707,5.701820462979034,7.417550726160779,5.691934479735249,7.30033435189769,11.763252551943681,2.3380680586783127,318
17.919999999999707,5.682065539402943,7.414429580270442,5.67258046080697,7.301966662298244,11.286219311529013,1.9325531547103063,318
17.939999999999706,5.662308729594902,7.411320164536118,5.653223586639762,7.303599213508535,10.81033908478469,1.5282009930651568,318
17.959999999999706,5.64255191978686,7.408210748801793,5.633866712472554,7.305231764718825,10.33445885804027,1.1238488314199182,319
17.979999999999706,5.622795109978819,7.40510133306747,5.614509838305346,7.306864315929116,9.858578631295947,0.7194966697747645,319
17.999999999999705,5.603038300170778,7.401991917333146,5.595152964138138,7.308496867139406,9.382698404551622,0.31514450812970335,319
18.019999999999705,5.583281490362736,7.3988825015988215,5.575796089970929,7.310129418349697,8.906818177807212,0.08920765351553502,319
18.039999999999704,5.563482707235087,7.396077570097999,5.556372040233962,7.311767635121315,8.460925907354081,0.4633448943770636,320
18.059999999999704,5.543621480693705,7.3937256176597295,5.536848053872146,7.313414280508858,8.05964650953626,0.7925316091165926,320
18.079999999999703,5.5237602541523225,7.391373665221461,5.51732406751033,7.3150609258964,7.658367111718521,1.1217183238561215,320
18.099999999999703,5.503899027610941,7.389021712783191,5.497800081148514,7.316707571283944,7.257087713900612,0.934145661932804,320
18.119999999999703,5.484037801069558,7.386669760344922,5.478276094786699,7.318354216671486,6.8558083160827845,0.6485381186160744,321
18.139999999999702,5.464176574528175,7.384317807906652,5.458752108424882,7.320000862059029,6.454528918264963,0.36293057529925354,321
18.1599999999997,5.444315347986794,7.3819658554683825,5.439228122063067,7.3216475074465714,6.053249520447136,0.07732303198252163,321
18.1799999999997,5.424411738192053,7.3800632958989505,5.419624417875208,7.323300876204441,5.6963942326630645,0.16346748726808527,321
18.1999999999997,5.404460995328121,7.378660491858027,5.399932062026301,7.324961721808793,5.388941585926531,0.3544184182618461,321
18.2199999999997,5.384510252464189,7.377257687817104,5.380239706177396,7.326622567413145,5.08148893918999,0.5453693492556935,322
18.2399999999997,5.364559509600256,7.375854883776181,5.360547350328489,7.328283413017497,4.774036292453455,0.7363202802494523,322
18.2599999999997,5.344608766736323,7.374452079735257,5.3408549944795825,7.3299442586218495,4.466583645716921,0.9272712112432998,322
18.2799999999997,5.3246580238723915,7.373049275694334,5.3211626386306765,7.331605104226202,4.159130998980387,1.1182221422370606,322
18.2999999999997,5.304707281008459,7.371646471653411,5.30147028278177,7.333265949830554,3.851678352243852,1.309173073230819,323
18.3199999999997,5.284756538144526,7.370243667612487,5.281777926932864,7.334926795434906,3.5442257055073103,1.5001240042245778,323
18.339999999999698,5.264767617268076,7.369770482171751,5.261969812809878,7.336597404046902,3.329085192757423,1.5982401667586674,323
18.359999999999697,5.244769031677774,7.369532628461742,5.242132394631466,7.338270484151492,3.1373133757864426,1.6728553292817299,323
18.379999999999697,5.224770446087473,7.369294774751732,5.222294976453055,7.339943564256082,2.945541558815462,1.7474704918047919,324
18.399999999999697,5.204771860497171,7.3690569210417225,5.202457558274643,7.341616644360672,2.7537697418444815,1.8220856543278516,324
18.419999999999696,5.18477327490687,7.368819067331713,5.1826201400962315,7.3432897244652615,2.561997924873501,1.896700816850825,324
18.439999999999696,5.164774689316569,7.368581213621703,5.162782721917821,7.344962804569851,2.370226107902521,1.9713159793738875,324
18.459999999999695,5.144776103726267,7.368343359911694,5.14294530373941,7.34663588467444,2.1784542909316214,2.0459311418969492,325
18.479999999999695,5.124777518135965,7.368105506201684,5.123107885560998,7.34830896477903,1.986682473960641,1.986682473960641,325
18.499999999999694,5.104778932545664,7.367867652491674,5.103270467382587,7.34998204488362,1.7949106569896605,1.7949106569896605,325
18.519999999999694,5.084781217287122,7.367700049479292,5.0834280303197,7.351655548278967,1.6101463714085835,1.6101463714085835,325
18.539999999999694,5.06479466236187,7.3684332767427305,5.063521235702535,7.353334479565317,1.5152402174618618,1.5152402174618618,326
18.559999999999693,5.044808107436618,7.369166504006169,5.04361444108537,7.355013410851666,1.4203340635151405,1.4203340635151405,326
18.579999999999693,5.024821552511365,7.369899731269608,5.023707646468204,7.3566923421380155,1.325427909568419,1.325427909568419,326
18.599999999999692,5.004834997586113,7.370632958533046,5.0038008518510395,7.358371273424365,1.2305217556216976,1.2305217556216976,326
18.619999999999692,4.98484844266086,7.371366185796485,4.983894057233874,7.360050204710714,1.135615601674976,1.135615601674976,327
18.63999999999969,4.9648618877356085,7.372099413059923,4.963987262616709,7.361729135997064,1.0407094477281662,1.0407094477281662,327
18.65999999999969,4.944882783394447,7.372956585213233,4.944077486329139,7.363408318756331,0.9582165501356411,0.9582165501356411,327
18.67999999999969,4.924952315460994,7.374622852884888,4.924148246099458,7.365089143096878,0.9567557152176215,0.9567557152176215,327
18.69999999999969,4.905021847527541,7.376289120556543,4.904219005869775,7.366769967437424,0.955294880299698,0.955294880299698,328
18.71999999999969,4.885091379594089,7.377955388228199,4.884289765640094,7.3684507917779705,0.9538340453817669,0.9538340453817669,328
18.73999999999969,4.865160911660636,7.379621655899855,4.864360525410413,7.370131616118517,0.9523732104638357,0.9523732104638357,328
18.75999999999969,4.845230443727184,7.381287923571509,4.8444312851807325,7.371812440459063,0.9509123755458161,0.9509123755458161,329
18.77999999999969,4.8252999757937305,7.382954191243165,4.82450204495105,7.37349326479961,0.9494515406278924,0.9494515406278924,329
18.799999999999688,4.805369507860278,7.384620458914821,4.804572804721369,7.375174089140156,0.9479907057099612,0.9479907057099612,329
18.819999999999688,4.785434205249783,7.386227295802174,4.7846437409287645,7.376854898600068,0.9405671861001946,0.9405671861001946,330
18.839999999999687,4.7654964753070805,7.3878042944489275,4.764714765719408,7.378535700588904,0.9301499987718689,0.9301499987718689,330
18.859999999999687,4.745558745364377,7.389381293095681,4.7447857905100514,7.380216502577739,0.9197328114435432,0.9197328114435432,330
18.879999999999686,4.725620461953458,7.390950520831984,4.724856916508126,7.38189729603078,0.9085366307872415,0.8514617462139458,331
18.899999999999686,4.705660484803369,7.392215159977318,4.704932009432461,7.383577754914808,0.8668070291586939,0.7757780321417238,331
18.919999999999686,4.68570050765328,7.393479799122652,4.6850071023567965,7.385258213798836,0.8250774275301461,0.7000943180694995,331
18.939999999999685,4.665740530503191,7.394744438267986,4.6650821952811325,7.386938672682865,0.7833478259015023,0.6244106039972751,332
18.959999999999685,4.645780553353101,7.3960090774133205,4.645157288205467,7.388619131566893,0.741618224273043,0.5487268899249621,332
18.979999999999684,4.6258205762030125,7.397273716558654,4.625232381129803,7.390299590450921,0.6998886226444878,0.4730431758527401,332
18.999999999999684,4.605871644035348,7.398701786074581,4.605304754725953,7.391980278682026,0.6745370643432556,0.3809936291018582,333
19.019999999999683,4.585923009414388,7.400134258328905,4.585377055064663,7.393660973091635,0.6496267229343355,0.2885031944078615,333
19.039999999999683,4.565974374793428,7.401566730583229,4.5654493554033735,7.3953416675012456,0.6247163815253343,0.19601275971386478,334
19.059999999999683,4.546009236941369,7.4027292388415855,4.545527876916739,7.397021837219413,0.5727664510957735,0.13055195271978434,334
19.079999999999682,4.5260346588734635,7.40373732167999,4.525609957080603,7.398701706802388,0.505349273358351,0.08055269493607127,335
19.09999999999968,4.506065472222979,7.404843861064961,4.505689145445049,7.4003818202785965,0.4477882292219103,0.020697258886503405,335
19.11999999999968,4.4860978003994445,7.405969797923569,4.485768213516754,7.4020619439002475,0.3921728009542486,0.04110114846084715,336
19.13999999999968,4.466128909824525,7.407039954134888,4.4658507427353635,7.403741775610119,0.3309887990663088,0.012431223995527183,337
19.15999999999968,4.447842650994594,7.407563601575488,4.447649786178275,7.405276837180446,0.22948830549303342,0.10318336636412843,337
19.17999999999968,4.4284061021147245,7.408271219030023,4.4282912576182465,7.406909527921581,0.13665254967180904,0.13665254967180904,338
19.18221948711391,4.426192190294476,7.408410943706583,4.42627,7.40708,0.1333216224161572,0.1333216224161572,338
